Definiere: Marke	"Ein Zeichen, das geeignet ist, Waren oder Dienstleistungen eines Unternehmens von denjenigen anderer Unternehmen zu unterscheiden (<a href=""https://www.gesetze-im-internet.de/markeng/__3.html"" target=""_blank"" rel=""noopener"" class=""lawlink"">§ 3 Abs. 1 MarkenG</a>). Schutz entsteht durch Eintragung, Verkehrsgeltung oder notorische Bekanntheit (<a href=""https://www.gesetze-im-internet.de/markeng/__4.html"" target=""_blank"" rel=""noopener"" class=""lawlink"">§ 4 MarkenG</a>).<br><br>Normen: <a href=""https://www.gesetze-im-internet.de/markeng/__1.html"" target=""_blank"" rel=""noopener"" class=""lawlink"">§ 1</a>, <a href=""https://www.gesetze-im-internet.de/markeng/__3.html"" target=""_blank"" rel=""noopener"" class=""lawlink"">§ 3</a>, <a href=""https://www.gesetze-im-internet.de/markeng/__4.html"" target=""_blank"" rel=""noopener"" class=""lawlink"">§ 4 MarkenG</a>"	Begriff Grundlagen
"Welcher Begriff wird so definiert?<br><br>Ein Zeichen, das geeignet ist, Waren oder Dienstleistungen eines Unternehmens von denjenigen anderer Unternehmen zu unterscheiden (<a href=""https://www.gesetze-im-internet.de/markeng/__3.html"" target=""_blank"" rel=""noopener"" class=""lawlink"">§ 3 Abs. 1 MarkenG</a>). Schutz entsteht durch Eintragung, Verkehrsgeltung oder notorische Bekanntheit (<a href=""https://www.gesetze-im-internet.de/markeng/__4.html"" target=""_blank"" rel=""noopener"" class=""lawlink"">§ 4 MarkenG</a>)."	Marke	Begriff Umkehr Grundlagen
Definiere: Funktionen der Marke	"Hauptfunktion ist die Herkunftsfunktion (Garantie der Ursprungsidentität). Daneben schützt der EuGH die Qualitäts- (Garantie-), Kommunikations-, Investitions- und Werbefunktion.<br><br>Normen: <a href=""https://www.gesetze-im-internet.de/markeng/__14.html"" target=""_blank"" rel=""noopener"" class=""lawlink"">§ 14 Abs. 2 MarkenG</a><br><br>Rechtsprechung: EuGH Arsenal Football Club (C-206/01); EuGH L'Oréal/Bellure (C-487/07); EuGH Interflora/Marks & Spencer (C-323/09); BGH Opel-Blitz II (I ZR 88/08)"	Begriff Grundlagen
Welcher Begriff wird so definiert?<br><br>Hauptfunktion ist die Herkunftsfunktion (Garantie der Ursprungsidentität). Daneben schützt der EuGH die Qualitäts- (Garantie-), Kommunikations-, Investitions- und Werbefunktion.	Funktionen der Marke	Begriff Umkehr Grundlagen
Definiere: Herkunftsfunktion	"Die Hauptfunktion der Marke: Sie garantiert dem Verbraucher die Ursprungsidentität der gekennzeichneten Ware oder Dienstleistung, indem sie ihm ermöglicht, diese ohne Verwechslungsgefahr von Waren anderer Herkunft zu unterscheiden.<br><br>Normen: <a href=""https://www.gesetze-im-internet.de/markeng/__3.html"" target=""_blank"" rel=""noopener"" class=""lawlink"">§ 3 Abs. 1</a>, <a href=""https://www.gesetze-im-internet.de/markeng/__8.html"" target=""_blank"" rel=""noopener"" class=""lawlink"">§ 8 Abs. 2 Nr. 1</a>, <a href=""https://www.gesetze-im-internet.de/markeng/__14.html"" target=""_blank"" rel=""noopener"" class=""lawlink"">§ 14 Abs. 2 MarkenG</a><br><br>Rechtsprechung: EuGH Arsenal Football Club (C-206/01); BGH Opel-Blitz II (I ZR 88/08); EuGH Google France und Google (C-236/08 bis C-238/08); EuGH Adam Opel/Autec (C-48/05)"	Begriff Grundlagen
Welcher Begriff wird so definiert?<br><br>Die Hauptfunktion der Marke: Sie garantiert dem Verbraucher die Ursprungsidentität der gekennzeichneten Ware oder Dienstleistung, indem sie ihm ermöglicht, diese ohne Verwechslungsgefahr von Waren anderer Herkunft zu unterscheiden.	Herkunftsfunktion	Begriff Umkehr Grundlagen
"Definiere: Entstehung des Markenschutzes (<a href=""https://www.gesetze-im-internet.de/markeng/__4.html"" target=""_blank"" rel=""noopener"" class=""lawlink"">§ 4</a>)"	"Markenschutz entsteht (1) durch Eintragung in das Register des DPMA (<a href=""https://www.gesetze-im-internet.de/markeng/__4.html"" target=""_blank"" rel=""noopener"" class=""lawlink"">§ 4 Nr. 1</a>), (2) durch Benutzung im geschäftlichen Verkehr mit Verkehrsgeltung innerhalb der beteiligten Verkehrskreise (<a href=""https://www.gesetze-im-internet.de/markeng/__4.html"" target=""_blank"" rel=""noopener"" class=""lawlink"">§ 4 Nr. 2</a>, Benutzungsmarke) oder (3) durch notorische Bekanntheit i.S.d. Art. 6bis PVÜ (<a href=""https://www.gesetze-im-internet.de/markeng/__4.html"" target=""_blank"" rel=""noopener"" class=""lawlink"">§ 4 Nr. 3</a>).<br><br>Normen: <a href=""https://www.gesetze-im-internet.de/markeng/__4.html"" target=""_blank"" rel=""noopener"" class=""lawlink"">§ 4</a>, <a href=""https://www.gesetze-im-internet.de/markeng/__6.html"" target=""_blank"" rel=""noopener"" class=""lawlink"">§ 6 MarkenG</a>"	Begriff Grundlagen
"Welcher Begriff wird so definiert?<br><br>Markenschutz entsteht (1) durch Eintragung in das Register des DPMA (<a href=""https://www.gesetze-im-internet.de/markeng/__4.html"" target=""_blank"" rel=""noopener"" class=""lawlink"">§ 4 Nr. 1</a>), (2) durch Benutzung im geschäftlichen Verkehr mit Verkehrsgeltung innerhalb der beteiligten Verkehrskreise (<a href=""https://www.gesetze-im-internet.de/markeng/__4.html"" target=""_blank"" rel=""noopener"" class=""lawlink"">§ 4 Nr. 2</a>, Benutzungsmarke) oder (3) durch notorische Bekanntheit i.S.d. Art. 6bis PVÜ (<a href=""https://www.gesetze-im-internet.de/markeng/__4.html"" target=""_blank"" rel=""noopener"" class=""lawlink"">§ 4 Nr. 3</a>)."	"Entstehung des Markenschutzes (<a href=""https://www.gesetze-im-internet.de/markeng/__4.html"" target=""_blank"" rel=""noopener"" class=""lawlink"">§ 4</a>)"	Begriff Umkehr Grundlagen
Definiere: Vorrang und Zeitrang (Prioritätsprinzip)	"Bei der Kollision von Kennzeichenrechten hat das Recht mit dem älteren Zeitrang Vorrang (<a href=""https://www.gesetze-im-internet.de/markeng/__6.html"" target=""_blank"" rel=""noopener"" class=""lawlink"">§ 6 Abs. 1</a>). Zeitrang der Registermarke ist der Anmeldetag (<a href=""https://www.gesetze-im-internet.de/markeng/__6.html"" target=""_blank"" rel=""noopener"" class=""lawlink"">§ 6 Abs. 2</a> i.V.m. <a href=""https://www.gesetze-im-internet.de/markeng/__33.html"" target=""_blank"" rel=""noopener"" class=""lawlink"">§ 33 Abs. 1</a>), ggf. der Prioritätstag (§§ <a href=""https://www.gesetze-im-internet.de/markeng/__34.html"" target=""_blank"" rel=""noopener"" class=""lawlink"">34</a>, <a href=""https://www.gesetze-im-internet.de/markeng/__35.html"" target=""_blank"" rel=""noopener"" class=""lawlink"">35</a>); bei sonstigen Rechten der Zeitpunkt des Rechtserwerbs (<a href=""https://www.gesetze-im-internet.de/markeng/__6.html"" target=""_blank"" rel=""noopener"" class=""lawlink"">§ 6 Abs. 3</a>). Bei gleichem Zeitrang: Koexistenz (<a href=""https://www.gesetze-im-internet.de/markeng/__6.html"" target=""_blank"" rel=""noopener"" class=""lawlink"">§ 6 Abs. 4</a>).<br><br>Normen: <a href=""https://www.gesetze-im-internet.de/markeng/__6.html"" target=""_blank"" rel=""noopener"" class=""lawlink"">§ 6</a>, <a href=""https://www.gesetze-im-internet.de/markeng/__33.html"" target=""_blank"" rel=""noopener"" class=""lawlink"">§ 33</a>, <a href=""https://www.gesetze-im-internet.de/markeng/__34.html"" target=""_blank"" rel=""noopener"" class=""lawlink"">§ 34</a>, <a href=""https://www.gesetze-im-internet.de/markeng/__35.html"" target=""_blank"" rel=""noopener"" class=""lawlink"">§ 35 MarkenG</a><br><br>Rechtsprechung: BGH Baumann II (I ZR 241/14)"	Begriff Grundlagen
"Welcher Begriff wird so definiert?<br><br>Bei der Kollision von Kennzeichenrechten hat das Recht mit dem älteren Zeitrang Vorrang (<a href=""https://www.gesetze-im-internet.de/markeng/__6.html"" target=""_blank"" rel=""noopener"" class=""lawlink"">§ 6 Abs. 1</a>). Zeitrang der Registermarke ist der Anmeldetag (<a href=""https://www.gesetze-im-internet.de/markeng/__6.html"" target=""_blank"" rel=""noopener"" class=""lawlink"">§ 6 Abs. 2</a> i.V.m. <a href=""https://www.gesetze-im-internet.de/markeng/__33.html"" target=""_blank"" rel=""noopener"" class=""lawlink"">§ 33 Abs. 1</a>), ggf. der Prioritätstag (§§ <a href=""https://www.gesetze-im-internet.de/markeng/__34.html"" target=""_blank"" rel=""noopener"" class=""lawlink"">34</a>, <a href=""https://www.gesetze-im-internet.de/markeng/__35.html"" target=""_blank"" rel=""noopener"" class=""lawlink"">35</a>); bei sonstigen Rechten der Zeitpunkt des Rechtserwerbs (<a href=""https://www.gesetze-im-internet.de/markeng/__6.html"" target=""_blank"" rel=""noopener"" class=""lawlink"">§ 6 Abs. 3</a>). Bei gleichem Zeitrang: Koexistenz (<a href=""https://www.gesetze-im-internet.de/markeng/__6.html"" target=""_blank"" rel=""noopener"" class=""lawlink"">§ 6 Abs. 4</a>)."	Vorrang und Zeitrang (Prioritätsprinzip)	Begriff Umkehr Grundlagen
"Definiere: Markenfähigkeit (<a href=""https://www.gesetze-im-internet.de/markeng/__3.html"" target=""_blank"" rel=""noopener"" class=""lawlink"">§ 3 Abs. 1</a>)"	"Abstrakte Eignung eines Zeichens, Waren oder Dienstleistungen eines Unternehmens von denen anderer Unternehmen zu unterscheiden (abstrakte Unterscheidungseignung). Alle Zeichenarten kommen in Betracht, insbes. Wörter, Abbildungen, Buchstaben, Zahlen, Klänge, dreidimensionale Gestaltungen, Farben.<br><br>Normen: <a href=""https://www.gesetze-im-internet.de/markeng/__3.html"" target=""_blank"" rel=""noopener"" class=""lawlink"">§ 3 Abs. 1 MarkenG</a><br><br>Rechtsprechung: EuGH Libertel (C-104/01)"	Begriff Schutzvoraussetzungen
Welcher Begriff wird so definiert?<br><br>Abstrakte Eignung eines Zeichens, Waren oder Dienstleistungen eines Unternehmens von denen anderer Unternehmen zu unterscheiden (abstrakte Unterscheidungseignung). Alle Zeichenarten kommen in Betracht, insbes. Wörter, Abbildungen, Buchstaben, Zahlen, Klänge, dreidimensionale Gestaltungen, Farben.	"Markenfähigkeit (<a href=""https://www.gesetze-im-internet.de/markeng/__3.html"" target=""_blank"" rel=""noopener"" class=""lawlink"">§ 3 Abs. 1</a>)"	Begriff Umkehr Schutzvoraussetzungen
"Definiere: Formausschluss (<a href=""https://www.gesetze-im-internet.de/markeng/__3.html"" target=""_blank"" rel=""noopener"" class=""lawlink"">§ 3 Abs. 2</a>)"	"Nicht markenfähig sind Zeichen, die ausschließlich aus Formen oder anderen charakteristischen Merkmalen bestehen, die (1) durch die Art der Ware selbst bedingt sind, (2) zur Erreichung einer technischen Wirkung erforderlich sind oder (3) der Ware einen wesentlichen Wert verleihen.<br><br>Normen: <a href=""https://www.gesetze-im-internet.de/markeng/__3.html"" target=""_blank"" rel=""noopener"" class=""lawlink"">§ 3 Abs. 2 MarkenG</a><br><br>Rechtsprechung: BGH Quadratische Tafelschokoladenverpackung II (I ZB 42/19); BGH Bodendübel (I ZB 105/16); BGH Traubenzuckertäfelchen (I ZB 3/17); EuGH Philips/Remington (C-299/99)"	Begriff Schutzvoraussetzungen
Welcher Begriff wird so definiert?<br><br>Nicht markenfähig sind Zeichen, die ausschließlich aus Formen oder anderen charakteristischen Merkmalen bestehen, die (1) durch die Art der Ware selbst bedingt sind, (2) zur Erreichung einer technischen Wirkung erforderlich sind oder (3) der Ware einen wesentlichen Wert verleihen.	"Formausschluss (<a href=""https://www.gesetze-im-internet.de/markeng/__3.html"" target=""_blank"" rel=""noopener"" class=""lawlink"">§ 3 Abs. 2</a>)"	Begriff Umkehr Schutzvoraussetzungen
Definiere: Formmarke / dreidimensionale Marke	"Marke, die aus der dreidimensionalen Gestaltung der Ware selbst oder ihrer Verpackung besteht (<a href=""https://www.gesetze-im-internet.de/markeng/__3.html"" target=""_blank"" rel=""noopener"" class=""lawlink"">§ 3 Abs. 1</a>). Sie unterliegt dem Formausschluss des <a href=""https://www.gesetze-im-internet.de/markeng/__3.html"" target=""_blank"" rel=""noopener"" class=""lawlink"">§ 3 Abs. 2</a> und strengen Anforderungen an die Unterscheidungskraft.<br><br>Normen: <a href=""https://www.gesetze-im-internet.de/markeng/__3.html"" target=""_blank"" rel=""noopener"" class=""lawlink"">§ 3 Abs. 1</a>, <a href=""https://www.gesetze-im-internet.de/markeng/__3.html"" target=""_blank"" rel=""noopener"" class=""lawlink"">§ 3 Abs. 2</a>, <a href=""https://www.gesetze-im-internet.de/markeng/__8.html"" target=""_blank"" rel=""noopener"" class=""lawlink"">§ 8 Abs. 2 Nr. 1 MarkenG</a><br><br>Rechtsprechung: BGH ROCHER-Kugel (I ZB 88/07); BGH Quadratische Tafelschokoladenverpackung II (I ZB 42/19); BGH Bodendübel (I ZB 105/16); BGH Traubenzuckertäfelchen (I ZB 3/17)"	Begriff Markenformen
"Welcher Begriff wird so definiert?<br><br>Marke, die aus der dreidimensionalen Gestaltung der Ware selbst oder ihrer Verpackung besteht (<a href=""https://www.gesetze-im-internet.de/markeng/__3.html"" target=""_blank"" rel=""noopener"" class=""lawlink"">§ 3 Abs. 1</a>). Sie unterliegt dem Formausschluss des <a href=""https://www.gesetze-im-internet.de/markeng/__3.html"" target=""_blank"" rel=""noopener"" class=""lawlink"">§ 3 Abs. 2</a> und strengen Anforderungen an die Unterscheidungskraft."	Formmarke / dreidimensionale Marke	Begriff Umkehr Markenformen
Definiere: Abstrakte Farbmarke	"Marke, die aus einer Farbe oder Farbkombination ohne räumliche Begrenzung besteht. Markenfähig, wenn die Farbe eindeutig bestimmt ist (Farbcode). Originäre Unterscheidungskraft nur ausnahmsweise; regelmäßig Eintragung nur über Verkehrsdurchsetzung.<br><br>Normen: <a href=""https://www.gesetze-im-internet.de/markeng/__3.html"" target=""_blank"" rel=""noopener"" class=""lawlink"">§ 3 Abs. 1</a>, <a href=""https://www.gesetze-im-internet.de/markeng/__8.html"" target=""_blank"" rel=""noopener"" class=""lawlink"">§ 8 Abs. 1</a>, <a href=""https://www.gesetze-im-internet.de/markeng/__8.html"" target=""_blank"" rel=""noopener"" class=""lawlink"">§ 8 Abs. 3 MarkenG</a><br><br>Rechtsprechung: EuGH Libertel (C-104/01); BGH Langenscheidt-Gelb (I ZB 61/13); BGH Nivea-Blau (I ZB 65/13); BGH Sparkassen-Rot (I ZB 52/15)"	Begriff Markenformen
Welcher Begriff wird so definiert?<br><br>Marke, die aus einer Farbe oder Farbkombination ohne räumliche Begrenzung besteht. Markenfähig, wenn die Farbe eindeutig bestimmt ist (Farbcode). Originäre Unterscheidungskraft nur ausnahmsweise; regelmäßig Eintragung nur über Verkehrsdurchsetzung.	Abstrakte Farbmarke	Begriff Umkehr Markenformen
"Definiere: Darstellbarkeit im Register (<a href=""https://www.gesetze-im-internet.de/markeng/__8.html"" target=""_blank"" rel=""noopener"" class=""lawlink"">§ 8 Abs. 1</a>)"	"Von der Eintragung ausgeschlossen sind Zeichen, die nicht geeignet sind, in dem Register so dargestellt zu werden, dass die zuständigen Behörden und das Publikum den Gegenstand des Schutzes klar und eindeutig bestimmen können.<br><br>Normen: <a href=""https://www.gesetze-im-internet.de/markeng/__8.html"" target=""_blank"" rel=""noopener"" class=""lawlink"">§ 8 Abs. 1</a>, <a href=""https://www.gesetze-im-internet.de/markeng/__32.html"" target=""_blank"" rel=""noopener"" class=""lawlink"">§ 32 MarkenG</a><br><br>Rechtsprechung: EuGH Libertel (C-104/01)"	Begriff Schutzvoraussetzungen
Welcher Begriff wird so definiert?<br><br>Von der Eintragung ausgeschlossen sind Zeichen, die nicht geeignet sind, in dem Register so dargestellt zu werden, dass die zuständigen Behörden und das Publikum den Gegenstand des Schutzes klar und eindeutig bestimmen können.	"Darstellbarkeit im Register (<a href=""https://www.gesetze-im-internet.de/markeng/__8.html"" target=""_blank"" rel=""noopener"" class=""lawlink"">§ 8 Abs. 1</a>)"	Begriff Umkehr Schutzvoraussetzungen
"Definiere: Absolute Schutzhindernisse (<a href=""https://www.gesetze-im-internet.de/markeng/__8.html"" target=""_blank"" rel=""noopener"" class=""lawlink"">§ 8 Abs. 2</a>)"	"Eintragungshindernisse, die im Allgemeininteresse (nicht im Interesse einzelner Rechtsinhaber) bestehen und vom DPMA von Amts wegen geprüft werden (<a href=""https://www.gesetze-im-internet.de/markeng/__37.html"" target=""_blank"" rel=""noopener"" class=""lawlink"">§ 37</a>): u.a. fehlende Unterscheidungskraft (Nr. 1), Freihaltebedürfnis (Nr. 2), üblich gewordene Bezeichnungen (Nr. 3), Täuschungseignung (Nr. 4), Verstoß gegen öffentliche Ordnung/gute Sitten (Nr. 5), Hoheitszeichen (Nr. 6-8), geschützte Herkunftsangaben u.a. (Nr. 9-13), Bösgläubigkeit (Nr. 14).<br><br>Normen: <a href=""https://www.gesetze-im-internet.de/markeng/__8.html"" target=""_blank"" rel=""noopener"" class=""lawlink"">§ 8 Abs. 2</a>, <a href=""https://www.gesetze-im-internet.de/markeng/__37.html"" target=""_blank"" rel=""noopener"" class=""lawlink"">§ 37</a>, <a href=""https://www.gesetze-im-internet.de/markeng/__50.html"" target=""_blank"" rel=""noopener"" class=""lawlink"">§ 50 MarkenG</a><br><br>Rechtsprechung: BGH smartbook (I ZB 59/12); BGH Black Friday (I ZB 21/20)"	Begriff Schutzvoraussetzungen
"Welcher Begriff wird so definiert?<br><br>Eintragungshindernisse, die im Allgemeininteresse (nicht im Interesse einzelner Rechtsinhaber) bestehen und vom DPMA von Amts wegen geprüft werden (<a href=""https://www.gesetze-im-internet.de/markeng/__37.html"" target=""_blank"" rel=""noopener"" class=""lawlink"">§ 37</a>): u.a. fehlende Unterscheidungskraft (Nr. 1), Freihaltebedürfnis (Nr. 2), üblich gewordene Bezeichnungen (Nr. 3), Täuschungseignung (Nr. 4), Verstoß gegen öffentliche Ordnung/gute Sitten (Nr. 5), Hoheitszeichen (Nr. 6-8), geschützte Herkunftsangaben u.a. (Nr. 9-13), Bösgläubigkeit (Nr. 14)."	"Absolute Schutzhindernisse (<a href=""https://www.gesetze-im-internet.de/markeng/__8.html"" target=""_blank"" rel=""noopener"" class=""lawlink"">§ 8 Abs. 2</a>)"	Begriff Umkehr Schutzvoraussetzungen
"Definiere: Unterscheidungskraft (<a href=""https://www.gesetze-im-internet.de/markeng/__8.html"" target=""_blank"" rel=""noopener"" class=""lawlink"">§ 8 Abs. 2 Nr. 1</a>)"	"Die einer Marke innewohnende (konkrete) Eignung, vom Verkehr als Unterscheidungsmittel aufgefasst zu werden, das die beanspruchten Waren oder Dienstleistungen als von einem bestimmten Unternehmen stammend kennzeichnet und von denen anderer Unternehmen unterscheidet.<br><br>Normen: <a href=""https://www.gesetze-im-internet.de/markeng/__8.html"" target=""_blank"" rel=""noopener"" class=""lawlink"">§ 8 Abs. 2 Nr. 1</a>, <a href=""https://www.gesetze-im-internet.de/markeng/__8.html"" target=""_blank"" rel=""noopener"" class=""lawlink"">§ 8 Abs. 3 MarkenG</a><br><br>Rechtsprechung: BGH HOT (I ZB 3/13); BGH Link economy (I ZB 56/09); BGH #darferdas? II (I ZB 61/17); EuGH AS/DPMA (#darferdas?) (C-541/18)"	Begriff Schutzvoraussetzungen
Welcher Begriff wird so definiert?<br><br>Die einer Marke innewohnende (konkrete) Eignung, vom Verkehr als Unterscheidungsmittel aufgefasst zu werden, das die beanspruchten Waren oder Dienstleistungen als von einem bestimmten Unternehmen stammend kennzeichnet und von denen anderer Unternehmen unterscheidet.	"Unterscheidungskraft (<a href=""https://www.gesetze-im-internet.de/markeng/__8.html"" target=""_blank"" rel=""noopener"" class=""lawlink"">§ 8 Abs. 2 Nr. 1</a>)"	Begriff Umkehr Schutzvoraussetzungen
Definiere: Berücksichtigung der Verwendungsformen	"Bei der Prüfung der Unterscheidungskraft sind alle wahrscheinlichen und praktisch bedeutsamen Verwendungsarten des Zeichens in der betreffenden Branche zu berücksichtigen; nur wenn eine einzige Verwendungsart praktisch bedeutsam ist, darf die Prüfung auf diese beschränkt werden.<br><br>Normen: <a href=""https://www.gesetze-im-internet.de/markeng/__8.html"" target=""_blank"" rel=""noopener"" class=""lawlink"">§ 8 Abs. 2 Nr. 1 MarkenG</a><br><br>Rechtsprechung: EuGH AS/DPMA (#darferdas?) (C-541/18); BGH #darferdas? II (I ZB 61/17); BGH Marlene-Dietrich-Bildnis II (I ZB 62/09)"	Begriff Schutzvoraussetzungen
Welcher Begriff wird so definiert?<br><br>Bei der Prüfung der Unterscheidungskraft sind alle wahrscheinlichen und praktisch bedeutsamen Verwendungsarten des Zeichens in der betreffenden Branche zu berücksichtigen; nur wenn eine einzige Verwendungsart praktisch bedeutsam ist, darf die Prüfung auf diese beschränkt werden.	Berücksichtigung der Verwendungsformen	Begriff Umkehr Schutzvoraussetzungen
"Definiere: Freihaltebedürfnis / beschreibende Angaben (<a href=""https://www.gesetze-im-internet.de/markeng/__8.html"" target=""_blank"" rel=""noopener"" class=""lawlink"">§ 8 Abs. 2 Nr. 2</a>)"	"Von der Eintragung ausgeschlossen sind Zeichen, die ausschließlich aus Angaben bestehen, die im Verkehr zur Bezeichnung der Art, Beschaffenheit, Menge, Bestimmung, des Wertes, der geographischen Herkunft, der Zeit der Herstellung oder sonstiger Merkmale der Waren/Dienstleistungen dienen können.<br><br>Normen: <a href=""https://www.gesetze-im-internet.de/markeng/__8.html"" target=""_blank"" rel=""noopener"" class=""lawlink"">§ 8 Abs. 2 Nr. 2</a>, <a href=""https://www.gesetze-im-internet.de/markeng/__8.html"" target=""_blank"" rel=""noopener"" class=""lawlink"">§ 8 Abs. 3 MarkenG</a><br><br>Rechtsprechung: BGH Black Friday (I ZB 21/20); EuGH Windsurfing Chiemsee (C-108/97); BGH HOT (I ZB 3/13); BGH marktfrisch (I ZB 42/98)"	Begriff Schutzvoraussetzungen
Welcher Begriff wird so definiert?<br><br>Von der Eintragung ausgeschlossen sind Zeichen, die ausschließlich aus Angaben bestehen, die im Verkehr zur Bezeichnung der Art, Beschaffenheit, Menge, Bestimmung, des Wertes, der geographischen Herkunft, der Zeit der Herstellung oder sonstiger Merkmale der Waren/Dienstleistungen dienen können.	"Freihaltebedürfnis / beschreibende Angaben (<a href=""https://www.gesetze-im-internet.de/markeng/__8.html"" target=""_blank"" rel=""noopener"" class=""lawlink"">§ 8 Abs. 2 Nr. 2</a>)"	Begriff Umkehr Schutzvoraussetzungen
"Definiere: Üblich gewordene Bezeichnungen (<a href=""https://www.gesetze-im-internet.de/markeng/__8.html"" target=""_blank"" rel=""noopener"" class=""lawlink"">§ 8 Abs. 2 Nr. 3</a>)"	"Ausgeschlossen sind Zeichen, die im allgemeinen Sprachgebrauch oder in den redlichen und ständigen Verkehrsgepflogenheiten zur Bezeichnung der Waren oder Dienstleistungen üblich geworden sind (Gattungsbezeichnungen, Freizeichen).<br><br>Normen: <a href=""https://www.gesetze-im-internet.de/markeng/__8.html"" target=""_blank"" rel=""noopener"" class=""lawlink"">§ 8 Abs. 2 Nr. 3</a>, <a href=""https://www.gesetze-im-internet.de/markeng/__49.html"" target=""_blank"" rel=""noopener"" class=""lawlink"">§ 49 Abs. 2 Nr. 1 MarkenG</a><br><br>Rechtsprechung: BGH TÜV II (I ZR 108/09)"	Begriff Schutzvoraussetzungen
Welcher Begriff wird so definiert?<br><br>Ausgeschlossen sind Zeichen, die im allgemeinen Sprachgebrauch oder in den redlichen und ständigen Verkehrsgepflogenheiten zur Bezeichnung der Waren oder Dienstleistungen üblich geworden sind (Gattungsbezeichnungen, Freizeichen).	"Üblich gewordene Bezeichnungen (<a href=""https://www.gesetze-im-internet.de/markeng/__8.html"" target=""_blank"" rel=""noopener"" class=""lawlink"">§ 8 Abs. 2 Nr. 3</a>)"	Begriff Umkehr Schutzvoraussetzungen
"Definiere: Täuschungseignung (<a href=""https://www.gesetze-im-internet.de/markeng/__8.html"" target=""_blank"" rel=""noopener"" class=""lawlink"">§ 8 Abs. 2 Nr. 4</a>)"	"Ausgeschlossen sind Zeichen, die geeignet sind, das Publikum insbesondere über die Art, die Beschaffenheit oder die geographische Herkunft der Waren oder Dienstleistungen zu täuschen.<br><br>Normen: <a href=""https://www.gesetze-im-internet.de/markeng/__8.html"" target=""_blank"" rel=""noopener"" class=""lawlink"">§ 8 Abs. 2 Nr. 4</a>, <a href=""https://www.gesetze-im-internet.de/markeng/__37.html"" target=""_blank"" rel=""noopener"" class=""lawlink"">§ 37 Abs. 3</a>, <a href=""https://www.gesetze-im-internet.de/markeng/__49.html"" target=""_blank"" rel=""noopener"" class=""lawlink"">§ 49 Abs. 2 Nr. 2 MarkenG</a>"	Begriff Schutzvoraussetzungen
Welcher Begriff wird so definiert?<br><br>Ausgeschlossen sind Zeichen, die geeignet sind, das Publikum insbesondere über die Art, die Beschaffenheit oder die geographische Herkunft der Waren oder Dienstleistungen zu täuschen.	"Täuschungseignung (<a href=""https://www.gesetze-im-internet.de/markeng/__8.html"" target=""_blank"" rel=""noopener"" class=""lawlink"">§ 8 Abs. 2 Nr. 4</a>)"	Begriff Umkehr Schutzvoraussetzungen
"Definiere: Bösgläubige Markenanmeldung (<a href=""https://www.gesetze-im-internet.de/markeng/__8.html"" target=""_blank"" rel=""noopener"" class=""lawlink"">§ 8 Abs. 2 Nr. 14</a>)"	"Eine Anmeldung ist bösgläubig, wenn der Anmelder das Zeichen nicht zur Förderung des eigenen Absatzes, sondern rechtsmissbräuchlich oder sittenwidrig anmeldet, insbesondere um einen schutzwürdigen Besitzstand eines Vorbenutzers zu stören, Dritte zu behindern (Sperrmarke) oder Lizenzgebühren zu erpressen (Hinterhaltsmarke).<br><br>Normen: <a href=""https://www.gesetze-im-internet.de/markeng/__8.html"" target=""_blank"" rel=""noopener"" class=""lawlink"">§ 8 Abs. 2 Nr. 14</a>, <a href=""https://www.gesetze-im-internet.de/markeng/__37.html"" target=""_blank"" rel=""noopener"" class=""lawlink"">§ 37 Abs. 3</a>, <a href=""https://www.gesetze-im-internet.de/markeng/__50.html"" target=""_blank"" rel=""noopener"" class=""lawlink"">§ 50 MarkenG</a><br><br>Rechtsprechung: BGH GLÜCKSPILZ (I ZB 69/14); BGH EROS (I ZR 190/05); BGH Ivadal (I ZB 8/06)"	Begriff Schutzvoraussetzungen
Welcher Begriff wird so definiert?<br><br>Eine Anmeldung ist bösgläubig, wenn der Anmelder das Zeichen nicht zur Förderung des eigenen Absatzes, sondern rechtsmissbräuchlich oder sittenwidrig anmeldet, insbesondere um einen schutzwürdigen Besitzstand eines Vorbenutzers zu stören, Dritte zu behindern (Sperrmarke) oder Lizenzgebühren zu erpressen (Hinterhaltsmarke).	"Bösgläubige Markenanmeldung (<a href=""https://www.gesetze-im-internet.de/markeng/__8.html"" target=""_blank"" rel=""noopener"" class=""lawlink"">§ 8 Abs. 2 Nr. 14</a>)"	Begriff Umkehr Schutzvoraussetzungen
"Definiere: Verkehrsdurchsetzung (<a href=""https://www.gesetze-im-internet.de/markeng/__8.html"" target=""_blank"" rel=""noopener"" class=""lawlink"">§ 8 Abs. 3</a>)"	"Die Schutzhindernisse des <a href=""https://www.gesetze-im-internet.de/markeng/__8.html"" target=""_blank"" rel=""noopener"" class=""lawlink"">§ 8 Abs. 2 Nr. 1</a>, 2 und 3 finden keine Anwendung, wenn die Marke sich vor dem Anmeldetag infolge ihrer Benutzung für die Waren oder Dienstleistungen in den beteiligten Verkehrskreisen durchgesetzt hat.<br><br>Normen: <a href=""https://www.gesetze-im-internet.de/markeng/__8.html"" target=""_blank"" rel=""noopener"" class=""lawlink"">§ 8 Abs. 3 MarkenG</a><br><br>Rechtsprechung: EuGH Windsurfing Chiemsee (C-108/97); BGH ROCHER-Kugel (I ZB 88/07); BGH test (Stiftung Warentest) (I ZB 65/12); BGH Langenscheidt-Gelb (I ZB 61/13)"	Begriff Schutzvoraussetzungen
"Welcher Begriff wird so definiert?<br><br>Die Schutzhindernisse des <a href=""https://www.gesetze-im-internet.de/markeng/__8.html"" target=""_blank"" rel=""noopener"" class=""lawlink"">§ 8 Abs. 2 Nr. 1</a>, 2 und 3 finden keine Anwendung, wenn die Marke sich vor dem Anmeldetag infolge ihrer Benutzung für die Waren oder Dienstleistungen in den beteiligten Verkehrskreisen durchgesetzt hat."	"Verkehrsdurchsetzung (<a href=""https://www.gesetze-im-internet.de/markeng/__8.html"" target=""_blank"" rel=""noopener"" class=""lawlink"">§ 8 Abs. 3</a>)"	Begriff Umkehr Schutzvoraussetzungen
"Definiere: Verkehrsgeltung (<a href=""https://www.gesetze-im-internet.de/markeng/__4.html"" target=""_blank"" rel=""noopener"" class=""lawlink"">§ 4 Nr. 2</a>)"	"Markenschutz durch Benutzung entsteht, wenn ein Zeichen im geschäftlichen Verkehr benutzt wird und innerhalb der beteiligten Verkehrskreise als Marke Verkehrsgeltung erworben hat, d.h. ein nicht unerheblicher Teil der Verkehrskreise das Zeichen als Herkunftshinweis auf ein bestimmtes Unternehmen versteht.<br><br>Normen: <a href=""https://www.gesetze-im-internet.de/markeng/__4.html"" target=""_blank"" rel=""noopener"" class=""lawlink"">§ 4 Nr. 2 MarkenG</a>"	Begriff Grundlagen
Welcher Begriff wird so definiert?<br><br>Markenschutz durch Benutzung entsteht, wenn ein Zeichen im geschäftlichen Verkehr benutzt wird und innerhalb der beteiligten Verkehrskreise als Marke Verkehrsgeltung erworben hat, d.h. ein nicht unerheblicher Teil der Verkehrskreise das Zeichen als Herkunftshinweis auf ein bestimmtes Unternehmen versteht.	"Verkehrsgeltung (<a href=""https://www.gesetze-im-internet.de/markeng/__4.html"" target=""_blank"" rel=""noopener"" class=""lawlink"">§ 4 Nr. 2</a>)"	Begriff Umkehr Grundlagen
"Definiere: Notorische Bekanntheit (<a href=""https://www.gesetze-im-internet.de/markeng/__4.html"" target=""_blank"" rel=""noopener"" class=""lawlink"">§ 4 Nr. 3</a>)"	"Markenschutz entsteht auch ohne Eintragung oder Inlandsbenutzung, wenn die Marke im Inland i.S.d. Art. 6bis PVÜ notorisch, d.h. allgemein (auch außerhalb der Fachkreise) bekannt ist.<br><br>Normen: <a href=""https://www.gesetze-im-internet.de/markeng/__4.html"" target=""_blank"" rel=""noopener"" class=""lawlink"">§ 4 Nr. 3</a>, <a href=""https://www.gesetze-im-internet.de/markeng/__10.html"" target=""_blank"" rel=""noopener"" class=""lawlink"">§ 10 MarkenG</a>"	Begriff Grundlagen
Welcher Begriff wird so definiert?<br><br>Markenschutz entsteht auch ohne Eintragung oder Inlandsbenutzung, wenn die Marke im Inland i.S.d. Art. 6bis PVÜ notorisch, d.h. allgemein (auch außerhalb der Fachkreise) bekannt ist.	"Notorische Bekanntheit (<a href=""https://www.gesetze-im-internet.de/markeng/__4.html"" target=""_blank"" rel=""noopener"" class=""lawlink"">§ 4 Nr. 3</a>)"	Begriff Umkehr Grundlagen
"Definiere: Relative Schutzhindernisse (§§ <a href=""https://www.gesetze-im-internet.de/markeng/__9.html"" target=""_blank"" rel=""noopener"" class=""lawlink"">9</a>-<a href=""https://www.gesetze-im-internet.de/markeng/__13.html"" target=""_blank"" rel=""noopener"" class=""lawlink"">13</a>)"	"Ältere Rechte Dritter, die der Eintragung entgegenstehen und nur auf Widerspruch (<a href=""https://www.gesetze-im-internet.de/markeng/__42.html"" target=""_blank"" rel=""noopener"" class=""lawlink"">§ 42</a>) oder Nichtigkeitsantrag/-klage (<a href=""https://www.gesetze-im-internet.de/markeng/__51.html"" target=""_blank"" rel=""noopener"" class=""lawlink"">§ 51</a>, <a href=""https://www.gesetze-im-internet.de/markeng/__55.html"" target=""_blank"" rel=""noopener"" class=""lawlink"">§ 55</a>) geltend gemacht werden: ältere Marken (<a href=""https://www.gesetze-im-internet.de/markeng/__9.html"" target=""_blank"" rel=""noopener"" class=""lawlink"">§ 9</a>: Identität, Verwechslungsgefahr, Bekanntheitsschutz), notorisch bekannte Marken (<a href=""https://www.gesetze-im-internet.de/markeng/__10.html"" target=""_blank"" rel=""noopener"" class=""lawlink"">§ 10</a>), Agentenmarken (<a href=""https://www.gesetze-im-internet.de/markeng/__11.html"" target=""_blank"" rel=""noopener"" class=""lawlink"">§ 11</a>), Benutzungsmarken und geschäftliche Bezeichnungen (<a href=""https://www.gesetze-im-internet.de/markeng/__12.html"" target=""_blank"" rel=""noopener"" class=""lawlink"">§ 12</a>), sonstige ältere Rechte (<a href=""https://www.gesetze-im-internet.de/markeng/__13.html"" target=""_blank"" rel=""noopener"" class=""lawlink"">§ 13</a>: Name, Bildnis, Urheberrecht, Design usw.).<br><br>Normen: <a href=""https://www.gesetze-im-internet.de/markeng/__9.html"" target=""_blank"" rel=""noopener"" class=""lawlink"">§ 9</a>, <a href=""https://www.gesetze-im-internet.de/markeng/__10.html"" target=""_blank"" rel=""noopener"" class=""lawlink"">§ 10</a>, <a href=""https://www.gesetze-im-internet.de/markeng/__11.html"" target=""_blank"" rel=""noopener"" class=""lawlink"">§ 11</a>, <a href=""https://www.gesetze-im-internet.de/markeng/__12.html"" target=""_blank"" rel=""noopener"" class=""lawlink"">§ 12</a>, <a href=""https://www.gesetze-im-internet.de/markeng/__13.html"" target=""_blank"" rel=""noopener"" class=""lawlink"">§ 13</a>, <a href=""https://www.gesetze-im-internet.de/markeng/__42.html"" target=""_blank"" rel=""noopener"" class=""lawlink"">§ 42</a>, <a href=""https://www.gesetze-im-internet.de/markeng/__51.html"" target=""_blank"" rel=""noopener"" class=""lawlink"">§ 51 MarkenG</a><br><br>Rechtsprechung: BGH Springender Pudel (I ZR 59/13)"	Begriff Schutzvoraussetzungen
"Welcher Begriff wird so definiert?<br><br>Ältere Rechte Dritter, die der Eintragung entgegenstehen und nur auf Widerspruch (<a href=""https://www.gesetze-im-internet.de/markeng/__42.html"" target=""_blank"" rel=""noopener"" class=""lawlink"">§ 42</a>) oder Nichtigkeitsantrag/-klage (<a href=""https://www.gesetze-im-internet.de/markeng/__51.html"" target=""_blank"" rel=""noopener"" class=""lawlink"">§ 51</a>, <a href=""https://www.gesetze-im-internet.de/markeng/__55.html"" target=""_blank"" rel=""noopener"" class=""lawlink"">§ 55</a>) geltend gemacht werden: ältere Marken (<a href=""https://www.gesetze-im-internet.de/markeng/__9.html"" target=""_blank"" rel=""noopener"" class=""lawlink"">§ 9</a>: Identität, Verwechslungsgefahr, Bekanntheitsschutz), notorisch bekannte Marken (<a href=""https://www.gesetze-im-internet.de/markeng/__10.html"" target=""_blank"" rel=""noopener"" class=""lawlink"">§ 10</a>), Agentenmarken (<a href=""https://www.gesetze-im-internet.de/markeng/__11.html"" target=""_blank"" rel=""noopener"" class=""lawlink"">§ 11</a>), Benutzungsmarken und geschäftliche Bezeichnungen (<a href=""https://www.gesetze-im-internet.de/markeng/__12.html"" target=""_blank"" rel=""noopener"" class=""lawlink"">§ 12</a>), sonstige ältere Rechte (<a href=""https://www.gesetze-im-internet.de/markeng/__13.html"" target=""_blank"" rel=""noopener"" class=""lawlink"">§ 13</a>: Name, Bildnis, Urheberrecht, Design usw.)."	"Relative Schutzhindernisse (§§ <a href=""https://www.gesetze-im-internet.de/markeng/__9.html"" target=""_blank"" rel=""noopener"" class=""lawlink"">9</a>-<a href=""https://www.gesetze-im-internet.de/markeng/__13.html"" target=""_blank"" rel=""noopener"" class=""lawlink"">13</a>)"	Begriff Umkehr Schutzvoraussetzungen
Definiere: Benutzung im geschäftlichen Verkehr	"Jede wirtschaftliche Tätigkeit, die auf die Erzielung eines wirtschaftlichen Vorteils gerichtet ist und nicht rein privat, wissenschaftlich, politisch oder hoheitlich ist. An das Merkmal sind keine hohen Anforderungen zu stellen.<br><br>Normen: <a href=""https://www.gesetze-im-internet.de/markeng/__14.html"" target=""_blank"" rel=""noopener"" class=""lawlink"">§ 14 Abs. 2</a>, <a href=""https://www.gesetze-im-internet.de/markeng/__15.html"" target=""_blank"" rel=""noopener"" class=""lawlink"">§ 15 Abs. 2 MarkenG</a><br><br>Rechtsprechung: EuGH Google France und Google (C-236/08 bis C-238/08)"	Begriff Verletzung
Welcher Begriff wird so definiert?<br><br>Jede wirtschaftliche Tätigkeit, die auf die Erzielung eines wirtschaftlichen Vorteils gerichtet ist und nicht rein privat, wissenschaftlich, politisch oder hoheitlich ist. An das Merkmal sind keine hohen Anforderungen zu stellen.	Benutzung im geschäftlichen Verkehr	Begriff Umkehr Verletzung
Definiere: Markenmäßige (rechtsverletzende) Benutzung	"Ungeschriebenes Tatbestandsmerkmal des <a href=""https://www.gesetze-im-internet.de/markeng/__14.html"" target=""_blank"" rel=""noopener"" class=""lawlink"">§ 14 Abs. 2</a>: Das Zeichen muss so benutzt werden, dass es die Funktionen der Marke, insbesondere die Herkunftsfunktion, beeinträchtigt oder beeinträchtigen kann, d.h. der Verkehr es als Hinweis auf die betriebliche Herkunft der Waren/Dienstleistungen versteht.<br><br>Normen: <a href=""https://www.gesetze-im-internet.de/markeng/__14.html"" target=""_blank"" rel=""noopener"" class=""lawlink"">§ 14 Abs. 2</a>, <a href=""https://www.gesetze-im-internet.de/markeng/__14.html"" target=""_blank"" rel=""noopener"" class=""lawlink"">§ 14 Abs. 3 MarkenG</a><br><br>Rechtsprechung: EuGH Arsenal Football Club (C-206/01); BGH Opel-Blitz II (I ZR 88/08); EuGH Adam Opel/Autec (C-48/05); BGH SAM (I ZR 195/17)"	Begriff Verletzung
"Welcher Begriff wird so definiert?<br><br>Ungeschriebenes Tatbestandsmerkmal des <a href=""https://www.gesetze-im-internet.de/markeng/__14.html"" target=""_blank"" rel=""noopener"" class=""lawlink"">§ 14 Abs. 2</a>: Das Zeichen muss so benutzt werden, dass es die Funktionen der Marke, insbesondere die Herkunftsfunktion, beeinträchtigt oder beeinträchtigen kann, d.h. der Verkehr es als Hinweis auf die betriebliche Herkunft der Waren/Dienstleistungen versteht."	Markenmäßige (rechtsverletzende) Benutzung	Begriff Umkehr Verletzung
Definiere: Firmenmäßiger Gebrauch	"Die Benutzung eines Zeichens ausschließlich als Unternehmensbezeichnung (Firma, Geschäftsbezeichnung) ist keine Benutzung 'für Waren oder Dienstleistungen' i.S.d. <a href=""https://www.gesetze-im-internet.de/markeng/__14.html"" target=""_blank"" rel=""noopener"" class=""lawlink"">§ 14 Abs. 2</a>; sie wird zur markenmäßigen Benutzung, wenn der Verkehr eine Verbindung zwischen der Bezeichnung und den vertriebenen Waren herstellt.<br><br>Normen: <a href=""https://www.gesetze-im-internet.de/markeng/__14.html"" target=""_blank"" rel=""noopener"" class=""lawlink"">§ 14 Abs. 2</a>, <a href=""https://www.gesetze-im-internet.de/markeng/__14.html"" target=""_blank"" rel=""noopener"" class=""lawlink"">§ 14 Abs. 3 Nr. 5</a>, <a href=""https://www.gesetze-im-internet.de/markeng/__15.html"" target=""_blank"" rel=""noopener"" class=""lawlink"">§ 15 MarkenG</a><br><br>Rechtsprechung: EuGH Céline (C-17/06)"	Begriff Verletzung
"Welcher Begriff wird so definiert?<br><br>Die Benutzung eines Zeichens ausschließlich als Unternehmensbezeichnung (Firma, Geschäftsbezeichnung) ist keine Benutzung 'für Waren oder Dienstleistungen' i.S.d. <a href=""https://www.gesetze-im-internet.de/markeng/__14.html"" target=""_blank"" rel=""noopener"" class=""lawlink"">§ 14 Abs. 2</a>; sie wird zur markenmäßigen Benutzung, wenn der Verkehr eine Verbindung zwischen der Bezeichnung und den vertriebenen Waren herstellt."	Firmenmäßiger Gebrauch	Begriff Umkehr Verletzung
"Definiere: Doppelidentität / Identitätsschutz (<a href=""https://www.gesetze-im-internet.de/markeng/__14.html"" target=""_blank"" rel=""noopener"" class=""lawlink"">§ 14 Abs. 2 Nr. 1</a>)"	"Verletzung durch Benutzung eines mit der Marke identischen Zeichens für Waren oder Dienstleistungen, die mit denen identisch sind, für die die Marke Schutz genießt. Eine Verwechslungsgefahr muss nicht festgestellt werden.<br><br>Normen: <a href=""https://www.gesetze-im-internet.de/markeng/__14.html"" target=""_blank"" rel=""noopener"" class=""lawlink"">§ 14 Abs. 2 Nr. 1</a>, <a href=""https://www.gesetze-im-internet.de/markeng/__9.html"" target=""_blank"" rel=""noopener"" class=""lawlink"">§ 9 Abs. 1 Nr. 1 MarkenG</a><br><br>Rechtsprechung: EuGH L'Oréal/Bellure (C-487/07); EuGH Arsenal Football Club (C-206/01); BGH SAM (I ZR 195/17); BGH Kühlergrill (I ZR 61/18)"	Begriff Verletzung
Welcher Begriff wird so definiert?<br><br>Verletzung durch Benutzung eines mit der Marke identischen Zeichens für Waren oder Dienstleistungen, die mit denen identisch sind, für die die Marke Schutz genießt. Eine Verwechslungsgefahr muss nicht festgestellt werden.	"Doppelidentität / Identitätsschutz (<a href=""https://www.gesetze-im-internet.de/markeng/__14.html"" target=""_blank"" rel=""noopener"" class=""lawlink"">§ 14 Abs. 2 Nr. 1</a>)"	Begriff Umkehr Verletzung
"Definiere: Verwechslungsgefahr (<a href=""https://www.gesetze-im-internet.de/markeng/__14.html"" target=""_blank"" rel=""noopener"" class=""lawlink"">§ 14 Abs. 2 Nr. 2</a>)"	"Die Gefahr, dass das Publikum glauben könnte, die betreffenden Waren oder Dienstleistungen stammten aus demselben Unternehmen oder aus wirtschaftlich miteinander verbundenen Unternehmen. Sie ist umfassend unter Berücksichtigung aller Umstände des Einzelfalls zu beurteilen, insbesondere der Wechselwirkung zwischen Waren-/Dienstleistungsähnlichkeit, Zeichenähnlichkeit und Kennzeichnungskraft der älteren Marke.<br><br>Normen: <a href=""https://www.gesetze-im-internet.de/markeng/__14.html"" target=""_blank"" rel=""noopener"" class=""lawlink"">§ 14 Abs. 2 Nr. 2</a>, <a href=""https://www.gesetze-im-internet.de/markeng/__9.html"" target=""_blank"" rel=""noopener"" class=""lawlink"">§ 9 Abs. 1 Nr. 2</a>, <a href=""https://www.gesetze-im-internet.de/markeng/__15.html"" target=""_blank"" rel=""noopener"" class=""lawlink"">§ 15 Abs. 2 MarkenG</a><br><br>Rechtsprechung: EuGH SABEL/Puma (C-251/95); EuGH Canon (C-39/97); EuGH Lloyd Schuhfabrik Meyer (C-342/97); BGH Culinaria/Villa Culinaria (I ZR 85/11)"	Begriff Verletzung
Welcher Begriff wird so definiert?<br><br>Die Gefahr, dass das Publikum glauben könnte, die betreffenden Waren oder Dienstleistungen stammten aus demselben Unternehmen oder aus wirtschaftlich miteinander verbundenen Unternehmen. Sie ist umfassend unter Berücksichtigung aller Umstände des Einzelfalls zu beurteilen, insbesondere der Wechselwirkung zwischen Waren-/Dienstleistungsähnlichkeit, Zeichenähnlichkeit und Kennzeichnungskraft der älteren Marke.	"Verwechslungsgefahr (<a href=""https://www.gesetze-im-internet.de/markeng/__14.html"" target=""_blank"" rel=""noopener"" class=""lawlink"">§ 14 Abs. 2 Nr. 2</a>)"	Begriff Umkehr Verletzung
Definiere: Verwechslungsgefahr im weiteren Sinne / mittelbare Verwechslungsgefahr	"Mittelbare Verwechslungsgefahr: Der Verkehr erkennt die Unterschiede der Zeichen, ordnet sie aber wegen eines gemeinsamen Stammbestandteils (Serienzeichen) demselben Unternehmen zu. Verwechslungsgefahr im weiteren Sinne: Der Verkehr erkennt, dass die Zeichen verschiedenen Unternehmen gehören, nimmt aber irrig wirtschaftliche oder organisatorische Verbindungen (Lizenz, Konzern) an.<br><br>Normen: <a href=""https://www.gesetze-im-internet.de/markeng/__14.html"" target=""_blank"" rel=""noopener"" class=""lawlink"">§ 14 Abs. 2 Nr. 2 MarkenG</a><br><br>Rechtsprechung: BGH Mustang (I ZR 204/01); BGH INTERCONNECT/T-InterConnect (I ZR 132/04); EuGH THOMSON LIFE (Medion) (C-120/04); BGH VOLKSWAGEN/Volks.Inspektion (I ZR 214/11)"	Begriff Verletzung
Welcher Begriff wird so definiert?<br><br>Mittelbare Verwechslungsgefahr: Der Verkehr erkennt die Unterschiede der Zeichen, ordnet sie aber wegen eines gemeinsamen Stammbestandteils (Serienzeichen) demselben Unternehmen zu. Verwechslungsgefahr im weiteren Sinne: Der Verkehr erkennt, dass die Zeichen verschiedenen Unternehmen gehören, nimmt aber irrig wirtschaftliche oder organisatorische Verbindungen (Lizenz, Konzern) an.	Verwechslungsgefahr im weiteren Sinne / mittelbare Verwechslungsgefahr	Begriff Umkehr Verletzung
Definiere: Serienzeichen / Zeichenserie	"Mehrere Marken eines Unternehmens mit einem gemeinsamen, kennzeichnungskräftigen Stammbestandteil (z.B. 'Volks-'). Übernimmt ein Dritter den Stammbestandteil, kann der Verkehr das jüngere Zeichen irrig der Serie zuordnen (mittelbare Verwechslungsgefahr).<br><br>Normen: <a href=""https://www.gesetze-im-internet.de/markeng/__14.html"" target=""_blank"" rel=""noopener"" class=""lawlink"">§ 14 Abs. 2 Nr. 2 MarkenG</a><br><br>Rechtsprechung: BGH VOLKSWAGEN/Volks.Inspektion (I ZR 214/11)"	Begriff Verletzung
Welcher Begriff wird so definiert?<br><br>Mehrere Marken eines Unternehmens mit einem gemeinsamen, kennzeichnungskräftigen Stammbestandteil (z.B. 'Volks-'). Übernimmt ein Dritter den Stammbestandteil, kann der Verkehr das jüngere Zeichen irrig der Serie zuordnen (mittelbare Verwechslungsgefahr).	Serienzeichen / Zeichenserie	Begriff Umkehr Verletzung
Definiere: Wechselwirkungslehre	"Die Faktoren der Verwechslungsgefahr – Ähnlichkeit der Waren/Dienstleistungen, Ähnlichkeit der Zeichen und Kennzeichnungskraft der älteren Marke – stehen in einer Wechselbeziehung: Ein geringerer Grad eines Faktors kann durch einen höheren Grad eines anderen ausgeglichen werden und umgekehrt.<br><br>Normen: <a href=""https://www.gesetze-im-internet.de/markeng/__14.html"" target=""_blank"" rel=""noopener"" class=""lawlink"">§ 14 Abs. 2 Nr. 2 MarkenG</a><br><br>Rechtsprechung: EuGH Canon (C-39/97); EuGH Lloyd Schuhfabrik Meyer (C-342/97); BGH Culinaria/Villa Culinaria (I ZR 85/11)"	Begriff Verletzung
Welcher Begriff wird so definiert?<br><br>Die Faktoren der Verwechslungsgefahr – Ähnlichkeit der Waren/Dienstleistungen, Ähnlichkeit der Zeichen und Kennzeichnungskraft der älteren Marke – stehen in einer Wechselbeziehung: Ein geringerer Grad eines Faktors kann durch einen höheren Grad eines anderen ausgeglichen werden und umgekehrt.	Wechselwirkungslehre	Begriff Umkehr Verletzung
Definiere: Waren-/Dienstleistungsähnlichkeit	"Waren oder Dienstleistungen sind ähnlich, wenn sie unter Berücksichtigung aller erheblichen Faktoren – Art, Verwendungszweck, Nutzung, Eigenart als konkurrierende oder einander ergänzende Produkte, regelmäßige Herstellungsstätten und Vertriebswege – so enge Berührungspunkte aufweisen, dass der Verkehr bei identischer Kennzeichnung annehmen könnte, sie stammten aus demselben oder wirtschaftlich verbundenen Unternehmen.<br><br>Normen: <a href=""https://www.gesetze-im-internet.de/markeng/__14.html"" target=""_blank"" rel=""noopener"" class=""lawlink"">§ 14 Abs. 2 Nr. 2</a>, <a href=""https://www.gesetze-im-internet.de/markeng/__9.html"" target=""_blank"" rel=""noopener"" class=""lawlink"">§ 9 Abs. 1 Nr. 2 MarkenG</a><br><br>Rechtsprechung: EuGH Canon (C-39/97); BGH DESPERADOS/DESPERADO (I ZB 63/12); BGH OTTO Cap (I ZR 49/12)"	Begriff Verletzung
Welcher Begriff wird so definiert?<br><br>Waren oder Dienstleistungen sind ähnlich, wenn sie unter Berücksichtigung aller erheblichen Faktoren – Art, Verwendungszweck, Nutzung, Eigenart als konkurrierende oder einander ergänzende Produkte, regelmäßige Herstellungsstätten und Vertriebswege – so enge Berührungspunkte aufweisen, dass der Verkehr bei identischer Kennzeichnung annehmen könnte, sie stammten aus demselben oder wirtschaftlich verbundenen Unternehmen.	Waren-/Dienstleistungsähnlichkeit	Begriff Umkehr Verletzung
Definiere: Kennzeichnungskraft	"Die Eignung eines Zeichens, sich dem Publikum aufgrund seiner Eigenart und seines Bekanntheitsgrades als Marke einzuprägen und die gekennzeichneten Waren/Dienstleistungen als von einem bestimmten Unternehmen stammend zu identifizieren. Sie bestimmt den Schutzumfang der Marke im Kollisionsfall.<br><br>Normen: <a href=""https://www.gesetze-im-internet.de/markeng/__14.html"" target=""_blank"" rel=""noopener"" class=""lawlink"">§ 14 Abs. 2 Nr. 2</a>, <a href=""https://www.gesetze-im-internet.de/markeng/__9.html"" target=""_blank"" rel=""noopener"" class=""lawlink"">§ 9 Abs. 1 Nr. 2 MarkenG</a><br><br>Rechtsprechung: BGH Culinaria/Villa Culinaria (I ZR 85/11); BGH Kinder II (I ZR 94/04); BGH coccodrillo (Lacoste-Krokodil) (I ZB 40/03); EuGH Lloyd Schuhfabrik Meyer (C-342/97)"	Begriff Verletzung
Welcher Begriff wird so definiert?<br><br>Die Eignung eines Zeichens, sich dem Publikum aufgrund seiner Eigenart und seines Bekanntheitsgrades als Marke einzuprägen und die gekennzeichneten Waren/Dienstleistungen als von einem bestimmten Unternehmen stammend zu identifizieren. Sie bestimmt den Schutzumfang der Marke im Kollisionsfall.	Kennzeichnungskraft	Begriff Umkehr Verletzung
Definiere: Zeichenähnlichkeit	"Ähnlichkeit der einander gegenüberstehenden Zeichen nach Klang, (Schrift-)Bild und Sinngehalt (Bedeutung), beurteilt nach dem Gesamteindruck aus Sicht des Durchschnittsverbrauchers. Ähnlichkeit in einer der drei Wahrnehmungsrichtungen kann genügen.<br><br>Normen: <a href=""https://www.gesetze-im-internet.de/markeng/__14.html"" target=""_blank"" rel=""noopener"" class=""lawlink"">§ 14 Abs. 2 Nr. 2 MarkenG</a><br><br>Rechtsprechung: BGH Goldbären (I ZR 105/14); BGH Maalox/Melox-GRY (I ZB 52/09); BGH IPS/ISP (I ZR 161/13); BGH coccodrillo (Lacoste-Krokodil) (I ZB 40/03)"	Begriff Verletzung
Welcher Begriff wird so definiert?<br><br>Ähnlichkeit der einander gegenüberstehenden Zeichen nach Klang, (Schrift-)Bild und Sinngehalt (Bedeutung), beurteilt nach dem Gesamteindruck aus Sicht des Durchschnittsverbrauchers. Ähnlichkeit in einer der drei Wahrnehmungsrichtungen kann genügen.	Zeichenähnlichkeit	Begriff Umkehr Verletzung
Definiere: Gesamteindruck	"Die Zeichen sind so zu vergleichen, wie sie dem Verkehr in ihrer Gesamtheit begegnen. Der Durchschnittsverbraucher nimmt eine Marke regelmäßig als Ganzes wahr und achtet nicht auf Einzelheiten; er verlässt sich auf sein unvollkommenes Erinnerungsbild.<br><br>Normen: <a href=""https://www.gesetze-im-internet.de/markeng/__14.html"" target=""_blank"" rel=""noopener"" class=""lawlink"">§ 14 Abs. 2 Nr. 2 MarkenG</a><br><br>Rechtsprechung: EuGH SABEL/Puma (C-251/95); BGH Springende Raubkatze (I ZB 22/93); EuGH THOMSON LIFE (Medion) (C-120/04)"	Begriff Verletzung
Welcher Begriff wird so definiert?<br><br>Die Zeichen sind so zu vergleichen, wie sie dem Verkehr in ihrer Gesamtheit begegnen. Der Durchschnittsverbraucher nimmt eine Marke regelmäßig als Ganzes wahr und achtet nicht auf Einzelheiten; er verlässt sich auf sein unvollkommenes Erinnerungsbild.	Gesamteindruck	Begriff Umkehr Verletzung
Definiere: Prägetheorie	"Bei mehrgliedrigen Zeichen kann ein einzelner Bestandteil den Gesamteindruck prägen, wenn die übrigen Bestandteile für den Verkehr in einer Weise zurücktreten, dass sie den Gesamteindruck nicht mitbestimmen. Dann ist die Zeichenähnlichkeit anhand des prägenden Bestandteils zu beurteilen.<br><br>Normen: <a href=""https://www.gesetze-im-internet.de/markeng/__14.html"" target=""_blank"" rel=""noopener"" class=""lawlink"">§ 14 Abs. 2 Nr. 2 MarkenG</a><br><br>Rechtsprechung: BGH Springende Raubkatze (I ZB 22/93); BGH Culinaria/Villa Culinaria (I ZR 85/11); BGH METROBUS (I ZR 167/06); EuGH THOMSON LIFE (Medion) (C-120/04)"	Begriff Verletzung
Welcher Begriff wird so definiert?<br><br>Bei mehrgliedrigen Zeichen kann ein einzelner Bestandteil den Gesamteindruck prägen, wenn die übrigen Bestandteile für den Verkehr in einer Weise zurücktreten, dass sie den Gesamteindruck nicht mitbestimmen. Dann ist die Zeichenähnlichkeit anhand des prägenden Bestandteils zu beurteilen.	Prägetheorie	Begriff Umkehr Verletzung
Definiere: Selbständig kennzeichnende Stellung	"Verwechslungsgefahr kann auch bestehen, wenn eine ältere Marke in ein zusammengesetztes jüngeres Zeichen übernommen wird und dort – ohne den Gesamteindruck zu prägen – eine selbständig kennzeichnende Stellung behält, so dass der Verkehr annimmt, die Waren stammten aus wirtschaftlich verbundenen Unternehmen (EuGH THOMSON LIFE).<br><br>Normen: <a href=""https://www.gesetze-im-internet.de/markeng/__14.html"" target=""_blank"" rel=""noopener"" class=""lawlink"">§ 14 Abs. 2 Nr. 2 MarkenG</a><br><br>Rechtsprechung: EuGH THOMSON LIFE (Medion) (C-120/04); BGH Culinaria/Villa Culinaria (I ZR 85/11); BGH INTERCONNECT/T-InterConnect (I ZR 132/04); BGH Mustang (I ZR 204/01)"	Begriff Verletzung
Welcher Begriff wird so definiert?<br><br>Verwechslungsgefahr kann auch bestehen, wenn eine ältere Marke in ein zusammengesetztes jüngeres Zeichen übernommen wird und dort – ohne den Gesamteindruck zu prägen – eine selbständig kennzeichnende Stellung behält, so dass der Verkehr annimmt, die Waren stammten aus wirtschaftlich verbundenen Unternehmen (EuGH THOMSON LIFE).	Selbständig kennzeichnende Stellung	Begriff Umkehr Verletzung
Definiere: Durchschnittsverbraucher / beteiligte Verkehrskreise	"Maßstab für Unterscheidungskraft und Verwechslungsgefahr ist der normal informierte, angemessen aufmerksame und verständige Durchschnittsverbraucher der betreffenden Waren/Dienstleistungen; bei Fachwaren die Fachkreise. Der Aufmerksamkeitsgrad variiert je nach Produktart (höher bei teuren/gesundheitsbezogenen Waren).<br><br>Normen: <a href=""https://www.gesetze-im-internet.de/markeng/__8.html"" target=""_blank"" rel=""noopener"" class=""lawlink"">§ 8 Abs. 2 Nr. 1</a>, <a href=""https://www.gesetze-im-internet.de/markeng/__14.html"" target=""_blank"" rel=""noopener"" class=""lawlink"">§ 14 Abs. 2 Nr. 2 MarkenG</a><br><br>Rechtsprechung: EuGH Lloyd Schuhfabrik Meyer (C-342/97); BGH Maalox/Melox-GRY (I ZB 52/09)"	Begriff Verletzung
Welcher Begriff wird so definiert?<br><br>Maßstab für Unterscheidungskraft und Verwechslungsgefahr ist der normal informierte, angemessen aufmerksame und verständige Durchschnittsverbraucher der betreffenden Waren/Dienstleistungen; bei Fachwaren die Fachkreise. Der Aufmerksamkeitsgrad variiert je nach Produktart (höher bei teuren/gesundheitsbezogenen Waren).	Durchschnittsverbraucher / beteiligte Verkehrskreise	Begriff Umkehr Verletzung
"Definiere: Bekannte Marke (<a href=""https://www.gesetze-im-internet.de/markeng/__14.html"" target=""_blank"" rel=""noopener"" class=""lawlink"">§ 14 Abs. 2 Nr. 3</a>)"	"Eine Marke ist bekannt, wenn sie einem bedeutenden Teil des Publikums bekannt ist, das von den durch die Marke erfassten Waren oder Dienstleistungen betroffen ist. Feste Prozentsätze gibt es nicht; zu berücksichtigen sind Marktanteil, Intensität, geographische Ausdehnung und Dauer der Benutzung sowie Werbeaufwand (General Motors).<br><br>Normen: <a href=""https://www.gesetze-im-internet.de/markeng/__14.html"" target=""_blank"" rel=""noopener"" class=""lawlink"">§ 14 Abs. 2 Nr. 3</a>, <a href=""https://www.gesetze-im-internet.de/markeng/__9.html"" target=""_blank"" rel=""noopener"" class=""lawlink"">§ 9 Abs. 1 Nr. 3</a>, <a href=""https://www.gesetze-im-internet.de/markeng/__15.html"" target=""_blank"" rel=""noopener"" class=""lawlink"">§ 15 Abs. 3 MarkenG</a><br><br>Rechtsprechung: EuGH General Motors/Yplon (Chevy) (C-375/97); BGH OTTO Cap (I ZR 49/12); BGH TÜV II (I ZR 108/09); BGH Lila-Postkarte (I ZR 159/02)"	Begriff Bekanntheitsschutz
Welcher Begriff wird so definiert?<br><br>Eine Marke ist bekannt, wenn sie einem bedeutenden Teil des Publikums bekannt ist, das von den durch die Marke erfassten Waren oder Dienstleistungen betroffen ist. Feste Prozentsätze gibt es nicht; zu berücksichtigen sind Marktanteil, Intensität, geographische Ausdehnung und Dauer der Benutzung sowie Werbeaufwand (General Motors).	"Bekannte Marke (<a href=""https://www.gesetze-im-internet.de/markeng/__14.html"" target=""_blank"" rel=""noopener"" class=""lawlink"">§ 14 Abs. 2 Nr. 3</a>)"	Begriff Umkehr Bekanntheitsschutz
Definiere: Gedankliche Verknüpfung	"Voraussetzung des Bekanntheitsschutzes: Der Verkehr muss das angegriffene Zeichen mit der bekannten Marke gedanklich in Verbindung bringen (Assoziation), ohne dass eine Verwechslungsgefahr erforderlich ist. Notwendige, aber nicht hinreichende Bedingung (Intel).<br><br>Normen: <a href=""https://www.gesetze-im-internet.de/markeng/__14.html"" target=""_blank"" rel=""noopener"" class=""lawlink"">§ 14 Abs. 2 Nr. 3 MarkenG</a><br><br>Rechtsprechung: EuGH Intel/CPM (INTELMARK) (C-252/07); BGH Springender Pudel (I ZR 59/13); BGH Goldbären (I ZR 105/14); BGH METROBUS (I ZR 167/06)"	Begriff Bekanntheitsschutz
Welcher Begriff wird so definiert?<br><br>Voraussetzung des Bekanntheitsschutzes: Der Verkehr muss das angegriffene Zeichen mit der bekannten Marke gedanklich in Verbindung bringen (Assoziation), ohne dass eine Verwechslungsgefahr erforderlich ist. Notwendige, aber nicht hinreichende Bedingung (Intel).	Gedankliche Verknüpfung	Begriff Umkehr Bekanntheitsschutz
Definiere: Ausnutzung der Unterscheidungskraft (Aufmerksamkeitsausbeutung)	"Der Dritte nutzt die Aufmerksamkeit und den Werbewert der bekannten Marke aus, um die Aufmerksamkeit des Verkehrs auf sein eigenes Angebot zu lenken (Trittbrettfahren, Imagetransfer).<br><br>Normen: <a href=""https://www.gesetze-im-internet.de/markeng/__14.html"" target=""_blank"" rel=""noopener"" class=""lawlink"">§ 14 Abs. 2 Nr. 3 MarkenG</a><br><br>Rechtsprechung: BGH OTTO Cap (I ZR 49/12); BGH Springender Pudel (I ZR 59/13); BGH TÜV II (I ZR 108/09); EuGH Interflora/Marks & Spencer (C-323/09)"	Begriff Bekanntheitsschutz
Welcher Begriff wird so definiert?<br><br>Der Dritte nutzt die Aufmerksamkeit und den Werbewert der bekannten Marke aus, um die Aufmerksamkeit des Verkehrs auf sein eigenes Angebot zu lenken (Trittbrettfahren, Imagetransfer).	Ausnutzung der Unterscheidungskraft (Aufmerksamkeitsausbeutung)	Begriff Umkehr Bekanntheitsschutz
Definiere: Ausnutzung der Wertschätzung (Rufausbeutung)	"Der Dritte überträgt den guten Ruf (Qualitäts-, Prestige-, Luxusimage) der bekannten Marke auf sein eigenes Produkt und profitiert von deren Anziehungskraft ohne eigene finanzielle Gegenleistung (L'Oréal/Bellure).<br><br>Normen: <a href=""https://www.gesetze-im-internet.de/markeng/__14.html"" target=""_blank"" rel=""noopener"" class=""lawlink"">§ 14 Abs. 2 Nr. 3 MarkenG</a><br><br>Rechtsprechung: EuGH L'Oréal/Bellure (C-487/07); BGH ÖKO-TEST II (I ZR 117/17); BGH Lila-Postkarte (I ZR 159/02)"	Begriff Bekanntheitsschutz
Welcher Begriff wird so definiert?<br><br>Der Dritte überträgt den guten Ruf (Qualitäts-, Prestige-, Luxusimage) der bekannten Marke auf sein eigenes Produkt und profitiert von deren Anziehungskraft ohne eigene finanzielle Gegenleistung (L'Oréal/Bellure).	Ausnutzung der Wertschätzung (Rufausbeutung)	Begriff Umkehr Bekanntheitsschutz
Definiere: Beeinträchtigung der Unterscheidungskraft (Verwässerung)	"Die Eignung der bekannten Marke, die Waren als von ihrem Inhaber stammend zu identifizieren, wird geschwächt, weil die Benutzung des ähnlichen Zeichens die Identität der Marke und ihre Bekanntheit beim Publikum auflöst (Verwässerung, 'dilution by blurring').<br><br>Normen: <a href=""https://www.gesetze-im-internet.de/markeng/__14.html"" target=""_blank"" rel=""noopener"" class=""lawlink"">§ 14 Abs. 2 Nr. 3 MarkenG</a><br><br>Rechtsprechung: EuGH Intel/CPM (INTELMARK) (C-252/07); EuGH Interflora/Marks & Spencer (C-323/09)"	Begriff Bekanntheitsschutz
Welcher Begriff wird so definiert?<br><br>Die Eignung der bekannten Marke, die Waren als von ihrem Inhaber stammend zu identifizieren, wird geschwächt, weil die Benutzung des ähnlichen Zeichens die Identität der Marke und ihre Bekanntheit beim Publikum auflöst (Verwässerung, 'dilution by blurring').	Beeinträchtigung der Unterscheidungskraft (Verwässerung)	Begriff Umkehr Bekanntheitsschutz
Definiere: Beeinträchtigung der Wertschätzung (Rufschädigung)	"Die Anziehungskraft der bekannten Marke wird gemindert, weil das Zeichen für Waren benutzt wird, die negative Eigenschaften oder ein Image haben, das mit der bekannten Marke unvereinbar ist (Verunglimpfung, 'dilution by tarnishment').<br><br>Normen: <a href=""https://www.gesetze-im-internet.de/markeng/__14.html"" target=""_blank"" rel=""noopener"" class=""lawlink"">§ 14 Abs. 2 Nr. 3 MarkenG</a><br><br>Rechtsprechung: BGH Lila-Postkarte (I ZR 159/02)"	Begriff Bekanntheitsschutz
Welcher Begriff wird so definiert?<br><br>Die Anziehungskraft der bekannten Marke wird gemindert, weil das Zeichen für Waren benutzt wird, die negative Eigenschaften oder ein Image haben, das mit der bekannten Marke unvereinbar ist (Verunglimpfung, 'dilution by tarnishment').	Beeinträchtigung der Wertschätzung (Rufschädigung)	Begriff Umkehr Bekanntheitsschutz
Definiere: Ohne rechtfertigenden Grund in unlauterer Weise	"Der Bekanntheitsschutz setzt voraus, dass die Ausnutzung oder Beeinträchtigung ohne rechtfertigenden Grund in unlauterer Weise erfolgt. Erforderlich ist eine umfassende Interessenabwägung, in die Grundrechte (Kunst-, Meinungs-, Pressefreiheit) und das Interesse an lauterem Wettbewerb (vergleichende Werbung, Alternativangebote) einzustellen sind.<br><br>Normen: <a href=""https://www.gesetze-im-internet.de/markeng/__14.html"" target=""_blank"" rel=""noopener"" class=""lawlink"">§ 14 Abs. 2 Nr. 3 MarkenG</a><br><br>Rechtsprechung: BGH Lila-Postkarte (I ZR 159/02); EuGH L'Oréal/Bellure (C-487/07); EuGH Interflora/Marks & Spencer (C-323/09); BGH Springender Pudel (I ZR 59/13)"	Begriff Bekanntheitsschutz
Welcher Begriff wird so definiert?<br><br>Der Bekanntheitsschutz setzt voraus, dass die Ausnutzung oder Beeinträchtigung ohne rechtfertigenden Grund in unlauterer Weise erfolgt. Erforderlich ist eine umfassende Interessenabwägung, in die Grundrechte (Kunst-, Meinungs-, Pressefreiheit) und das Interesse an lauterem Wettbewerb (vergleichende Werbung, Alternativangebote) einzustellen sind.	Ohne rechtfertigenden Grund in unlauterer Weise	Begriff Umkehr Bekanntheitsschutz
"Definiere: Schranken des <a href=""https://www.gesetze-im-internet.de/markeng/__23.html"" target=""_blank"" rel=""noopener"" class=""lawlink"">§ 23</a> (Namen, beschreibende Angaben, Bestimmungshinweis)"	"Der Markeninhaber kann einem Dritten nicht untersagen, im geschäftlichen Verkehr (1) dessen Namen oder Anschrift (nur natürliche Personen), (2) Zeichen ohne Unterscheidungskraft oder beschreibende Angaben oder (3) die Marke als Hinweis auf die Bestimmung einer Ware (insbesondere Zubehör/Ersatzteile) oder Dienstleistung zu benutzen, sofern die Benutzung den anständigen Gepflogenheiten in Gewerbe oder Handel entspricht (<a href=""https://www.gesetze-im-internet.de/markeng/__23.html"" target=""_blank"" rel=""noopener"" class=""lawlink"">§ 23 Abs. 2</a>).<br><br>Normen: <a href=""https://www.gesetze-im-internet.de/markeng/__23.html"" target=""_blank"" rel=""noopener"" class=""lawlink"">§ 23 MarkenG</a><br><br>Rechtsprechung: EuGH Gillette/LA-Laboratories (C-228/03); BGH Staubsaugerfiltertüten (I ZR 34/02); BGH Kühlergrill (I ZR 61/18); BGH GROSSE INSPEKTION FÜR ALLE (I ZR 33/10)"	Begriff Schranken
"Welcher Begriff wird so definiert?<br><br>Der Markeninhaber kann einem Dritten nicht untersagen, im geschäftlichen Verkehr (1) dessen Namen oder Anschrift (nur natürliche Personen), (2) Zeichen ohne Unterscheidungskraft oder beschreibende Angaben oder (3) die Marke als Hinweis auf die Bestimmung einer Ware (insbesondere Zubehör/Ersatzteile) oder Dienstleistung zu benutzen, sofern die Benutzung den anständigen Gepflogenheiten in Gewerbe oder Handel entspricht (<a href=""https://www.gesetze-im-internet.de/markeng/__23.html"" target=""_blank"" rel=""noopener"" class=""lawlink"">§ 23 Abs. 2</a>)."	"Schranken des <a href=""https://www.gesetze-im-internet.de/markeng/__23.html"" target=""_blank"" rel=""noopener"" class=""lawlink"">§ 23</a> (Namen, beschreibende Angaben, Bestimmungshinweis)"	Begriff Umkehr Schranken
"Definiere: Bestimmungshinweis / Ersatzteil- und Zubehörgeschäft (<a href=""https://www.gesetze-im-internet.de/markeng/__23.html"" target=""_blank"" rel=""noopener"" class=""lawlink"">§ 23 Abs. 1 Nr. 3</a>)"	"Die Benutzung einer fremden Marke ist zulässig, wenn sie als Hinweis auf die Bestimmung der eigenen Ware (Zubehör, Ersatzteil, Kompatibilität: 'passend für ...') notwendig ist und den anständigen Gepflogenheiten entspricht.<br><br>Normen: <a href=""https://www.gesetze-im-internet.de/markeng/__23.html"" target=""_blank"" rel=""noopener"" class=""lawlink"">§ 23 Abs. 1 Nr. 3</a>, <a href=""https://www.gesetze-im-internet.de/markeng/__23.html"" target=""_blank"" rel=""noopener"" class=""lawlink"">§ 23 Abs. 2 MarkenG</a><br><br>Rechtsprechung: EuGH Gillette/LA-Laboratories (C-228/03); BGH Staubsaugerfiltertüten (I ZR 34/02); BGH Kühlergrill (I ZR 61/18); BGH GROSSE INSPEKTION FÜR ALLE (I ZR 33/10)"	Begriff Schranken
Welcher Begriff wird so definiert?<br><br>Die Benutzung einer fremden Marke ist zulässig, wenn sie als Hinweis auf die Bestimmung der eigenen Ware (Zubehör, Ersatzteil, Kompatibilität: 'passend für ...') notwendig ist und den anständigen Gepflogenheiten entspricht.	"Bestimmungshinweis / Ersatzteil- und Zubehörgeschäft (<a href=""https://www.gesetze-im-internet.de/markeng/__23.html"" target=""_blank"" rel=""noopener"" class=""lawlink"">§ 23 Abs. 1 Nr. 3</a>)"	Begriff Umkehr Schranken
Definiere: Recht der Gleichnamigen	"Tragen zwei Unternehmen redlich denselben Namen, muss der Prioritätsjüngere grundsätzlich alles Erforderliche und Zumutbare tun, um Verwechslungen zu vermeiden (unterscheidende Zusätze); bei langjähriger Koexistenz kann eine Gleichgewichtslage entstehen, die keine Seite einseitig stören darf.<br><br>Normen: <a href=""https://www.gesetze-im-internet.de/markeng/__23.html"" target=""_blank"" rel=""noopener"" class=""lawlink"">§ 23 Abs. 1 Nr. 1</a>, <a href=""https://www.gesetze-im-internet.de/markeng/__15.html"" target=""_blank"" rel=""noopener"" class=""lawlink"">§ 15 MarkenG</a><br><br>Rechtsprechung: BGH Peek & Cloppenburg (I ZR 174/07); BGH shell.de (I ZR 138/99)"	Begriff Schranken
Welcher Begriff wird so definiert?<br><br>Tragen zwei Unternehmen redlich denselben Namen, muss der Prioritätsjüngere grundsätzlich alles Erforderliche und Zumutbare tun, um Verwechslungen zu vermeiden (unterscheidende Zusätze); bei langjähriger Koexistenz kann eine Gleichgewichtslage entstehen, die keine Seite einseitig stören darf.	Recht der Gleichnamigen	Begriff Umkehr Schranken
"Definiere: Erschöpfung (<a href=""https://www.gesetze-im-internet.de/markeng/__24.html"" target=""_blank"" rel=""noopener"" class=""lawlink"">§ 24 Abs. 1</a>)"	"Der Markeninhaber kann die Benutzung der Marke für Waren nicht untersagen, die unter dieser Marke von ihm oder mit seiner Zustimmung im Inland, in einem EU-Mitgliedstaat oder EWR-Vertragsstaat in den Verkehr gebracht worden sind (EWR-weite, keine internationale Erschöpfung).<br><br>Normen: <a href=""https://www.gesetze-im-internet.de/markeng/__24.html"" target=""_blank"" rel=""noopener"" class=""lawlink"">§ 24 Abs. 1</a>, <a href=""https://www.gesetze-im-internet.de/markeng/__30.html"" target=""_blank"" rel=""noopener"" class=""lawlink"">§ 30 Abs. 2 MarkenG</a><br><br>Rechtsprechung: EuGH Van Doren + Q. (stüssy) (C-244/00); BGH stüssy II (I ZR 193/97); BGH Converse I (I ZR 52/10); BGH Converse II (I ZR 137/10)"	Begriff Schranken
Welcher Begriff wird so definiert?<br><br>Der Markeninhaber kann die Benutzung der Marke für Waren nicht untersagen, die unter dieser Marke von ihm oder mit seiner Zustimmung im Inland, in einem EU-Mitgliedstaat oder EWR-Vertragsstaat in den Verkehr gebracht worden sind (EWR-weite, keine internationale Erschöpfung).	"Erschöpfung (<a href=""https://www.gesetze-im-internet.de/markeng/__24.html"" target=""_blank"" rel=""noopener"" class=""lawlink"">§ 24 Abs. 1</a>)"	Begriff Umkehr Schranken
"Definiere: Berechtigte Gründe gegen Erschöpfung (<a href=""https://www.gesetze-im-internet.de/markeng/__24.html"" target=""_blank"" rel=""noopener"" class=""lawlink"">§ 24 Abs. 2</a>)"	"Die Erschöpfung greift nicht, wenn sich der Inhaber der Benutzung im Zusammenhang mit dem weiteren Vertrieb aus berechtigten Gründen widersetzt, insbesondere wenn der Zustand der Waren nach dem Inverkehrbringen verändert oder verschlechtert ist.<br><br>Normen: <a href=""https://www.gesetze-im-internet.de/markeng/__24.html"" target=""_blank"" rel=""noopener"" class=""lawlink"">§ 24 Abs. 2 MarkenG</a><br><br>Rechtsprechung: EuGH Bristol-Myers Squibb/Paranova (C-427/93 u.a.); EuGH Parfums Christian Dior/Evora (C-337/95)"	Begriff Schranken
Welcher Begriff wird so definiert?<br><br>Die Erschöpfung greift nicht, wenn sich der Inhaber der Benutzung im Zusammenhang mit dem weiteren Vertrieb aus berechtigten Gründen widersetzt, insbesondere wenn der Zustand der Waren nach dem Inverkehrbringen verändert oder verschlechtert ist.	"Berechtigte Gründe gegen Erschöpfung (<a href=""https://www.gesetze-im-internet.de/markeng/__24.html"" target=""_blank"" rel=""noopener"" class=""lawlink"">§ 24 Abs. 2</a>)"	Begriff Umkehr Schranken
Definiere: Umverpackung / Parallelimport (BMS-Kriterien)	"Der Parallelimporteur darf umgepackte Markenware vertreiben, wenn (1) das Umpacken zur Vermarktung im Einfuhrstaat erforderlich ist, (2) der Originalzustand des Produkts nicht beeinträchtigt wird, (3) Hersteller und Umpacker auf der Packung angegeben sind, (4) die Aufmachung den Ruf der Marke nicht schädigt und (5) der Markeninhaber vorab unterrichtet wird.<br><br>Normen: <a href=""https://www.gesetze-im-internet.de/markeng/__24.html"" target=""_blank"" rel=""noopener"" class=""lawlink"">§ 24 Abs. 2 MarkenG</a><br><br>Rechtsprechung: EuGH Bristol-Myers Squibb/Paranova (C-427/93 u.a.)"	Begriff Schranken
Welcher Begriff wird so definiert?<br><br>Der Parallelimporteur darf umgepackte Markenware vertreiben, wenn (1) das Umpacken zur Vermarktung im Einfuhrstaat erforderlich ist, (2) der Originalzustand des Produkts nicht beeinträchtigt wird, (3) Hersteller und Umpacker auf der Packung angegeben sind, (4) die Aufmachung den Ruf der Marke nicht schädigt und (5) der Markeninhaber vorab unterrichtet wird.	Umverpackung / Parallelimport (BMS-Kriterien)	Begriff Umkehr Schranken
Definiere: Beweislast bei der Erschöpfung	"Grundsätzlich trägt der in Anspruch genommene Dritte die Beweislast für die Voraussetzungen der Erschöpfung (Inverkehrbringen im EWR mit Zustimmung). Betreibt der Markeninhaber ein ausschließliches Vertriebssystem und droht bei Offenlegung der Bezugsquelle eine Abschottung der nationalen Märkte, muss der Markeninhaber beweisen, dass die Ware außerhalb des EWR in Verkehr gebracht wurde.<br><br>Normen: <a href=""https://www.gesetze-im-internet.de/markeng/__24.html"" target=""_blank"" rel=""noopener"" class=""lawlink"">§ 24 Abs. 1 MarkenG</a><br><br>Rechtsprechung: EuGH Van Doren + Q. (stüssy) (C-244/00); BGH stüssy II (I ZR 193/97); BGH Converse I (I ZR 52/10); BGH Converse II (I ZR 137/10)"	Begriff Schranken
Welcher Begriff wird so definiert?<br><br>Grundsätzlich trägt der in Anspruch genommene Dritte die Beweislast für die Voraussetzungen der Erschöpfung (Inverkehrbringen im EWR mit Zustimmung). Betreibt der Markeninhaber ein ausschließliches Vertriebssystem und droht bei Offenlegung der Bezugsquelle eine Abschottung der nationalen Märkte, muss der Markeninhaber beweisen, dass die Ware außerhalb des EWR in Verkehr gebracht wurde.	Beweislast bei der Erschöpfung	Begriff Umkehr Schranken
"Definiere: Verwirkung (<a href=""https://www.gesetze-im-internet.de/markeng/__21.html"" target=""_blank"" rel=""noopener"" class=""lawlink"">§ 21</a>)"	"Der Inhaber eines älteren Kennzeichenrechts kann die Benutzung eines jüngeren eingetragenen Rechts nicht untersagen, wenn er sie fünf aufeinanderfolgende Jahre in Kenntnis geduldet hat, es sei denn, die jüngere Anmeldung war bösgläubig (<a href=""https://www.gesetze-im-internet.de/markeng/__21.html"" target=""_blank"" rel=""noopener"" class=""lawlink"">§ 21 Abs. 1</a>, 2). Daneben bleibt die allgemeine Verwirkung nach <a href=""https://www.gesetze-im-internet.de/bgb/__242.html"" target=""_blank"" rel=""noopener"" class=""lawlink"">§ 242 BGB</a> (<a href=""https://www.gesetze-im-internet.de/markeng/__21.html"" target=""_blank"" rel=""noopener"" class=""lawlink"">§ 21 Abs. 4</a>).<br><br>Normen: <a href=""https://www.gesetze-im-internet.de/markeng/__21.html"" target=""_blank"" rel=""noopener"" class=""lawlink"">§ 21 MarkenG</a><br><br>Rechtsprechung: BGH Hard Rock Cafe (I ZR 188/11); BGH Baumann II (I ZR 241/14)"	Begriff Schranken
"Welcher Begriff wird so definiert?<br><br>Der Inhaber eines älteren Kennzeichenrechts kann die Benutzung eines jüngeren eingetragenen Rechts nicht untersagen, wenn er sie fünf aufeinanderfolgende Jahre in Kenntnis geduldet hat, es sei denn, die jüngere Anmeldung war bösgläubig (<a href=""https://www.gesetze-im-internet.de/markeng/__21.html"" target=""_blank"" rel=""noopener"" class=""lawlink"">§ 21 Abs. 1</a>, 2). Daneben bleibt die allgemeine Verwirkung nach <a href=""https://www.gesetze-im-internet.de/bgb/__242.html"" target=""_blank"" rel=""noopener"" class=""lawlink"">§ 242 BGB</a> (<a href=""https://www.gesetze-im-internet.de/markeng/__21.html"" target=""_blank"" rel=""noopener"" class=""lawlink"">§ 21 Abs. 4</a>)."	"Verwirkung (<a href=""https://www.gesetze-im-internet.de/markeng/__21.html"" target=""_blank"" rel=""noopener"" class=""lawlink"">§ 21</a>)"	Begriff Umkehr Schranken
"Definiere: Verjährung (<a href=""https://www.gesetze-im-internet.de/markeng/__20.html"" target=""_blank"" rel=""noopener"" class=""lawlink"">§ 20</a>)"	"Ansprüche aus dem MarkenG verjähren nach den allgemeinen Vorschriften des BGB (regelmäßige Verjährung: drei Jahre ab Kenntnis, §§ <a href=""https://www.gesetze-im-internet.de/bgb/__195.html"" target=""_blank"" rel=""noopener"" class=""lawlink"">195</a>, <a href=""https://www.gesetze-im-internet.de/bgb/__199.html"" target=""_blank"" rel=""noopener"" class=""lawlink"">199</a> BGB). Der Bereicherungsanspruch bleibt nach <a href=""https://www.gesetze-im-internet.de/bgb/__852.html"" target=""_blank"" rel=""noopener"" class=""lawlink"">§ 852 BGB</a> erhalten (<a href=""https://www.gesetze-im-internet.de/markeng/__20.html"" target=""_blank"" rel=""noopener"" class=""lawlink"">§ 20 S. 2</a>).<br><br>Normen: <a href=""https://www.gesetze-im-internet.de/markeng/__20.html"" target=""_blank"" rel=""noopener"" class=""lawlink"">§ 20 MarkenG</a>"	Begriff Schranken
"Welcher Begriff wird so definiert?<br><br>Ansprüche aus dem MarkenG verjähren nach den allgemeinen Vorschriften des BGB (regelmäßige Verjährung: drei Jahre ab Kenntnis, §§ <a href=""https://www.gesetze-im-internet.de/bgb/__195.html"" target=""_blank"" rel=""noopener"" class=""lawlink"">195</a>, <a href=""https://www.gesetze-im-internet.de/bgb/__199.html"" target=""_blank"" rel=""noopener"" class=""lawlink"">199</a> BGB). Der Bereicherungsanspruch bleibt nach <a href=""https://www.gesetze-im-internet.de/bgb/__852.html"" target=""_blank"" rel=""noopener"" class=""lawlink"">§ 852 BGB</a> erhalten (<a href=""https://www.gesetze-im-internet.de/markeng/__20.html"" target=""_blank"" rel=""noopener"" class=""lawlink"">§ 20 S. 2</a>)."	"Verjährung (<a href=""https://www.gesetze-im-internet.de/markeng/__20.html"" target=""_blank"" rel=""noopener"" class=""lawlink"">§ 20</a>)"	Begriff Umkehr Schranken
"Definiere: Rechtserhaltende Benutzung (<a href=""https://www.gesetze-im-internet.de/markeng/__26.html"" target=""_blank"" rel=""noopener"" class=""lawlink"">§ 26</a>)"	"Die Marke muss von ihrem Inhaber oder mit seiner Zustimmung (<a href=""https://www.gesetze-im-internet.de/markeng/__26.html"" target=""_blank"" rel=""noopener"" class=""lawlink"">§ 26 Abs. 2</a>) im Inland (<a href=""https://www.gesetze-im-internet.de/markeng/__26.html"" target=""_blank"" rel=""noopener"" class=""lawlink"">§ 26 Abs. 1</a>) für die eingetragenen Waren/Dienstleistungen ernsthaft benutzt worden sein, es sei denn, es liegen berechtigte Gründe für die Nichtbenutzung vor. Die Benutzung in abweichender Form genügt, wenn die Abweichungen den kennzeichnenden Charakter nicht verändern (<a href=""https://www.gesetze-im-internet.de/markeng/__26.html"" target=""_blank"" rel=""noopener"" class=""lawlink"">§ 26 Abs. 3</a>); Anbringen auf Waren zum Export genügt (<a href=""https://www.gesetze-im-internet.de/markeng/__26.html"" target=""_blank"" rel=""noopener"" class=""lawlink"">§ 26 Abs. 4</a>).<br><br>Normen: <a href=""https://www.gesetze-im-internet.de/markeng/__26.html"" target=""_blank"" rel=""noopener"" class=""lawlink"">§ 26</a>, <a href=""https://www.gesetze-im-internet.de/markeng/__25.html"" target=""_blank"" rel=""noopener"" class=""lawlink"">§ 25</a>, <a href=""https://www.gesetze-im-internet.de/markeng/__43.html"" target=""_blank"" rel=""noopener"" class=""lawlink"">§ 43 Abs. 1</a>, <a href=""https://www.gesetze-im-internet.de/markeng/__49.html"" target=""_blank"" rel=""noopener"" class=""lawlink"">§ 49 MarkenG</a><br><br>Rechtsprechung: EuGH Ansul/Ajax (C-40/01); BGH VOODOO (I ZR 106/11); BGH LOTTOCARD (I ZR 167/05); BGH Probiotik (I ZR 38/13)"	Begriff Benutzungszwang
"Welcher Begriff wird so definiert?<br><br>Die Marke muss von ihrem Inhaber oder mit seiner Zustimmung (<a href=""https://www.gesetze-im-internet.de/markeng/__26.html"" target=""_blank"" rel=""noopener"" class=""lawlink"">§ 26 Abs. 2</a>) im Inland (<a href=""https://www.gesetze-im-internet.de/markeng/__26.html"" target=""_blank"" rel=""noopener"" class=""lawlink"">§ 26 Abs. 1</a>) für die eingetragenen Waren/Dienstleistungen ernsthaft benutzt worden sein, es sei denn, es liegen berechtigte Gründe für die Nichtbenutzung vor. Die Benutzung in abweichender Form genügt, wenn die Abweichungen den kennzeichnenden Charakter nicht verändern (<a href=""https://www.gesetze-im-internet.de/markeng/__26.html"" target=""_blank"" rel=""noopener"" class=""lawlink"">§ 26 Abs. 3</a>); Anbringen auf Waren zum Export genügt (<a href=""https://www.gesetze-im-internet.de/markeng/__26.html"" target=""_blank"" rel=""noopener"" class=""lawlink"">§ 26 Abs. 4</a>)."	"Rechtserhaltende Benutzung (<a href=""https://www.gesetze-im-internet.de/markeng/__26.html"" target=""_blank"" rel=""noopener"" class=""lawlink"">§ 26</a>)"	Begriff Umkehr Benutzungszwang
Definiere: Ernsthafte Benutzung	"Eine Benutzung ist ernsthaft, wenn sie entsprechend der Hauptfunktion der Marke erfolgt, um für die Waren/Dienstleistungen einen Absatzmarkt zu erschließen oder zu sichern; symbolische Benutzung allein zum Zweck der Rechtserhaltung genügt nicht (Ansul).<br><br>Normen: <a href=""https://www.gesetze-im-internet.de/markeng/__26.html"" target=""_blank"" rel=""noopener"" class=""lawlink"">§ 26 Abs. 1 MarkenG</a><br><br>Rechtsprechung: EuGH Ansul/Ajax (C-40/01); BGH VOODOO (I ZR 106/11); EuGH Leno Merken/Hagelkruis (ONEL/OMEL) (C-149/11)"	Begriff Benutzungszwang
Welcher Begriff wird so definiert?<br><br>Eine Benutzung ist ernsthaft, wenn sie entsprechend der Hauptfunktion der Marke erfolgt, um für die Waren/Dienstleistungen einen Absatzmarkt zu erschließen oder zu sichern; symbolische Benutzung allein zum Zweck der Rechtserhaltung genügt nicht (Ansul).	Ernsthafte Benutzung	Begriff Umkehr Benutzungszwang
"Definiere: Benutzung in abweichender Form (<a href=""https://www.gesetze-im-internet.de/markeng/__26.html"" target=""_blank"" rel=""noopener"" class=""lawlink"">§ 26 Abs. 3</a>)"	"Als Benutzung gilt auch die Benutzung in einer Form, die von der Eintragung abweicht, soweit die Abweichungen den kennzeichnenden Charakter der Marke nicht verändern – auch wenn die abweichende Form selbst eingetragen ist (<a href=""https://www.gesetze-im-internet.de/markeng/__26.html"" target=""_blank"" rel=""noopener"" class=""lawlink"">§ 26 Abs. 3 S. 2</a>).<br><br>Normen: <a href=""https://www.gesetze-im-internet.de/markeng/__26.html"" target=""_blank"" rel=""noopener"" class=""lawlink"">§ 26 Abs. 3 MarkenG</a><br><br>Rechtsprechung: BGH Probiotik (I ZR 38/13); BGH Dorzo (I ZB 6/16); BGH Castell/VIN CASTEL (I ZR 112/10); BGH LOTTOCARD (I ZR 167/05)"	Begriff Benutzungszwang
"Welcher Begriff wird so definiert?<br><br>Als Benutzung gilt auch die Benutzung in einer Form, die von der Eintragung abweicht, soweit die Abweichungen den kennzeichnenden Charakter der Marke nicht verändern – auch wenn die abweichende Form selbst eingetragen ist (<a href=""https://www.gesetze-im-internet.de/markeng/__26.html"" target=""_blank"" rel=""noopener"" class=""lawlink"">§ 26 Abs. 3 S. 2</a>)."	"Benutzung in abweichender Form (<a href=""https://www.gesetze-im-internet.de/markeng/__26.html"" target=""_blank"" rel=""noopener"" class=""lawlink"">§ 26 Abs. 3</a>)"	Begriff Umkehr Benutzungszwang
Definiere: Benutzungsschonfrist	"Innerhalb von fünf Jahren nach der Eintragung (bzw. nach Abschluss eines Widerspruchsverfahrens, <a href=""https://www.gesetze-im-internet.de/markeng/__26.html"" target=""_blank"" rel=""noopener"" class=""lawlink"">§ 26 Abs. 5</a>) ist die Nichtbenutzung unschädlich. Erst danach können Ansprüche wegen Nichtbenutzung ausgeschlossen (<a href=""https://www.gesetze-im-internet.de/markeng/__25.html"" target=""_blank"" rel=""noopener"" class=""lawlink"">§ 25</a>) und die Marke für verfallen erklärt werden (<a href=""https://www.gesetze-im-internet.de/markeng/__49.html"" target=""_blank"" rel=""noopener"" class=""lawlink"">§ 49 Abs. 1</a>).<br><br>Normen: <a href=""https://www.gesetze-im-internet.de/markeng/__25.html"" target=""_blank"" rel=""noopener"" class=""lawlink"">§ 25 Abs. 1</a>, <a href=""https://www.gesetze-im-internet.de/markeng/__26.html"" target=""_blank"" rel=""noopener"" class=""lawlink"">§ 26 Abs. 5</a>, <a href=""https://www.gesetze-im-internet.de/markeng/__49.html"" target=""_blank"" rel=""noopener"" class=""lawlink"">§ 49 Abs. 1 MarkenG</a>"	Begriff Benutzungszwang
"Welcher Begriff wird so definiert?<br><br>Innerhalb von fünf Jahren nach der Eintragung (bzw. nach Abschluss eines Widerspruchsverfahrens, <a href=""https://www.gesetze-im-internet.de/markeng/__26.html"" target=""_blank"" rel=""noopener"" class=""lawlink"">§ 26 Abs. 5</a>) ist die Nichtbenutzung unschädlich. Erst danach können Ansprüche wegen Nichtbenutzung ausgeschlossen (<a href=""https://www.gesetze-im-internet.de/markeng/__25.html"" target=""_blank"" rel=""noopener"" class=""lawlink"">§ 25</a>) und die Marke für verfallen erklärt werden (<a href=""https://www.gesetze-im-internet.de/markeng/__49.html"" target=""_blank"" rel=""noopener"" class=""lawlink"">§ 49 Abs. 1</a>)."	Benutzungsschonfrist	Begriff Umkehr Benutzungszwang
"Definiere: Nichtbenutzungseinrede (<a href=""https://www.gesetze-im-internet.de/markeng/__25.html"" target=""_blank"" rel=""noopener"" class=""lawlink"">§ 25</a>, <a href=""https://www.gesetze-im-internet.de/markeng/__43.html"" target=""_blank"" rel=""noopener"" class=""lawlink"">§ 43 Abs. 1</a>)"	"Im Verletzungsprozess (<a href=""https://www.gesetze-im-internet.de/markeng/__25.html"" target=""_blank"" rel=""noopener"" class=""lawlink"">§ 25 Abs. 2</a>) und im Widerspruchsverfahren (<a href=""https://www.gesetze-im-internet.de/markeng/__43.html"" target=""_blank"" rel=""noopener"" class=""lawlink"">§ 43 Abs. 1</a>) kann der Gegner die Einrede erheben, die Marke sei innerhalb der letzten fünf Jahre nicht rechtserhaltend benutzt worden; dann muss der Inhaber die Benutzung nachweisen (im Verletzungsprozess) bzw. glaubhaft machen (im Widerspruchsverfahren).<br><br>Normen: <a href=""https://www.gesetze-im-internet.de/markeng/__25.html"" target=""_blank"" rel=""noopener"" class=""lawlink"">§ 25</a>, <a href=""https://www.gesetze-im-internet.de/markeng/__43.html"" target=""_blank"" rel=""noopener"" class=""lawlink"">§ 43 Abs. 1 MarkenG</a><br><br>Rechtsprechung: BGH VOODOO (I ZR 106/11)"	Begriff Benutzungszwang
"Welcher Begriff wird so definiert?<br><br>Im Verletzungsprozess (<a href=""https://www.gesetze-im-internet.de/markeng/__25.html"" target=""_blank"" rel=""noopener"" class=""lawlink"">§ 25 Abs. 2</a>) und im Widerspruchsverfahren (<a href=""https://www.gesetze-im-internet.de/markeng/__43.html"" target=""_blank"" rel=""noopener"" class=""lawlink"">§ 43 Abs. 1</a>) kann der Gegner die Einrede erheben, die Marke sei innerhalb der letzten fünf Jahre nicht rechtserhaltend benutzt worden; dann muss der Inhaber die Benutzung nachweisen (im Verletzungsprozess) bzw. glaubhaft machen (im Widerspruchsverfahren)."	"Nichtbenutzungseinrede (<a href=""https://www.gesetze-im-internet.de/markeng/__25.html"" target=""_blank"" rel=""noopener"" class=""lawlink"">§ 25</a>, <a href=""https://www.gesetze-im-internet.de/markeng/__43.html"" target=""_blank"" rel=""noopener"" class=""lawlink"">§ 43 Abs. 1</a>)"	Begriff Umkehr Benutzungszwang
"Definiere: Verfall (<a href=""https://www.gesetze-im-internet.de/markeng/__49.html"" target=""_blank"" rel=""noopener"" class=""lawlink"">§ 49</a>)"	"Die Marke wird auf Antrag für verfallen erklärt und gelöscht, wenn (1) sie nach der Eintragung fünf Jahre ununterbrochen nicht rechtserhaltend benutzt wurde (Abs. 1), (2) sie infolge des Verhaltens des Inhabers zur gebräuchlichen Bezeichnung geworden ist (Abs. 2 Nr. 1), (3) sie infolge ihrer Benutzung täuschend geworden ist (Abs. 2 Nr. 2) oder (4) der Inhaber die Voraussetzungen des <a href=""https://www.gesetze-im-internet.de/markeng/__7.html"" target=""_blank"" rel=""noopener"" class=""lawlink"">§ 7</a> nicht mehr erfüllt (Abs. 2 Nr. 3).<br><br>Normen: <a href=""https://www.gesetze-im-internet.de/markeng/__49.html"" target=""_blank"" rel=""noopener"" class=""lawlink"">§ 49</a>, <a href=""https://www.gesetze-im-internet.de/markeng/__52.html"" target=""_blank"" rel=""noopener"" class=""lawlink"">§ 52 Abs. 1</a>, <a href=""https://www.gesetze-im-internet.de/markeng/__53.html"" target=""_blank"" rel=""noopener"" class=""lawlink"">§ 53</a>, <a href=""https://www.gesetze-im-internet.de/markeng/__55.html"" target=""_blank"" rel=""noopener"" class=""lawlink"">§ 55 MarkenG</a><br><br>Rechtsprechung: BGH VOODOO (I ZR 106/11); BGH TÜV II (I ZR 108/09)"	Begriff Verfahren
"Welcher Begriff wird so definiert?<br><br>Die Marke wird auf Antrag für verfallen erklärt und gelöscht, wenn (1) sie nach der Eintragung fünf Jahre ununterbrochen nicht rechtserhaltend benutzt wurde (Abs. 1), (2) sie infolge des Verhaltens des Inhabers zur gebräuchlichen Bezeichnung geworden ist (Abs. 2 Nr. 1), (3) sie infolge ihrer Benutzung täuschend geworden ist (Abs. 2 Nr. 2) oder (4) der Inhaber die Voraussetzungen des <a href=""https://www.gesetze-im-internet.de/markeng/__7.html"" target=""_blank"" rel=""noopener"" class=""lawlink"">§ 7</a> nicht mehr erfüllt (Abs. 2 Nr. 3)."	"Verfall (<a href=""https://www.gesetze-im-internet.de/markeng/__49.html"" target=""_blank"" rel=""noopener"" class=""lawlink"">§ 49</a>)"	Begriff Umkehr Verfahren
"Definiere: Nichtigkeit (§§ <a href=""https://www.gesetze-im-internet.de/markeng/__50.html"" target=""_blank"" rel=""noopener"" class=""lawlink"">50</a>, <a href=""https://www.gesetze-im-internet.de/markeng/__51.html"" target=""_blank"" rel=""noopener"" class=""lawlink"">51</a>)"	"Die Eintragung wird auf Antrag für nichtig erklärt und gelöscht, wenn die Marke entgegen §§ <a href=""https://www.gesetze-im-internet.de/markeng/__3.html"" target=""_blank"" rel=""noopener"" class=""lawlink"">3</a>, <a href=""https://www.gesetze-im-internet.de/markeng/__7.html"" target=""_blank"" rel=""noopener"" class=""lawlink"">7</a> oder 8 eingetragen wurde (<a href=""https://www.gesetze-im-internet.de/markeng/__50.html"" target=""_blank"" rel=""noopener"" class=""lawlink"">§ 50</a> – absolute Schutzhindernisse) oder ihr ein Recht mit älterem Zeitrang i.S.d. §§ <a href=""https://www.gesetze-im-internet.de/markeng/__9.html"" target=""_blank"" rel=""noopener"" class=""lawlink"">9</a>-<a href=""https://www.gesetze-im-internet.de/markeng/__13.html"" target=""_blank"" rel=""noopener"" class=""lawlink"">13</a> entgegensteht (<a href=""https://www.gesetze-im-internet.de/markeng/__51.html"" target=""_blank"" rel=""noopener"" class=""lawlink"">§ 51</a> – relative Nichtigkeitsgründe).<br><br>Normen: <a href=""https://www.gesetze-im-internet.de/markeng/__50.html"" target=""_blank"" rel=""noopener"" class=""lawlink"">§ 50</a>, <a href=""https://www.gesetze-im-internet.de/markeng/__51.html"" target=""_blank"" rel=""noopener"" class=""lawlink"">§ 51</a>, <a href=""https://www.gesetze-im-internet.de/markeng/__52.html"" target=""_blank"" rel=""noopener"" class=""lawlink"">§ 52 Abs. 2</a>, <a href=""https://www.gesetze-im-internet.de/markeng/__53.html"" target=""_blank"" rel=""noopener"" class=""lawlink"">§ 53</a>, <a href=""https://www.gesetze-im-internet.de/markeng/__55.html"" target=""_blank"" rel=""noopener"" class=""lawlink"">§ 55 MarkenG</a><br><br>Rechtsprechung: BGH smartbook (I ZB 59/12); BGH Sparkassen-Rot (I ZB 52/15); BGH Black Friday (I ZB 21/20); BGH Quadratische Tafelschokoladenverpackung II (I ZB 42/19)"	Begriff Verfahren
"Welcher Begriff wird so definiert?<br><br>Die Eintragung wird auf Antrag für nichtig erklärt und gelöscht, wenn die Marke entgegen §§ <a href=""https://www.gesetze-im-internet.de/markeng/__3.html"" target=""_blank"" rel=""noopener"" class=""lawlink"">3</a>, <a href=""https://www.gesetze-im-internet.de/markeng/__7.html"" target=""_blank"" rel=""noopener"" class=""lawlink"">7</a> oder 8 eingetragen wurde (<a href=""https://www.gesetze-im-internet.de/markeng/__50.html"" target=""_blank"" rel=""noopener"" class=""lawlink"">§ 50</a> – absolute Schutzhindernisse) oder ihr ein Recht mit älterem Zeitrang i.S.d. §§ <a href=""https://www.gesetze-im-internet.de/markeng/__9.html"" target=""_blank"" rel=""noopener"" class=""lawlink"">9</a>-<a href=""https://www.gesetze-im-internet.de/markeng/__13.html"" target=""_blank"" rel=""noopener"" class=""lawlink"">13</a> entgegensteht (<a href=""https://www.gesetze-im-internet.de/markeng/__51.html"" target=""_blank"" rel=""noopener"" class=""lawlink"">§ 51</a> – relative Nichtigkeitsgründe)."	"Nichtigkeit (§§ <a href=""https://www.gesetze-im-internet.de/markeng/__50.html"" target=""_blank"" rel=""noopener"" class=""lawlink"">50</a>, <a href=""https://www.gesetze-im-internet.de/markeng/__51.html"" target=""_blank"" rel=""noopener"" class=""lawlink"">51</a>)"	Begriff Umkehr Verfahren
"Definiere: Widerspruchsverfahren (§§ <a href=""https://www.gesetze-im-internet.de/markeng/__42.html"" target=""_blank"" rel=""noopener"" class=""lawlink"">42</a>, <a href=""https://www.gesetze-im-internet.de/markeng/__43.html"" target=""_blank"" rel=""noopener"" class=""lawlink"">43</a>)"	"Innerhalb von drei Monaten nach Veröffentlichung der Eintragung kann der Inhaber eines älteren Rechts (ältere Marke, notorisch bekannte Marke, Benutzungsmarke, geschäftliche Bezeichnung, geschützte Ursprungsbezeichnung) beim DPMA Widerspruch gegen die Eintragung erheben (<a href=""https://www.gesetze-im-internet.de/markeng/__42.html"" target=""_blank"" rel=""noopener"" class=""lawlink"">§ 42</a>). Auf Einrede muss er die Benutzung seiner älteren Marke glaubhaft machen (<a href=""https://www.gesetze-im-internet.de/markeng/__43.html"" target=""_blank"" rel=""noopener"" class=""lawlink"">§ 43 Abs. 1</a>).<br><br>Normen: <a href=""https://www.gesetze-im-internet.de/markeng/__42.html"" target=""_blank"" rel=""noopener"" class=""lawlink"">§ 42</a>, <a href=""https://www.gesetze-im-internet.de/markeng/__43.html"" target=""_blank"" rel=""noopener"" class=""lawlink"">§ 43</a>, <a href=""https://www.gesetze-im-internet.de/markeng/__66.html"" target=""_blank"" rel=""noopener"" class=""lawlink"">§ 66</a>, <a href=""https://www.gesetze-im-internet.de/markeng/__83.html"" target=""_blank"" rel=""noopener"" class=""lawlink"">§ 83 MarkenG</a><br><br>Rechtsprechung: BGH Maalox/Melox-GRY (I ZB 52/09); BGH DESPERADOS/DESPERADO (I ZB 63/12)"	Begriff Verfahren
"Welcher Begriff wird so definiert?<br><br>Innerhalb von drei Monaten nach Veröffentlichung der Eintragung kann der Inhaber eines älteren Rechts (ältere Marke, notorisch bekannte Marke, Benutzungsmarke, geschäftliche Bezeichnung, geschützte Ursprungsbezeichnung) beim DPMA Widerspruch gegen die Eintragung erheben (<a href=""https://www.gesetze-im-internet.de/markeng/__42.html"" target=""_blank"" rel=""noopener"" class=""lawlink"">§ 42</a>). Auf Einrede muss er die Benutzung seiner älteren Marke glaubhaft machen (<a href=""https://www.gesetze-im-internet.de/markeng/__43.html"" target=""_blank"" rel=""noopener"" class=""lawlink"">§ 43 Abs. 1</a>)."	"Widerspruchsverfahren (§§ <a href=""https://www.gesetze-im-internet.de/markeng/__42.html"" target=""_blank"" rel=""noopener"" class=""lawlink"">42</a>, <a href=""https://www.gesetze-im-internet.de/markeng/__43.html"" target=""_blank"" rel=""noopener"" class=""lawlink"">43</a>)"	Begriff Umkehr Verfahren
"Definiere: Lizenz (<a href=""https://www.gesetze-im-internet.de/markeng/__30.html"" target=""_blank"" rel=""noopener"" class=""lawlink"">§ 30</a>)"	"Das Markenrecht kann für alle oder einen Teil der Waren/Dienstleistungen ausschließlich oder nicht ausschließlich, räumlich oder sachlich beschränkt lizenziert werden (<a href=""https://www.gesetze-im-internet.de/markeng/__30.html"" target=""_blank"" rel=""noopener"" class=""lawlink"">§ 30 Abs. 1</a>). Bei Verstoß des Lizenznehmers gegen die in <a href=""https://www.gesetze-im-internet.de/markeng/__30.html"" target=""_blank"" rel=""noopener"" class=""lawlink"">§ 30 Abs. 2</a> genannten Beschränkungen kann der Inhaber die Marke gegen ihn geltend machen; ein Inverkehrbringen unter Verstoß gegen diese Beschränkungen erfolgt ohne Zustimmung (keine Erschöpfung).<br><br>Normen: <a href=""https://www.gesetze-im-internet.de/markeng/__30.html"" target=""_blank"" rel=""noopener"" class=""lawlink"">§ 30</a>, <a href=""https://www.gesetze-im-internet.de/markeng/__27.html"" target=""_blank"" rel=""noopener"" class=""lawlink"">§ 27 MarkenG</a><br><br>Rechtsprechung: BGH Converse II (I ZR 137/10)"	Begriff Verkehr_mit_Marken
"Welcher Begriff wird so definiert?<br><br>Das Markenrecht kann für alle oder einen Teil der Waren/Dienstleistungen ausschließlich oder nicht ausschließlich, räumlich oder sachlich beschränkt lizenziert werden (<a href=""https://www.gesetze-im-internet.de/markeng/__30.html"" target=""_blank"" rel=""noopener"" class=""lawlink"">§ 30 Abs. 1</a>). Bei Verstoß des Lizenznehmers gegen die in <a href=""https://www.gesetze-im-internet.de/markeng/__30.html"" target=""_blank"" rel=""noopener"" class=""lawlink"">§ 30 Abs. 2</a> genannten Beschränkungen kann der Inhaber die Marke gegen ihn geltend machen; ein Inverkehrbringen unter Verstoß gegen diese Beschränkungen erfolgt ohne Zustimmung (keine Erschöpfung)."	"Lizenz (<a href=""https://www.gesetze-im-internet.de/markeng/__30.html"" target=""_blank"" rel=""noopener"" class=""lawlink"">§ 30</a>)"	Begriff Umkehr Verkehr_mit_Marken
Definiere: Aktivlegitimation / Rechtsinhaberschaft	"Anspruchsberechtigt ist der Markeninhaber (<a href=""https://www.gesetze-im-internet.de/markeng/__14.html"" target=""_blank"" rel=""noopener"" class=""lawlink"">§ 14 Abs. 1</a>, <a href=""https://www.gesetze-im-internet.de/markeng/__28.html"" target=""_blank"" rel=""noopener"" class=""lawlink"">§ 28 Abs. 1</a>: Vermutung der Inhaberschaft für den Eingetragenen) sowie der Lizenznehmer unter den Voraussetzungen des <a href=""https://www.gesetze-im-internet.de/markeng/__30.html"" target=""_blank"" rel=""noopener"" class=""lawlink"">§ 30 Abs. 3</a>.<br><br>Normen: <a href=""https://www.gesetze-im-internet.de/markeng/__14.html"" target=""_blank"" rel=""noopener"" class=""lawlink"">§ 14 Abs. 1</a>, <a href=""https://www.gesetze-im-internet.de/markeng/__28.html"" target=""_blank"" rel=""noopener"" class=""lawlink"">§ 28</a>, <a href=""https://www.gesetze-im-internet.de/markeng/__30.html"" target=""_blank"" rel=""noopener"" class=""lawlink"">§ 30 Abs. 3 MarkenG</a>"	Begriff Rechtsfolgen
"Welcher Begriff wird so definiert?<br><br>Anspruchsberechtigt ist der Markeninhaber (<a href=""https://www.gesetze-im-internet.de/markeng/__14.html"" target=""_blank"" rel=""noopener"" class=""lawlink"">§ 14 Abs. 1</a>, <a href=""https://www.gesetze-im-internet.de/markeng/__28.html"" target=""_blank"" rel=""noopener"" class=""lawlink"">§ 28 Abs. 1</a>: Vermutung der Inhaberschaft für den Eingetragenen) sowie der Lizenznehmer unter den Voraussetzungen des <a href=""https://www.gesetze-im-internet.de/markeng/__30.html"" target=""_blank"" rel=""noopener"" class=""lawlink"">§ 30 Abs. 3</a>."	Aktivlegitimation / Rechtsinhaberschaft	Begriff Umkehr Rechtsfolgen
"Definiere: Unterlassungsanspruch (<a href=""https://www.gesetze-im-internet.de/markeng/__14.html"" target=""_blank"" rel=""noopener"" class=""lawlink"">§ 14 Abs. 5</a>)"	"Wer ein Zeichen entgegen <a href=""https://www.gesetze-im-internet.de/markeng/__14.html"" target=""_blank"" rel=""noopener"" class=""lawlink"">§ 14 Abs. 2</a> bis 4 benutzt, kann vom Markeninhaber bei Wiederholungsgefahr auf Unterlassung in Anspruch genommen werden; der Anspruch besteht auch bei Erstbegehungsgefahr (<a href=""https://www.gesetze-im-internet.de/markeng/__14.html"" target=""_blank"" rel=""noopener"" class=""lawlink"">§ 14 Abs. 5 S. 2</a>). Verschulden ist nicht erforderlich.<br><br>Normen: <a href=""https://www.gesetze-im-internet.de/markeng/__14.html"" target=""_blank"" rel=""noopener"" class=""lawlink"">§ 14 Abs. 5</a>, <a href=""https://www.gesetze-im-internet.de/markeng/__15.html"" target=""_blank"" rel=""noopener"" class=""lawlink"">§ 15 Abs. 4</a>, <a href=""https://www.gesetze-im-internet.de/markeng/__140.html"" target=""_blank"" rel=""noopener"" class=""lawlink"">§ 140 MarkenG</a><br><br>Rechtsprechung: BGH Internet-Versteigerung II (I ZR 35/04); BGH ORTLIEB II (I ZR 29/18); BGH Hard Rock Cafe (I ZR 188/11); EuGH DHL Express France/Chronopost (WEBSHIPPING) (C-235/09)"	Begriff Rechtsfolgen
"Welcher Begriff wird so definiert?<br><br>Wer ein Zeichen entgegen <a href=""https://www.gesetze-im-internet.de/markeng/__14.html"" target=""_blank"" rel=""noopener"" class=""lawlink"">§ 14 Abs. 2</a> bis 4 benutzt, kann vom Markeninhaber bei Wiederholungsgefahr auf Unterlassung in Anspruch genommen werden; der Anspruch besteht auch bei Erstbegehungsgefahr (<a href=""https://www.gesetze-im-internet.de/markeng/__14.html"" target=""_blank"" rel=""noopener"" class=""lawlink"">§ 14 Abs. 5 S. 2</a>). Verschulden ist nicht erforderlich."	"Unterlassungsanspruch (<a href=""https://www.gesetze-im-internet.de/markeng/__14.html"" target=""_blank"" rel=""noopener"" class=""lawlink"">§ 14 Abs. 5</a>)"	Begriff Umkehr Rechtsfolgen
"Definiere: Schadensersatz (<a href=""https://www.gesetze-im-internet.de/markeng/__14.html"" target=""_blank"" rel=""noopener"" class=""lawlink"">§ 14 Abs. 6</a>) und dreifache Schadensberechnung"	"Wer die Verletzungshandlung vorsätzlich oder fahrlässig begeht, ist zum Ersatz des entstandenen Schadens verpflichtet. Berechnung nach Wahl des Verletzten: (1) konkreter Schaden inkl. entgangenem Gewinn, (2) Herausgabe des Verletzergewinns (<a href=""https://www.gesetze-im-internet.de/markeng/__14.html"" target=""_blank"" rel=""noopener"" class=""lawlink"">§ 14 Abs. 6 S. 2</a>), (3) angemessene Lizenzgebühr (Lizenzanalogie, <a href=""https://www.gesetze-im-internet.de/markeng/__14.html"" target=""_blank"" rel=""noopener"" class=""lawlink"">§ 14 Abs. 6 S. 3</a>).<br><br>Normen: <a href=""https://www.gesetze-im-internet.de/markeng/__14.html"" target=""_blank"" rel=""noopener"" class=""lawlink"">§ 14 Abs. 6</a>, <a href=""https://www.gesetze-im-internet.de/markeng/__14.html"" target=""_blank"" rel=""noopener"" class=""lawlink"">§ 14 Abs. 7</a>, <a href=""https://www.gesetze-im-internet.de/markeng/__19.html"" target=""_blank"" rel=""noopener"" class=""lawlink"">§ 19 MarkenG</a><br><br>Rechtsprechung: BGH BTK (I ZR 169/07)"	Begriff Rechtsfolgen
"Welcher Begriff wird so definiert?<br><br>Wer die Verletzungshandlung vorsätzlich oder fahrlässig begeht, ist zum Ersatz des entstandenen Schadens verpflichtet. Berechnung nach Wahl des Verletzten: (1) konkreter Schaden inkl. entgangenem Gewinn, (2) Herausgabe des Verletzergewinns (<a href=""https://www.gesetze-im-internet.de/markeng/__14.html"" target=""_blank"" rel=""noopener"" class=""lawlink"">§ 14 Abs. 6 S. 2</a>), (3) angemessene Lizenzgebühr (Lizenzanalogie, <a href=""https://www.gesetze-im-internet.de/markeng/__14.html"" target=""_blank"" rel=""noopener"" class=""lawlink"">§ 14 Abs. 6 S. 3</a>)."	"Schadensersatz (<a href=""https://www.gesetze-im-internet.de/markeng/__14.html"" target=""_blank"" rel=""noopener"" class=""lawlink"">§ 14 Abs. 6</a>) und dreifache Schadensberechnung"	Begriff Umkehr Rechtsfolgen
Definiere: Lizenzanalogie	"Methode der Schadensberechnung: Der Verletzer schuldet den Betrag, den er als angemessene Vergütung hätte entrichten müssen, wenn er die Erlaubnis zur Nutzung des Kennzeichens eingeholt hätte (<a href=""https://www.gesetze-im-internet.de/markeng/__14.html"" target=""_blank"" rel=""noopener"" class=""lawlink"">§ 14 Abs. 6 S. 3</a>).<br><br>Normen: <a href=""https://www.gesetze-im-internet.de/markeng/__14.html"" target=""_blank"" rel=""noopener"" class=""lawlink"">§ 14 Abs. 6 S. 3 MarkenG</a><br><br>Rechtsprechung: BGH BTK (I ZR 169/07)"	Begriff Rechtsfolgen
"Welcher Begriff wird so definiert?<br><br>Methode der Schadensberechnung: Der Verletzer schuldet den Betrag, den er als angemessene Vergütung hätte entrichten müssen, wenn er die Erlaubnis zur Nutzung des Kennzeichens eingeholt hätte (<a href=""https://www.gesetze-im-internet.de/markeng/__14.html"" target=""_blank"" rel=""noopener"" class=""lawlink"">§ 14 Abs. 6 S. 3</a>)."	Lizenzanalogie	Begriff Umkehr Rechtsfolgen
"Definiere: Vernichtung, Rückruf, Auskunft (§§ <a href=""https://www.gesetze-im-internet.de/markeng/__18.html"" target=""_blank"" rel=""noopener"" class=""lawlink"">18</a>, <a href=""https://www.gesetze-im-internet.de/markeng/__19.html"" target=""_blank"" rel=""noopener"" class=""lawlink"">19</a>)"	"Der Verletzte kann Vernichtung der widerrechtlich gekennzeichneten Waren und der Herstellungsmittel (<a href=""https://www.gesetze-im-internet.de/markeng/__18.html"" target=""_blank"" rel=""noopener"" class=""lawlink"">§ 18 Abs. 1</a>) sowie Rückruf und Entfernung aus den Vertriebswegen (<a href=""https://www.gesetze-im-internet.de/markeng/__18.html"" target=""_blank"" rel=""noopener"" class=""lawlink"">§ 18 Abs. 2</a>) verlangen, soweit verhältnismäßig (<a href=""https://www.gesetze-im-internet.de/markeng/__18.html"" target=""_blank"" rel=""noopener"" class=""lawlink"">§ 18 Abs. 3</a>). Ferner Auskunft über Herkunft und Vertriebsweg (<a href=""https://www.gesetze-im-internet.de/markeng/__19.html"" target=""_blank"" rel=""noopener"" class=""lawlink"">§ 19</a>), auch gegen Dritte (<a href=""https://www.gesetze-im-internet.de/markeng/__19.html"" target=""_blank"" rel=""noopener"" class=""lawlink"">§ 19 Abs. 2</a>), bei offensichtlicher Verletzung im Eilverfahren (<a href=""https://www.gesetze-im-internet.de/markeng/__19.html"" target=""_blank"" rel=""noopener"" class=""lawlink"">§ 19 Abs. 7</a>).<br><br>Normen: <a href=""https://www.gesetze-im-internet.de/markeng/__18.html"" target=""_blank"" rel=""noopener"" class=""lawlink"">§ 18</a>, <a href=""https://www.gesetze-im-internet.de/markeng/__19.html"" target=""_blank"" rel=""noopener"" class=""lawlink"">§ 19</a>, <a href=""https://www.gesetze-im-internet.de/markeng/__19a.html"" target=""_blank"" rel=""noopener"" class=""lawlink"">§ 19a</a>, <a href=""https://www.gesetze-im-internet.de/markeng/__19b.html"" target=""_blank"" rel=""noopener"" class=""lawlink"">§ 19b</a>, <a href=""https://www.gesetze-im-internet.de/markeng/__19c.html"" target=""_blank"" rel=""noopener"" class=""lawlink"">§ 19c MarkenG</a>"	Begriff Rechtsfolgen
"Welcher Begriff wird so definiert?<br><br>Der Verletzte kann Vernichtung der widerrechtlich gekennzeichneten Waren und der Herstellungsmittel (<a href=""https://www.gesetze-im-internet.de/markeng/__18.html"" target=""_blank"" rel=""noopener"" class=""lawlink"">§ 18 Abs. 1</a>) sowie Rückruf und Entfernung aus den Vertriebswegen (<a href=""https://www.gesetze-im-internet.de/markeng/__18.html"" target=""_blank"" rel=""noopener"" class=""lawlink"">§ 18 Abs. 2</a>) verlangen, soweit verhältnismäßig (<a href=""https://www.gesetze-im-internet.de/markeng/__18.html"" target=""_blank"" rel=""noopener"" class=""lawlink"">§ 18 Abs. 3</a>). Ferner Auskunft über Herkunft und Vertriebsweg (<a href=""https://www.gesetze-im-internet.de/markeng/__19.html"" target=""_blank"" rel=""noopener"" class=""lawlink"">§ 19</a>), auch gegen Dritte (<a href=""https://www.gesetze-im-internet.de/markeng/__19.html"" target=""_blank"" rel=""noopener"" class=""lawlink"">§ 19 Abs. 2</a>), bei offensichtlicher Verletzung im Eilverfahren (<a href=""https://www.gesetze-im-internet.de/markeng/__19.html"" target=""_blank"" rel=""noopener"" class=""lawlink"">§ 19 Abs. 7</a>)."	"Vernichtung, Rückruf, Auskunft (§§ <a href=""https://www.gesetze-im-internet.de/markeng/__18.html"" target=""_blank"" rel=""noopener"" class=""lawlink"">18</a>, <a href=""https://www.gesetze-im-internet.de/markeng/__19.html"" target=""_blank"" rel=""noopener"" class=""lawlink"">19</a>)"	Begriff Umkehr Rechtsfolgen
Definiere: Täter-, Teilnehmer- und Störerhaftung	"Täter ist, wer die Verletzungshandlung selbst (oder mittäterschaftlich) begeht; Teilnehmer (Anstifter/Gehilfe) haftet bei vorsätzlicher Beteiligung an einer vorsätzlichen Haupttat; Störer ist, wer willentlich und adäquat kausal zur Verletzung beiträgt und zumutbare Prüfpflichten verletzt – er haftet nur auf Unterlassung, nicht auf Schadensersatz.<br><br>Normen: <a href=""https://www.gesetze-im-internet.de/markeng/__14.html"" target=""_blank"" rel=""noopener"" class=""lawlink"">§ 14 Abs. 5</a>, <a href=""https://www.gesetze-im-internet.de/markeng/__14.html"" target=""_blank"" rel=""noopener"" class=""lawlink"">§ 14 Abs. 7 MarkenG</a><br><br>Rechtsprechung: BGH Internet-Versteigerung II (I ZR 35/04); BGH Kinderhochstühle im Internet (I ZR 139/08); BGH Tork (I ZR 136/17)"	Begriff Rechtsfolgen
Welcher Begriff wird so definiert?<br><br>Täter ist, wer die Verletzungshandlung selbst (oder mittäterschaftlich) begeht; Teilnehmer (Anstifter/Gehilfe) haftet bei vorsätzlicher Beteiligung an einer vorsätzlichen Haupttat; Störer ist, wer willentlich und adäquat kausal zur Verletzung beiträgt und zumutbare Prüfpflichten verletzt – er haftet nur auf Unterlassung, nicht auf Schadensersatz.	Täter-, Teilnehmer- und Störerhaftung	Begriff Umkehr Rechtsfolgen
Definiere: Keyword-Advertising	"Die Buchung einer fremden Marke als Schlüsselwort für Suchmaschinenwerbung ist eine Benutzung im geschäftlichen Verkehr für Waren/Dienstleistungen. Sie verletzt die Herkunftsfunktion nur, wenn aus der Anzeige für den normal informierten Internetnutzer nicht oder nur schwer zu erkennen ist, ob die beworbenen Waren vom Markeninhaber, einem verbundenen Unternehmen oder einem Dritten stammen.<br><br>Normen: <a href=""https://www.gesetze-im-internet.de/markeng/__14.html"" target=""_blank"" rel=""noopener"" class=""lawlink"">§ 14 Abs. 2 Nr. 1</a>, <a href=""https://www.gesetze-im-internet.de/markeng/__14.html"" target=""_blank"" rel=""noopener"" class=""lawlink"">§ 14 Abs. 2 Nr. 3 MarkenG</a><br><br>Rechtsprechung: EuGH Google France und Google (C-236/08 bis C-238/08); BGH Bananabay II (I ZR 125/07); BGH MOST-Pralinen (I ZR 217/10); BGH Fleurop (I ZR 53/12)"	Begriff Verletzung
Welcher Begriff wird so definiert?<br><br>Die Buchung einer fremden Marke als Schlüsselwort für Suchmaschinenwerbung ist eine Benutzung im geschäftlichen Verkehr für Waren/Dienstleistungen. Sie verletzt die Herkunftsfunktion nur, wenn aus der Anzeige für den normal informierten Internetnutzer nicht oder nur schwer zu erkennen ist, ob die beworbenen Waren vom Markeninhaber, einem verbundenen Unternehmen oder einem Dritten stammen.	Keyword-Advertising	Begriff Umkehr Verletzung
"Definiere: Geschäftliche Bezeichnungen (<a href=""https://www.gesetze-im-internet.de/markeng/__5.html"" target=""_blank"" rel=""noopener"" class=""lawlink"">§ 5</a>)"	"Oberbegriff für Unternehmenskennzeichen (<a href=""https://www.gesetze-im-internet.de/markeng/__5.html"" target=""_blank"" rel=""noopener"" class=""lawlink"">§ 5 Abs. 2</a>) und Werktitel (<a href=""https://www.gesetze-im-internet.de/markeng/__5.html"" target=""_blank"" rel=""noopener"" class=""lawlink"">§ 5 Abs. 3</a>). Sie entstehen ohne Eintragung durch Benutzung und gewähren ein ausschließliches Recht nach <a href=""https://www.gesetze-im-internet.de/markeng/__15.html"" target=""_blank"" rel=""noopener"" class=""lawlink"">§ 15</a>.<br><br>Normen: <a href=""https://www.gesetze-im-internet.de/markeng/__1.html"" target=""_blank"" rel=""noopener"" class=""lawlink"">§ 1 Nr. 2</a>, <a href=""https://www.gesetze-im-internet.de/markeng/__5.html"" target=""_blank"" rel=""noopener"" class=""lawlink"">§ 5</a>, <a href=""https://www.gesetze-im-internet.de/markeng/__15.html"" target=""_blank"" rel=""noopener"" class=""lawlink"">§ 15 MarkenG</a>"	Begriff Geschäftliche_Bezeichnungen
"Welcher Begriff wird so definiert?<br><br>Oberbegriff für Unternehmenskennzeichen (<a href=""https://www.gesetze-im-internet.de/markeng/__5.html"" target=""_blank"" rel=""noopener"" class=""lawlink"">§ 5 Abs. 2</a>) und Werktitel (<a href=""https://www.gesetze-im-internet.de/markeng/__5.html"" target=""_blank"" rel=""noopener"" class=""lawlink"">§ 5 Abs. 3</a>). Sie entstehen ohne Eintragung durch Benutzung und gewähren ein ausschließliches Recht nach <a href=""https://www.gesetze-im-internet.de/markeng/__15.html"" target=""_blank"" rel=""noopener"" class=""lawlink"">§ 15</a>."	"Geschäftliche Bezeichnungen (<a href=""https://www.gesetze-im-internet.de/markeng/__5.html"" target=""_blank"" rel=""noopener"" class=""lawlink"">§ 5</a>)"	Begriff Umkehr Geschäftliche_Bezeichnungen
"Definiere: Unternehmenskennzeichen (<a href=""https://www.gesetze-im-internet.de/markeng/__5.html"" target=""_blank"" rel=""noopener"" class=""lawlink"">§ 5 Abs. 2</a>)"	"Zeichen, die im geschäftlichen Verkehr als Name, Firma oder besondere Bezeichnung eines Geschäftsbetriebs oder Unternehmens benutzt werden (<a href=""https://www.gesetze-im-internet.de/markeng/__5.html"" target=""_blank"" rel=""noopener"" class=""lawlink"">§ 5 Abs. 2 S. 1</a>); Geschäftsabzeichen und sonstige Unterscheidungszeichen stehen ihnen bei Verkehrsgeltung gleich (<a href=""https://www.gesetze-im-internet.de/markeng/__5.html"" target=""_blank"" rel=""noopener"" class=""lawlink"">§ 5 Abs. 2 S. 2</a>).<br><br>Normen: <a href=""https://www.gesetze-im-internet.de/markeng/__5.html"" target=""_blank"" rel=""noopener"" class=""lawlink"">§ 5 Abs. 2</a>, <a href=""https://www.gesetze-im-internet.de/markeng/__15.html"" target=""_blank"" rel=""noopener"" class=""lawlink"">§ 15 MarkenG</a><br><br>Rechtsprechung: BGH soco.de (I ZR 135/01); BGH defacto (I ZR 230/99); BGH Peek & Cloppenburg (I ZR 174/07); BGH Baumann II (I ZR 241/14)"	Begriff Geschäftliche_Bezeichnungen
"Welcher Begriff wird so definiert?<br><br>Zeichen, die im geschäftlichen Verkehr als Name, Firma oder besondere Bezeichnung eines Geschäftsbetriebs oder Unternehmens benutzt werden (<a href=""https://www.gesetze-im-internet.de/markeng/__5.html"" target=""_blank"" rel=""noopener"" class=""lawlink"">§ 5 Abs. 2 S. 1</a>); Geschäftsabzeichen und sonstige Unterscheidungszeichen stehen ihnen bei Verkehrsgeltung gleich (<a href=""https://www.gesetze-im-internet.de/markeng/__5.html"" target=""_blank"" rel=""noopener"" class=""lawlink"">§ 5 Abs. 2 S. 2</a>)."	"Unternehmenskennzeichen (<a href=""https://www.gesetze-im-internet.de/markeng/__5.html"" target=""_blank"" rel=""noopener"" class=""lawlink"">§ 5 Abs. 2</a>)"	Begriff Umkehr Geschäftliche_Bezeichnungen
Definiere: Firmenschlagwort / Firmenbestandteil	"Ein Bestandteil einer Firma genießt selbständigen Kennzeichenschutz, wenn er seiner Natur nach geeignet ist, im Verkehr als schlagwortartiger Hinweis auf das Unternehmen zu wirken (Unterscheidungskraft), ohne dass eine tatsächliche schlagwortartige Verwendung erforderlich ist.<br><br>Normen: <a href=""https://www.gesetze-im-internet.de/markeng/__5.html"" target=""_blank"" rel=""noopener"" class=""lawlink"">§ 5 Abs. 2 MarkenG</a><br><br>Rechtsprechung: BGH defacto (I ZR 230/99); BGH Baumann II (I ZR 241/14); BGH Castell/VIN CASTEL (I ZR 112/10)"	Begriff Geschäftliche_Bezeichnungen
Welcher Begriff wird so definiert?<br><br>Ein Bestandteil einer Firma genießt selbständigen Kennzeichenschutz, wenn er seiner Natur nach geeignet ist, im Verkehr als schlagwortartiger Hinweis auf das Unternehmen zu wirken (Unterscheidungskraft), ohne dass eine tatsächliche schlagwortartige Verwendung erforderlich ist.	Firmenschlagwort / Firmenbestandteil	Begriff Umkehr Geschäftliche_Bezeichnungen
Definiere: Branchennähe	"Bei der Verwechslungsgefahr zwischen Unternehmenskennzeichen (<a href=""https://www.gesetze-im-internet.de/markeng/__15.html"" target=""_blank"" rel=""noopener"" class=""lawlink"">§ 15 Abs. 2</a>) tritt an die Stelle der Waren-/Dienstleistungsähnlichkeit die Branchennähe: Berührungspunkte der Unternehmen auf dem Markt nach Art der Waren/Dienstleistungen, Vertriebswegen, Kundenkreisen.<br><br>Normen: <a href=""https://www.gesetze-im-internet.de/markeng/__15.html"" target=""_blank"" rel=""noopener"" class=""lawlink"">§ 15 Abs. 2 MarkenG</a><br><br>Rechtsprechung: BGH defacto (I ZR 230/99)"	Begriff Geschäftliche_Bezeichnungen
"Welcher Begriff wird so definiert?<br><br>Bei der Verwechslungsgefahr zwischen Unternehmenskennzeichen (<a href=""https://www.gesetze-im-internet.de/markeng/__15.html"" target=""_blank"" rel=""noopener"" class=""lawlink"">§ 15 Abs. 2</a>) tritt an die Stelle der Waren-/Dienstleistungsähnlichkeit die Branchennähe: Berührungspunkte der Unternehmen auf dem Markt nach Art der Waren/Dienstleistungen, Vertriebswegen, Kundenkreisen."	Branchennähe	Begriff Umkehr Geschäftliche_Bezeichnungen
"Definiere: Werktitel (<a href=""https://www.gesetze-im-internet.de/markeng/__5.html"" target=""_blank"" rel=""noopener"" class=""lawlink"">§ 5 Abs. 3</a>)"	"Namen oder besondere Bezeichnungen von Druckschriften, Filmwerken, Tonwerken, Bühnenwerken oder sonstigen vergleichbaren Werken (auch Software, Apps, Spiele, Internetangebote). Der Titel kennzeichnet das Werk als solches (Individualisierungsfunktion), nicht seine betriebliche Herkunft.<br><br>Normen: <a href=""https://www.gesetze-im-internet.de/markeng/__5.html"" target=""_blank"" rel=""noopener"" class=""lawlink"">§ 5 Abs. 3</a>, <a href=""https://www.gesetze-im-internet.de/markeng/__15.html"" target=""_blank"" rel=""noopener"" class=""lawlink"">§ 15 MarkenG</a><br><br>Rechtsprechung: BGH wetter.de (I ZR 202/14); BGH Das Omen (I ZR 97/17); BGH Augsburger Puppenkiste (I ZR 200/06); BGH Die Vision (I ZB 35/09)"	Begriff Geschäftliche_Bezeichnungen
Welcher Begriff wird so definiert?<br><br>Namen oder besondere Bezeichnungen von Druckschriften, Filmwerken, Tonwerken, Bühnenwerken oder sonstigen vergleichbaren Werken (auch Software, Apps, Spiele, Internetangebote). Der Titel kennzeichnet das Werk als solches (Individualisierungsfunktion), nicht seine betriebliche Herkunft.	"Werktitel (<a href=""https://www.gesetze-im-internet.de/markeng/__5.html"" target=""_blank"" rel=""noopener"" class=""lawlink"">§ 5 Abs. 3</a>)"	Begriff Umkehr Geschäftliche_Bezeichnungen
Definiere: Domainname als Kennzeichen	"Ein Domainname ist selbst kein Kennzeichenrecht, kann aber durch Benutzung im geschäftlichen Verkehr als Unternehmenskennzeichen (<a href=""https://www.gesetze-im-internet.de/markeng/__5.html"" target=""_blank"" rel=""noopener"" class=""lawlink"">§ 5 Abs. 2</a>), Werktitel (<a href=""https://www.gesetze-im-internet.de/markeng/__5.html"" target=""_blank"" rel=""noopener"" class=""lawlink"">§ 5 Abs. 3</a>) oder – bei Verkehrsgeltung – als Benutzungsmarke (<a href=""https://www.gesetze-im-internet.de/markeng/__4.html"" target=""_blank"" rel=""noopener"" class=""lawlink"">§ 4 Nr. 2</a>) Schutz erlangen. Die Registrierung allein begründet kein Kennzeichenrecht.<br><br>Normen: <a href=""https://www.gesetze-im-internet.de/markeng/__5.html"" target=""_blank"" rel=""noopener"" class=""lawlink"">§ 5</a>, <a href=""https://www.gesetze-im-internet.de/markeng/__14.html"" target=""_blank"" rel=""noopener"" class=""lawlink"">§ 14</a>, <a href=""https://www.gesetze-im-internet.de/markeng/__15.html"" target=""_blank"" rel=""noopener"" class=""lawlink"">§ 15 MarkenG</a><br><br>Rechtsprechung: BGH soco.de (I ZR 135/01); BGH shell.de (I ZR 138/99); BGH wetter.de (I ZR 202/14)"	Begriff Geschäftliche_Bezeichnungen
"Welcher Begriff wird so definiert?<br><br>Ein Domainname ist selbst kein Kennzeichenrecht, kann aber durch Benutzung im geschäftlichen Verkehr als Unternehmenskennzeichen (<a href=""https://www.gesetze-im-internet.de/markeng/__5.html"" target=""_blank"" rel=""noopener"" class=""lawlink"">§ 5 Abs. 2</a>), Werktitel (<a href=""https://www.gesetze-im-internet.de/markeng/__5.html"" target=""_blank"" rel=""noopener"" class=""lawlink"">§ 5 Abs. 3</a>) oder – bei Verkehrsgeltung – als Benutzungsmarke (<a href=""https://www.gesetze-im-internet.de/markeng/__4.html"" target=""_blank"" rel=""noopener"" class=""lawlink"">§ 4 Nr. 2</a>) Schutz erlangen. Die Registrierung allein begründet kein Kennzeichenrecht."	Domainname als Kennzeichen	Begriff Umkehr Geschäftliche_Bezeichnungen
"Definiere: Verhältnis MarkenG – UWG – <a href=""https://www.gesetze-im-internet.de/bgb/__12.html"" target=""_blank"" rel=""noopener"" class=""lawlink"">§ 12 BGB</a>"	"Das MarkenG schließt die Anwendung anderer Vorschriften nicht aus (<a href=""https://www.gesetze-im-internet.de/markeng/__2.html"" target=""_blank"" rel=""noopener"" class=""lawlink"">§ 2</a>). Nach Aufgabe der 'Vorrangthese' (Hard Rock Cafe) können lauterkeitsrechtliche Ansprüche (<a href=""https://www.gesetze-im-internet.de/markeng/__4.html"" target=""_blank"" rel=""noopener"" class=""lawlink"">§§ 4 Nr. 3</a>, 5 Abs. 2 UWG) neben kennzeichenrechtlichen bestehen; Wertungswidersprüche zu den markenrechtlichen Schranken sind aber zu vermeiden.<br><br>Normen: <a href=""https://www.gesetze-im-internet.de/markeng/__2.html"" target=""_blank"" rel=""noopener"" class=""lawlink"">§ 2</a>, <a href=""https://www.gesetze-im-internet.de/markeng/__126.html"" target=""_blank"" rel=""noopener"" class=""lawlink"">§ 126 MarkenG</a><br><br>Rechtsprechung: BGH Hard Rock Cafe (I ZR 188/11)"	Begriff Grundlagen
"Welcher Begriff wird so definiert?<br><br>Das MarkenG schließt die Anwendung anderer Vorschriften nicht aus (<a href=""https://www.gesetze-im-internet.de/markeng/__2.html"" target=""_blank"" rel=""noopener"" class=""lawlink"">§ 2</a>). Nach Aufgabe der 'Vorrangthese' (Hard Rock Cafe) können lauterkeitsrechtliche Ansprüche (<a href=""https://www.gesetze-im-internet.de/markeng/__4.html"" target=""_blank"" rel=""noopener"" class=""lawlink"">§§ 4 Nr. 3</a>, 5 Abs. 2 UWG) neben kennzeichenrechtlichen bestehen; Wertungswidersprüche zu den markenrechtlichen Schranken sind aber zu vermeiden."	"Verhältnis MarkenG – UWG – <a href=""https://www.gesetze-im-internet.de/bgb/__12.html"" target=""_blank"" rel=""noopener"" class=""lawlink"">§ 12 BGB</a>"	Begriff Umkehr Grundlagen
"Definiere: Geographische Herkunftsangaben (<a href=""https://www.gesetze-im-internet.de/markeng/__126.html"" target=""_blank"" rel=""noopener"" class=""lawlink"">§§ 126</a> ff.)"	"Namen von Orten, Gegenden, Gebieten oder Ländern sowie sonstige Angaben oder Zeichen, die im geschäftlichen Verkehr zur Kennzeichnung der geographischen Herkunft von Waren oder Dienstleistungen benutzt werden (<a href=""https://www.gesetze-im-internet.de/markeng/__126.html"" target=""_blank"" rel=""noopener"" class=""lawlink"">§ 126 Abs. 1</a>). Sie dürfen nicht für Waren anderer Herkunft benutzt werden, wenn Irreführungsgefahr besteht (<a href=""https://www.gesetze-im-internet.de/markeng/__127.html"" target=""_blank"" rel=""noopener"" class=""lawlink"">§ 127 Abs. 1</a>); qualifizierte Angaben und bekannte Angaben genießen erweiterten Schutz (<a href=""https://www.gesetze-im-internet.de/markeng/__127.html"" target=""_blank"" rel=""noopener"" class=""lawlink"">§ 127 Abs. 2</a>, 3).<br><br>Normen: <a href=""https://www.gesetze-im-internet.de/markeng/__126.html"" target=""_blank"" rel=""noopener"" class=""lawlink"">§ 126</a>, <a href=""https://www.gesetze-im-internet.de/markeng/__127.html"" target=""_blank"" rel=""noopener"" class=""lawlink"">§ 127</a>, <a href=""https://www.gesetze-im-internet.de/markeng/__128.html"" target=""_blank"" rel=""noopener"" class=""lawlink"">§ 128</a>, <a href=""https://www.gesetze-im-internet.de/markeng/__99.html"" target=""_blank"" rel=""noopener"" class=""lawlink"">§ 99 MarkenG</a><br><br>Rechtsprechung: EuGH Windsurfing Chiemsee (C-108/97)"	Begriff Sonstige_Kennzeichen
"Welcher Begriff wird so definiert?<br><br>Namen von Orten, Gegenden, Gebieten oder Ländern sowie sonstige Angaben oder Zeichen, die im geschäftlichen Verkehr zur Kennzeichnung der geographischen Herkunft von Waren oder Dienstleistungen benutzt werden (<a href=""https://www.gesetze-im-internet.de/markeng/__126.html"" target=""_blank"" rel=""noopener"" class=""lawlink"">§ 126 Abs. 1</a>). Sie dürfen nicht für Waren anderer Herkunft benutzt werden, wenn Irreführungsgefahr besteht (<a href=""https://www.gesetze-im-internet.de/markeng/__127.html"" target=""_blank"" rel=""noopener"" class=""lawlink"">§ 127 Abs. 1</a>); qualifizierte Angaben und bekannte Angaben genießen erweiterten Schutz (<a href=""https://www.gesetze-im-internet.de/markeng/__127.html"" target=""_blank"" rel=""noopener"" class=""lawlink"">§ 127 Abs. 2</a>, 3)."	"Geographische Herkunftsangaben (<a href=""https://www.gesetze-im-internet.de/markeng/__126.html"" target=""_blank"" rel=""noopener"" class=""lawlink"">§§ 126</a> ff.)"	Begriff Umkehr Sonstige_Kennzeichen
"Definiere: Kollektivmarke und Gewährleistungsmarke (<a href=""https://www.gesetze-im-internet.de/markeng/__97.html"" target=""_blank"" rel=""noopener"" class=""lawlink"">§§ 97</a> ff., 106a ff.)"	"Kollektivmarke: Marke eines rechtsfähigen Verbands, die Waren/Dienstleistungen der Mitglieder nach Herkunft, Beschaffenheit oder sonstigen Eigenschaften unterscheidet (<a href=""https://www.gesetze-im-internet.de/markeng/__97.html"" target=""_blank"" rel=""noopener"" class=""lawlink"">§ 97</a>); auch geographische Herkunftsangaben sind eintragbar (<a href=""https://www.gesetze-im-internet.de/markeng/__99.html"" target=""_blank"" rel=""noopener"" class=""lawlink"">§ 99</a>). Gewährleistungsmarke: Marke, die Waren/Dienstleistungen hinsichtlich garantierter Eigenschaften (Material, Qualität, Herstellungsweise) von anderen unterscheidet, deren Inhaber die Waren nicht selbst vertreibt (<a href=""https://www.gesetze-im-internet.de/markeng/__106a.html"" target=""_blank"" rel=""noopener"" class=""lawlink"">§ 106a</a>).<br><br>Normen: <a href=""https://www.gesetze-im-internet.de/markeng/__97.html"" target=""_blank"" rel=""noopener"" class=""lawlink"">§ 97</a>, <a href=""https://www.gesetze-im-internet.de/markeng/__99.html"" target=""_blank"" rel=""noopener"" class=""lawlink"">§ 99</a>, <a href=""https://www.gesetze-im-internet.de/markeng/__102.html"" target=""_blank"" rel=""noopener"" class=""lawlink"">§ 102</a>, <a href=""https://www.gesetze-im-internet.de/markeng/__106a.html"" target=""_blank"" rel=""noopener"" class=""lawlink"">§ 106a MarkenG</a><br><br>Rechtsprechung: BGH ÖKO-TEST II (I ZR 117/17)"	Begriff Sonstige_Kennzeichen
"Welcher Begriff wird so definiert?<br><br>Kollektivmarke: Marke eines rechtsfähigen Verbands, die Waren/Dienstleistungen der Mitglieder nach Herkunft, Beschaffenheit oder sonstigen Eigenschaften unterscheidet (<a href=""https://www.gesetze-im-internet.de/markeng/__97.html"" target=""_blank"" rel=""noopener"" class=""lawlink"">§ 97</a>); auch geographische Herkunftsangaben sind eintragbar (<a href=""https://www.gesetze-im-internet.de/markeng/__99.html"" target=""_blank"" rel=""noopener"" class=""lawlink"">§ 99</a>). Gewährleistungsmarke: Marke, die Waren/Dienstleistungen hinsichtlich garantierter Eigenschaften (Material, Qualität, Herstellungsweise) von anderen unterscheidet, deren Inhaber die Waren nicht selbst vertreibt (<a href=""https://www.gesetze-im-internet.de/markeng/__106a.html"" target=""_blank"" rel=""noopener"" class=""lawlink"">§ 106a</a>)."	"Kollektivmarke und Gewährleistungsmarke (<a href=""https://www.gesetze-im-internet.de/markeng/__97.html"" target=""_blank"" rel=""noopener"" class=""lawlink"">§§ 97</a> ff., 106a ff.)"	Begriff Umkehr Sonstige_Kennzeichen
Definiere: Unionsmarke (UMV) und Koexistenz	"Die Unionsmarke (VO (EU) 2017/1001, UMV) wird beim EUIPO eingetragen und gewährt einheitlichen Schutz im gesamten Gebiet der EU (Einheitlichkeitsgrundsatz, Art. 1 Abs. 2 UMV). Sie besteht neben den nationalen Marken (Koexistenz); beide Systeme sind über <a href=""https://www.gesetze-im-internet.de/markeng/__125b.html"" target=""_blank"" rel=""noopener"" class=""lawlink"">§ 125b MarkenG</a> und Art. 8 Abs. 2 UMV wechselseitig als ältere Rechte verzahnt.<br><br>Normen: <a href=""https://www.gesetze-im-internet.de/markeng/__125b.html"" target=""_blank"" rel=""noopener"" class=""lawlink"">§ 125b</a>, <a href=""https://www.gesetze-im-internet.de/markeng/__125c.html"" target=""_blank"" rel=""noopener"" class=""lawlink"">§ 125c</a>, <a href=""https://www.gesetze-im-internet.de/markeng/__125d.html"" target=""_blank"" rel=""noopener"" class=""lawlink"">§ 125d</a>, <a href=""https://www.gesetze-im-internet.de/markeng/__125e.html"" target=""_blank"" rel=""noopener"" class=""lawlink"">§ 125e MarkenG</a><br><br>Rechtsprechung: EuGH PAGO/Tirolmilch (C-301/07); EuGH Iron & Smith/Unilever (C-125/14); EuGH Leno Merken/Hagelkruis (ONEL/OMEL) (C-149/11); EuGH DHL Express France/Chronopost (WEBSHIPPING) (C-235/09)"	Begriff EU-_und_IR-Marken
"Welcher Begriff wird so definiert?<br><br>Die Unionsmarke (VO (EU) 2017/1001, UMV) wird beim EUIPO eingetragen und gewährt einheitlichen Schutz im gesamten Gebiet der EU (Einheitlichkeitsgrundsatz, Art. 1 Abs. 2 UMV). Sie besteht neben den nationalen Marken (Koexistenz); beide Systeme sind über <a href=""https://www.gesetze-im-internet.de/markeng/__125b.html"" target=""_blank"" rel=""noopener"" class=""lawlink"">§ 125b MarkenG</a> und Art. 8 Abs. 2 UMV wechselseitig als ältere Rechte verzahnt."	Unionsmarke (UMV) und Koexistenz	Begriff Umkehr EU-_und_IR-Marken
"Definiere: Bekannte Marke als relatives Schutzhindernis (<a href=""https://www.gesetze-im-internet.de/markeng/__9.html"" target=""_blank"" rel=""noopener"" class=""lawlink"">§ 9 Abs. 1 Nr. 3</a>)"	"Die Eintragung einer jüngeren Marke kann gelöscht werden, wenn sie mit einer angemeldeten oder eingetragenen älteren Marke identisch oder ihr ähnlich ist, die ältere Marke im Inland bekannt ist und die Benutzung der jüngeren Marke die Unterscheidungskraft oder die Wertschätzung der bekannten Marke ohne rechtfertigenden Grund in unlauterer Weise ausnutzen oder beeinträchtigen würde.<br><br>Normen: <a href=""https://www.gesetze-im-internet.de/markeng/__9.html"" target=""_blank"" rel=""noopener"" class=""lawlink"">§ 9 Abs. 1 Nr. 3</a>, <a href=""https://www.gesetze-im-internet.de/markeng/__42.html"" target=""_blank"" rel=""noopener"" class=""lawlink"">§ 42</a>, <a href=""https://www.gesetze-im-internet.de/markeng/__51.html"" target=""_blank"" rel=""noopener"" class=""lawlink"">§ 51 Abs. 3</a>, <a href=""https://www.gesetze-im-internet.de/markeng/__22.html"" target=""_blank"" rel=""noopener"" class=""lawlink"">§ 22 Abs. 1 Nr. 1</a>, <a href=""https://www.gesetze-im-internet.de/markeng/__125b.html"" target=""_blank"" rel=""noopener"" class=""lawlink"">§ 125b MarkenG</a><br><br>Rechtsprechung: BGH Springender Pudel (I ZR 59/13); EuGH Intel/CPM (INTELMARK) (C-252/07); EuGH General Motors/Yplon (Chevy) (C-375/97); EuGH Iron & Smith/Unilever (C-125/14)"	Begriff Schutzvoraussetzungen
Welcher Begriff wird so definiert?<br><br>Die Eintragung einer jüngeren Marke kann gelöscht werden, wenn sie mit einer angemeldeten oder eingetragenen älteren Marke identisch oder ihr ähnlich ist, die ältere Marke im Inland bekannt ist und die Benutzung der jüngeren Marke die Unterscheidungskraft oder die Wertschätzung der bekannten Marke ohne rechtfertigenden Grund in unlauterer Weise ausnutzen oder beeinträchtigen würde.	"Bekannte Marke als relatives Schutzhindernis (<a href=""https://www.gesetze-im-internet.de/markeng/__9.html"" target=""_blank"" rel=""noopener"" class=""lawlink"">§ 9 Abs. 1 Nr. 3</a>)"	Begriff Umkehr Schutzvoraussetzungen
"Definiere: Ausschluss von Ansprüchen bei Bestandskraft der jüngeren Marke (<a href=""https://www.gesetze-im-internet.de/markeng/__22.html"" target=""_blank"" rel=""noopener"" class=""lawlink"">§ 22</a>)"	"Der Inhaber des älteren Kennzeichens kann die Benutzung einer eingetragenen jüngeren Marke nicht untersagen, wenn ein Nichtigkeitsantrag gegen sie zurückgewiesen wurde oder zurückzuweisen wäre, weil (1) das ältere Zeichen am Prioritätstag der jüngeren Marke noch nicht bekannt war (<a href=""https://www.gesetze-im-internet.de/markeng/__51.html"" target=""_blank"" rel=""noopener"" class=""lawlink"">§ 51 Abs. 3</a>), (2) die ältere Marke damals löschungsreif war (<a href=""https://www.gesetze-im-internet.de/markeng/__51.html"" target=""_blank"" rel=""noopener"" class=""lawlink"">§ 51 Abs. 4</a>) oder (3) damals noch keine Verwechslungsgefahr bestand (<a href=""https://www.gesetze-im-internet.de/markeng/__22.html"" target=""_blank"" rel=""noopener"" class=""lawlink"">§ 22 Abs. 1</a>). Umgekehrt kann auch der Inhaber der jüngeren Marke die ältere nicht untersagen (<a href=""https://www.gesetze-im-internet.de/markeng/__22.html"" target=""_blank"" rel=""noopener"" class=""lawlink"">§ 22 Abs. 2</a>): Koexistenz.<br><br>Normen: <a href=""https://www.gesetze-im-internet.de/markeng/__22.html"" target=""_blank"" rel=""noopener"" class=""lawlink"">§ 22</a>, <a href=""https://www.gesetze-im-internet.de/markeng/__51.html"" target=""_blank"" rel=""noopener"" class=""lawlink"">§ 51 Abs. 3</a>, <a href=""https://www.gesetze-im-internet.de/markeng/__51.html"" target=""_blank"" rel=""noopener"" class=""lawlink"">§ 51 Abs. 4</a>, <a href=""https://www.gesetze-im-internet.de/markeng/__21.html"" target=""_blank"" rel=""noopener"" class=""lawlink"">§ 21 MarkenG</a>"	Begriff Schranken
"Welcher Begriff wird so definiert?<br><br>Der Inhaber des älteren Kennzeichens kann die Benutzung einer eingetragenen jüngeren Marke nicht untersagen, wenn ein Nichtigkeitsantrag gegen sie zurückgewiesen wurde oder zurückzuweisen wäre, weil (1) das ältere Zeichen am Prioritätstag der jüngeren Marke noch nicht bekannt war (<a href=""https://www.gesetze-im-internet.de/markeng/__51.html"" target=""_blank"" rel=""noopener"" class=""lawlink"">§ 51 Abs. 3</a>), (2) die ältere Marke damals löschungsreif war (<a href=""https://www.gesetze-im-internet.de/markeng/__51.html"" target=""_blank"" rel=""noopener"" class=""lawlink"">§ 51 Abs. 4</a>) oder (3) damals noch keine Verwechslungsgefahr bestand (<a href=""https://www.gesetze-im-internet.de/markeng/__22.html"" target=""_blank"" rel=""noopener"" class=""lawlink"">§ 22 Abs. 1</a>). Umgekehrt kann auch der Inhaber der jüngeren Marke die ältere nicht untersagen (<a href=""https://www.gesetze-im-internet.de/markeng/__22.html"" target=""_blank"" rel=""noopener"" class=""lawlink"">§ 22 Abs. 2</a>): Koexistenz."	"Ausschluss von Ansprüchen bei Bestandskraft der jüngeren Marke (<a href=""https://www.gesetze-im-internet.de/markeng/__22.html"" target=""_blank"" rel=""noopener"" class=""lawlink"">§ 22</a>)"	Begriff Umkehr Schranken
"Definiere: Bekanntheit in der Union (<a href=""https://www.gesetze-im-internet.de/markeng/__125b.html"" target=""_blank"" rel=""noopener"" class=""lawlink"">§ 125b Nr. 1</a>, Art. 9 Abs. 2 lit. c UMV)"	"Wird aus einer Unionsmarke nach <a href=""https://www.gesetze-im-internet.de/markeng/__9.html"" target=""_blank"" rel=""noopener"" class=""lawlink"">§ 9 Abs. 1 Nr. 3</a> gegen eine deutsche Marke vorgegangen, tritt an die Stelle der Bekanntheit im Inland die Bekanntheit in der Union. Sie liegt vor, wenn die Marke einem bedeutenden Teil des Publikums in einem wesentlichen Teil des Unionsgebiets bekannt ist; ein einziger Mitgliedstaat kann genügen (PAGO).<br><br>Normen: <a href=""https://www.gesetze-im-internet.de/markeng/__125b.html"" target=""_blank"" rel=""noopener"" class=""lawlink"">§ 125b</a>, <a href=""https://www.gesetze-im-internet.de/markeng/__9.html"" target=""_blank"" rel=""noopener"" class=""lawlink"">§ 9 Abs. 1 Nr. 3 MarkenG</a><br><br>Rechtsprechung: EuGH PAGO/Tirolmilch (C-301/07); EuGH Iron & Smith/Unilever (C-125/14); EuGH General Motors/Yplon (Chevy) (C-375/97)"	Begriff EU-_und_IR-Marken
"Welcher Begriff wird so definiert?<br><br>Wird aus einer Unionsmarke nach <a href=""https://www.gesetze-im-internet.de/markeng/__9.html"" target=""_blank"" rel=""noopener"" class=""lawlink"">§ 9 Abs. 1 Nr. 3</a> gegen eine deutsche Marke vorgegangen, tritt an die Stelle der Bekanntheit im Inland die Bekanntheit in der Union. Sie liegt vor, wenn die Marke einem bedeutenden Teil des Publikums in einem wesentlichen Teil des Unionsgebiets bekannt ist; ein einziger Mitgliedstaat kann genügen (PAGO)."	"Bekanntheit in der Union (<a href=""https://www.gesetze-im-internet.de/markeng/__125b.html"" target=""_blank"" rel=""noopener"" class=""lawlink"">§ 125b Nr. 1</a>, Art. 9 Abs. 2 lit. c UMV)"	Begriff Umkehr EU-_und_IR-Marken
"Definiere: Ernsthafte Benutzung der Unionsmarke (Art. 18 UMV, <a href=""https://www.gesetze-im-internet.de/markeng/__125b.html"" target=""_blank"" rel=""noopener"" class=""lawlink"">§ 125b Nr. 4</a>, 5)"	"Bei Widerspruch oder Nichtigkeitsantrag aus einer Unionsmarke tritt an die Stelle der Benutzung nach <a href=""https://www.gesetze-im-internet.de/markeng/__26.html"" target=""_blank"" rel=""noopener"" class=""lawlink"">§ 26</a> die ernsthafte Benutzung in der Union nach Art. 18 UMV. Die Grenzen der Mitgliedstaaten bleiben außer Betracht; Benutzung in einem Mitgliedstaat kann genügen, wenn sie nach Markt, Waren und Umfang geeignet ist, Marktanteile in der Union zu halten oder zu gewinnen (Leno Merken).<br><br>Normen: <a href=""https://www.gesetze-im-internet.de/markeng/__125b.html"" target=""_blank"" rel=""noopener"" class=""lawlink"">§ 125b</a>, <a href=""https://www.gesetze-im-internet.de/markeng/__26.html"" target=""_blank"" rel=""noopener"" class=""lawlink"">§ 26</a>, <a href=""https://www.gesetze-im-internet.de/markeng/__43.html"" target=""_blank"" rel=""noopener"" class=""lawlink"">§ 43 Abs. 1</a>, <a href=""https://www.gesetze-im-internet.de/markeng/__53.html"" target=""_blank"" rel=""noopener"" class=""lawlink"">§ 53 MarkenG</a><br><br>Rechtsprechung: EuGH Leno Merken/Hagelkruis (ONEL/OMEL) (C-149/11); EuGH Ansul/Ajax (C-40/01)"	Begriff EU-_und_IR-Marken
"Welcher Begriff wird so definiert?<br><br>Bei Widerspruch oder Nichtigkeitsantrag aus einer Unionsmarke tritt an die Stelle der Benutzung nach <a href=""https://www.gesetze-im-internet.de/markeng/__26.html"" target=""_blank"" rel=""noopener"" class=""lawlink"">§ 26</a> die ernsthafte Benutzung in der Union nach Art. 18 UMV. Die Grenzen der Mitgliedstaaten bleiben außer Betracht; Benutzung in einem Mitgliedstaat kann genügen, wenn sie nach Markt, Waren und Umfang geeignet ist, Marktanteile in der Union zu halten oder zu gewinnen (Leno Merken)."	"Ernsthafte Benutzung der Unionsmarke (Art. 18 UMV, <a href=""https://www.gesetze-im-internet.de/markeng/__125b.html"" target=""_blank"" rel=""noopener"" class=""lawlink"">§ 125b Nr. 4</a>, 5)"	Begriff Umkehr EU-_und_IR-Marken
"Definiere: Unionsmarkengerichte und Verfahren (<a href=""https://www.gesetze-im-internet.de/markeng/__125e.html"" target=""_blank"" rel=""noopener"" class=""lawlink"">§ 125e</a>, Art. 123 ff. UMV)"	"Verletzungsklagen aus Unionsmarken sind ausschließlich vor den Unionsmarkengerichten zu erheben (Art. 124 UMV; in Deutschland die von den Ländern bestimmten Landgerichte, <a href=""https://www.gesetze-im-internet.de/markeng/__125e.html"" target=""_blank"" rel=""noopener"" class=""lawlink"">§ 125e</a>). International zuständig ist primär das Gericht des Beklagtensitzes (Art. 125 Abs. 1-4) mit unionsweiter Kognition; wahlweise das Gericht des Handlungsorts (Art. 125 Abs. 5), dann beschränkt auf Handlungen in diesem Mitgliedstaat (Art. 126 Abs. 2).<br><br>Normen: <a href=""https://www.gesetze-im-internet.de/markeng/__125e.html"" target=""_blank"" rel=""noopener"" class=""lawlink"">§ 125e</a>, <a href=""https://www.gesetze-im-internet.de/markeng/__125g.html"" target=""_blank"" rel=""noopener"" class=""lawlink"">§ 125g</a>, <a href=""https://www.gesetze-im-internet.de/markeng/__140.html"" target=""_blank"" rel=""noopener"" class=""lawlink"">§ 140 MarkenG</a><br><br>Rechtsprechung: EuGH DHL Express France/Chronopost (WEBSHIPPING) (C-235/09); EuGH combit Software/Commit Business Solutions (C-223/15)"	Begriff EU-_und_IR-Marken
"Welcher Begriff wird so definiert?<br><br>Verletzungsklagen aus Unionsmarken sind ausschließlich vor den Unionsmarkengerichten zu erheben (Art. 124 UMV; in Deutschland die von den Ländern bestimmten Landgerichte, <a href=""https://www.gesetze-im-internet.de/markeng/__125e.html"" target=""_blank"" rel=""noopener"" class=""lawlink"">§ 125e</a>). International zuständig ist primär das Gericht des Beklagtensitzes (Art. 125 Abs. 1-4) mit unionsweiter Kognition; wahlweise das Gericht des Handlungsorts (Art. 125 Abs. 5), dann beschränkt auf Handlungen in diesem Mitgliedstaat (Art. 126 Abs. 2)."	"Unionsmarkengerichte und Verfahren (<a href=""https://www.gesetze-im-internet.de/markeng/__125e.html"" target=""_blank"" rel=""noopener"" class=""lawlink"">§ 125e</a>, Art. 123 ff. UMV)"	Begriff Umkehr EU-_und_IR-Marken
"Definiere: Seniorität und Umwandlung (Art. 39, 40, 139 ff. UMV; §§ <a href=""https://www.gesetze-im-internet.de/markeng/__125c.html"" target=""_blank"" rel=""noopener"" class=""lawlink"">125c</a>, <a href=""https://www.gesetze-im-internet.de/markeng/__125d.html"" target=""_blank"" rel=""noopener"" class=""lawlink"">125d</a>)"	"Seniorität: Der Inhaber einer identischen älteren nationalen Marke kann deren Zeitrang für die Unionsmarke in Anspruch nehmen; lässt er die nationale Marke dann fallen, gelten ihre Rechte in dem Mitgliedstaat als fortbestehend (Art. 39, 40 UMV). Umwandlung: Scheitert die Unionsmarke, kann sie unter Wahrung ihres Zeitrangs in nationale Anmeldungen umgewandelt werden (Art. 139 ff. UMV, <a href=""https://www.gesetze-im-internet.de/markeng/__125d.html"" target=""_blank"" rel=""noopener"" class=""lawlink"">§ 125d</a>).<br><br>Normen: <a href=""https://www.gesetze-im-internet.de/markeng/__125c.html"" target=""_blank"" rel=""noopener"" class=""lawlink"">§ 125c</a>, <a href=""https://www.gesetze-im-internet.de/markeng/__125d.html"" target=""_blank"" rel=""noopener"" class=""lawlink"">§ 125d</a>, <a href=""https://www.gesetze-im-internet.de/markeng/__125.html"" target=""_blank"" rel=""noopener"" class=""lawlink"">§ 125 MarkenG</a>"	Begriff EU-_und_IR-Marken
"Welcher Begriff wird so definiert?<br><br>Seniorität: Der Inhaber einer identischen älteren nationalen Marke kann deren Zeitrang für die Unionsmarke in Anspruch nehmen; lässt er die nationale Marke dann fallen, gelten ihre Rechte in dem Mitgliedstaat als fortbestehend (Art. 39, 40 UMV). Umwandlung: Scheitert die Unionsmarke, kann sie unter Wahrung ihres Zeitrangs in nationale Anmeldungen umgewandelt werden (Art. 139 ff. UMV, <a href=""https://www.gesetze-im-internet.de/markeng/__125d.html"" target=""_blank"" rel=""noopener"" class=""lawlink"">§ 125d</a>)."	"Seniorität und Umwandlung (Art. 39, 40, 139 ff. UMV; §§ <a href=""https://www.gesetze-im-internet.de/markeng/__125c.html"" target=""_blank"" rel=""noopener"" class=""lawlink"">125c</a>, <a href=""https://www.gesetze-im-internet.de/markeng/__125d.html"" target=""_blank"" rel=""noopener"" class=""lawlink"">125d</a>)"	Begriff Umkehr EU-_und_IR-Marken
Definiere: International registrierte Marke (IR-Marke, Madrider System)	"Marke, die über die WIPO auf Grundlage einer Basismarke/-anmeldung nach dem Madrider Markenabkommen (MMA, §§ <a href=""https://www.gesetze-im-internet.de/markeng/__107.html"" target=""_blank"" rel=""noopener"" class=""lawlink"">107</a>-<a href=""https://www.gesetze-im-internet.de/markeng/__118.html"" target=""_blank"" rel=""noopener"" class=""lawlink"">118</a>) oder – heute praktisch ausschließlich – dem Protokoll zum MMA (PMMA, §§ <a href=""https://www.gesetze-im-internet.de/markeng/__119.html"" target=""_blank"" rel=""noopener"" class=""lawlink"">119</a>-<a href=""https://www.gesetze-im-internet.de/markeng/__125.html"" target=""_blank"" rel=""noopener"" class=""lawlink"">125</a>) international registriert und auf Deutschland erstreckt wurde. Sie hat dieselbe Wirkung wie eine am Tag der internationalen Registrierung (bzw. der nachträglichen Schutzerstreckung) beim DPMA angemeldete und eingetragene Marke (<a href=""https://www.gesetze-im-internet.de/markeng/__112.html"" target=""_blank"" rel=""noopener"" class=""lawlink"">§ 112</a>, <a href=""https://www.gesetze-im-internet.de/markeng/__124.html"" target=""_blank"" rel=""noopener"" class=""lawlink"">§ 124</a>).<br><br>Normen: <a href=""https://www.gesetze-im-internet.de/markeng/__112.html"" target=""_blank"" rel=""noopener"" class=""lawlink"">§ 112</a>, <a href=""https://www.gesetze-im-internet.de/markeng/__116.html"" target=""_blank"" rel=""noopener"" class=""lawlink"">§ 116</a>, <a href=""https://www.gesetze-im-internet.de/markeng/__119.html"" target=""_blank"" rel=""noopener"" class=""lawlink"">§ 119</a>, <a href=""https://www.gesetze-im-internet.de/markeng/__124.html"" target=""_blank"" rel=""noopener"" class=""lawlink"">§ 124</a>, <a href=""https://www.gesetze-im-internet.de/markeng/__125.html"" target=""_blank"" rel=""noopener"" class=""lawlink"">§ 125 MarkenG</a>"	Begriff EU-_und_IR-Marken
"Welcher Begriff wird so definiert?<br><br>Marke, die über die WIPO auf Grundlage einer Basismarke/-anmeldung nach dem Madrider Markenabkommen (MMA, §§ <a href=""https://www.gesetze-im-internet.de/markeng/__107.html"" target=""_blank"" rel=""noopener"" class=""lawlink"">107</a>-<a href=""https://www.gesetze-im-internet.de/markeng/__118.html"" target=""_blank"" rel=""noopener"" class=""lawlink"">118</a>) oder – heute praktisch ausschließlich – dem Protokoll zum MMA (PMMA, §§ <a href=""https://www.gesetze-im-internet.de/markeng/__119.html"" target=""_blank"" rel=""noopener"" class=""lawlink"">119</a>-<a href=""https://www.gesetze-im-internet.de/markeng/__125.html"" target=""_blank"" rel=""noopener"" class=""lawlink"">125</a>) international registriert und auf Deutschland erstreckt wurde. Sie hat dieselbe Wirkung wie eine am Tag der internationalen Registrierung (bzw. der nachträglichen Schutzerstreckung) beim DPMA angemeldete und eingetragene Marke (<a href=""https://www.gesetze-im-internet.de/markeng/__112.html"" target=""_blank"" rel=""noopener"" class=""lawlink"">§ 112</a>, <a href=""https://www.gesetze-im-internet.de/markeng/__124.html"" target=""_blank"" rel=""noopener"" class=""lawlink"">§ 124</a>)."	International registrierte Marke (IR-Marke, Madrider System)	Begriff Umkehr EU-_und_IR-Marken
"Definiere: Schutzverweigerung und Widerspruch gegen IR-Marken (§§ <a href=""https://www.gesetze-im-internet.de/markeng/__113.html"" target=""_blank"" rel=""noopener"" class=""lawlink"">113</a>-<a href=""https://www.gesetze-im-internet.de/markeng/__115.html"" target=""_blank"" rel=""noopener"" class=""lawlink"">115</a>)"	"Das DPMA prüft die auf Deutschland erstreckte IR-Marke auf absolute Schutzhindernisse wie eine Anmeldung (<a href=""https://www.gesetze-im-internet.de/markeng/__113.html"" target=""_blank"" rel=""noopener"" class=""lawlink"">§ 113</a>) und muss eine Schutzverweigerung innerhalb der Frist des Art. 5 Abs. 2 PMMA (12 bzw. 18 Monate) an die WIPO mitteilen. Der Widerspruch (<a href=""https://www.gesetze-im-internet.de/markeng/__114.html"" target=""_blank"" rel=""noopener"" class=""lawlink"">§ 114</a>) richtet sich gegen die Schutzgewährung; die Frist beginnt mit dem ersten Tag des Monats nach dem Ausgabemonat der WIPO-Gazette. An die Stelle der Löschung tritt die Verweigerung bzw. nachträgliche Entziehung des Schutzes (<a href=""https://www.gesetze-im-internet.de/markeng/__114.html"" target=""_blank"" rel=""noopener"" class=""lawlink"">§ 114 Abs. 3</a>, <a href=""https://www.gesetze-im-internet.de/markeng/__115.html"" target=""_blank"" rel=""noopener"" class=""lawlink"">§ 115</a>).<br><br>Normen: <a href=""https://www.gesetze-im-internet.de/markeng/__113.html"" target=""_blank"" rel=""noopener"" class=""lawlink"">§ 113</a>, <a href=""https://www.gesetze-im-internet.de/markeng/__114.html"" target=""_blank"" rel=""noopener"" class=""lawlink"">§ 114</a>, <a href=""https://www.gesetze-im-internet.de/markeng/__115.html"" target=""_blank"" rel=""noopener"" class=""lawlink"">§ 115</a>, <a href=""https://www.gesetze-im-internet.de/markeng/__124.html"" target=""_blank"" rel=""noopener"" class=""lawlink"">§ 124 MarkenG</a>"	Begriff EU-_und_IR-Marken
"Welcher Begriff wird so definiert?<br><br>Das DPMA prüft die auf Deutschland erstreckte IR-Marke auf absolute Schutzhindernisse wie eine Anmeldung (<a href=""https://www.gesetze-im-internet.de/markeng/__113.html"" target=""_blank"" rel=""noopener"" class=""lawlink"">§ 113</a>) und muss eine Schutzverweigerung innerhalb der Frist des Art. 5 Abs. 2 PMMA (12 bzw. 18 Monate) an die WIPO mitteilen. Der Widerspruch (<a href=""https://www.gesetze-im-internet.de/markeng/__114.html"" target=""_blank"" rel=""noopener"" class=""lawlink"">§ 114</a>) richtet sich gegen die Schutzgewährung; die Frist beginnt mit dem ersten Tag des Monats nach dem Ausgabemonat der WIPO-Gazette. An die Stelle der Löschung tritt die Verweigerung bzw. nachträgliche Entziehung des Schutzes (<a href=""https://www.gesetze-im-internet.de/markeng/__114.html"" target=""_blank"" rel=""noopener"" class=""lawlink"">§ 114 Abs. 3</a>, <a href=""https://www.gesetze-im-internet.de/markeng/__115.html"" target=""_blank"" rel=""noopener"" class=""lawlink"">§ 115</a>)."	"Schutzverweigerung und Widerspruch gegen IR-Marken (§§ <a href=""https://www.gesetze-im-internet.de/markeng/__113.html"" target=""_blank"" rel=""noopener"" class=""lawlink"">113</a>-<a href=""https://www.gesetze-im-internet.de/markeng/__115.html"" target=""_blank"" rel=""noopener"" class=""lawlink"">115</a>)"	Begriff Umkehr EU-_und_IR-Marken
"Definiere: Benutzungsschonfrist und Einreden bei IR-Marken (<a href=""https://www.gesetze-im-internet.de/markeng/__115.html"" target=""_blank"" rel=""noopener"" class=""lawlink"">§§ 115 Abs. 2</a>, 116, 117)"	"Für IR-Marken tritt an die Stelle des Eintragungstags (<a href=""https://www.gesetze-im-internet.de/markeng/__26.html"" target=""_blank"" rel=""noopener"" class=""lawlink"">§ 26 Abs. 5</a>, <a href=""https://www.gesetze-im-internet.de/markeng/__25.html"" target=""_blank"" rel=""noopener"" class=""lawlink"">§ 25</a>, <a href=""https://www.gesetze-im-internet.de/markeng/__43.html"" target=""_blank"" rel=""noopener"" class=""lawlink"">§ 43 Abs. 1</a>, <a href=""https://www.gesetze-im-internet.de/markeng/__53.html"" target=""_blank"" rel=""noopener"" class=""lawlink"">§ 53 Abs. 6</a>) einer der in <a href=""https://www.gesetze-im-internet.de/markeng/__115.html"" target=""_blank"" rel=""noopener"" class=""lawlink"">§ 115 Abs. 2</a> bezeichneten Tage: der Ablauf der Schutzverweigerungsfrist nach Art. 5 Abs. 2 PMMA oder – bei zunächst verweigertem Schutz – der Tag der rechtskräftigen Schutzgewährung. Ab dann läuft die fünfjährige Benutzungsschonfrist.<br><br>Normen: <a href=""https://www.gesetze-im-internet.de/markeng/__115.html"" target=""_blank"" rel=""noopener"" class=""lawlink"">§ 115</a>, <a href=""https://www.gesetze-im-internet.de/markeng/__116.html"" target=""_blank"" rel=""noopener"" class=""lawlink"">§ 116</a>, <a href=""https://www.gesetze-im-internet.de/markeng/__117.html"" target=""_blank"" rel=""noopener"" class=""lawlink"">§ 117</a>, <a href=""https://www.gesetze-im-internet.de/markeng/__124.html"" target=""_blank"" rel=""noopener"" class=""lawlink"">§ 124</a>, <a href=""https://www.gesetze-im-internet.de/markeng/__25.html"" target=""_blank"" rel=""noopener"" class=""lawlink"">§ 25</a>, <a href=""https://www.gesetze-im-internet.de/markeng/__26.html"" target=""_blank"" rel=""noopener"" class=""lawlink"">§ 26 MarkenG</a>"	Begriff EU-_und_IR-Marken
"Welcher Begriff wird so definiert?<br><br>Für IR-Marken tritt an die Stelle des Eintragungstags (<a href=""https://www.gesetze-im-internet.de/markeng/__26.html"" target=""_blank"" rel=""noopener"" class=""lawlink"">§ 26 Abs. 5</a>, <a href=""https://www.gesetze-im-internet.de/markeng/__25.html"" target=""_blank"" rel=""noopener"" class=""lawlink"">§ 25</a>, <a href=""https://www.gesetze-im-internet.de/markeng/__43.html"" target=""_blank"" rel=""noopener"" class=""lawlink"">§ 43 Abs. 1</a>, <a href=""https://www.gesetze-im-internet.de/markeng/__53.html"" target=""_blank"" rel=""noopener"" class=""lawlink"">§ 53 Abs. 6</a>) einer der in <a href=""https://www.gesetze-im-internet.de/markeng/__115.html"" target=""_blank"" rel=""noopener"" class=""lawlink"">§ 115 Abs. 2</a> bezeichneten Tage: der Ablauf der Schutzverweigerungsfrist nach Art. 5 Abs. 2 PMMA oder – bei zunächst verweigertem Schutz – der Tag der rechtskräftigen Schutzgewährung. Ab dann läuft die fünfjährige Benutzungsschonfrist."	"Benutzungsschonfrist und Einreden bei IR-Marken (<a href=""https://www.gesetze-im-internet.de/markeng/__115.html"" target=""_blank"" rel=""noopener"" class=""lawlink"">§§ 115 Abs. 2</a>, 116, 117)"	Begriff Umkehr EU-_und_IR-Marken
"Prüfungsschema: Unterlassungsanspruch wegen Markenverletzung (<a href=""https://www.gesetze-im-internet.de/markeng/__14.html"" target=""_blank"" rel=""noopener"" class=""lawlink"">§ 14 Abs. 2</a>, 5 MarkenG)"	"- A. Anspruchsgrundlage<br>- B. Schutzfähige Marke des Anspruchstellers<br>  - 1. Bestehen des Markenschutzes<br>  - 2. Aktivlegitimation<br>  - 3. Zeitrang / Priorität<br>- C. Verletzungshandlung (<a href=""https://www.gesetze-im-internet.de/markeng/__14.html"" target=""_blank"" rel=""noopener"" class=""lawlink"">§ 14 Abs. 2</a>)<br>  - 1. Benutzung im geschäftlichen Verkehr<br>  - 2. Ohne Zustimmung des Markeninhabers<br>  - 3. Benutzungshandlung<br>  - 4. Markenmäßige (rechtsverletzende) Benutzung<br>  - 5. Kollisionstatbestand<br>    - a) <a href=""https://www.gesetze-im-internet.de/markeng/__14.html"" target=""_blank"" rel=""noopener"" class=""lawlink"">§ 14 Abs. 2 Nr. 1</a> – Doppelidentität<br>    - b) <a href=""https://www.gesetze-im-internet.de/markeng/__14.html"" target=""_blank"" rel=""noopener"" class=""lawlink"">§ 14 Abs. 2 Nr. 2</a> – Verwechslungsgefahr<br>    - c) <a href=""https://www.gesetze-im-internet.de/markeng/__14.html"" target=""_blank"" rel=""noopener"" class=""lawlink"">§ 14 Abs. 2 Nr. 3</a> – Bekanntheitsschutz<br>- D. Keine Schranken / Einwendungen<br>  - 1. <a href=""https://www.gesetze-im-internet.de/markeng/__23.html"" target=""_blank"" rel=""noopener"" class=""lawlink"">§ 23</a> – Namen, beschreibende Angaben, Bestimmungshinweis<br>  - 2. <a href=""https://www.gesetze-im-internet.de/markeng/__24.html"" target=""_blank"" rel=""noopener"" class=""lawlink"">§ 24</a> – Erschöpfung<br>  - 3. <a href=""https://www.gesetze-im-internet.de/markeng/__25.html"" target=""_blank"" rel=""noopener"" class=""lawlink"">§ 25</a> – Einrede der Nichtbenutzung<br>  - 4. <a href=""https://www.gesetze-im-internet.de/markeng/__21.html"" target=""_blank"" rel=""noopener"" class=""lawlink"">§ 21</a> – Verwirkung; <a href=""https://www.gesetze-im-internet.de/markeng/__22.html"" target=""_blank"" rel=""noopener"" class=""lawlink"">§ 22</a> – Bestandskraft jüngerer Marke<br>  - 5. Älteres Recht des Beklagten (<a href=""https://www.gesetze-im-internet.de/markeng/__6.html"" target=""_blank"" rel=""noopener"" class=""lawlink"">§ 6</a>) / Löschungsreife der Klagemarke<br>  - 6. Verjährung (<a href=""https://www.gesetze-im-internet.de/markeng/__20.html"" target=""_blank"" rel=""noopener"" class=""lawlink"">§ 20</a>)<br>- E. Rechtsfolge: Unterlassung (<a href=""https://www.gesetze-im-internet.de/markeng/__14.html"" target=""_blank"" rel=""noopener"" class=""lawlink"">§ 14 Abs. 5</a>)<br>- F. Weitere Ansprüche<br>  - Schadensersatz (<a href=""https://www.gesetze-im-internet.de/markeng/__14.html"" target=""_blank"" rel=""noopener"" class=""lawlink"">§ 14 Abs. 6</a>)<br>  - Vernichtung/Rückruf (<a href=""https://www.gesetze-im-internet.de/markeng/__18.html"" target=""_blank"" rel=""noopener"" class=""lawlink"">§ 18</a>), Auskunft (<a href=""https://www.gesetze-im-internet.de/markeng/__19.html"" target=""_blank"" rel=""noopener"" class=""lawlink"">§ 19</a>), Vorlage (<a href=""https://www.gesetze-im-internet.de/markeng/__19a.html"" target=""_blank"" rel=""noopener"" class=""lawlink"">§ 19a</a>), Urteilsbekanntmachung (<a href=""https://www.gesetze-im-internet.de/markeng/__19c.html"" target=""_blank"" rel=""noopener"" class=""lawlink"">§ 19c</a>)<br>  - Bereicherung (<a href=""https://www.gesetze-im-internet.de/bgb/__812.html"" target=""_blank"" rel=""noopener"" class=""lawlink"">§ 812 BGB</a>), GoA; Ansprüche aus anderen Vorschriften (<a href=""https://www.gesetze-im-internet.de/markeng/__19d.html"" target=""_blank"" rel=""noopener"" class=""lawlink"">§ 19d</a>): UWG, <a href=""https://www.gesetze-im-internet.de/bgb/__12.html"" target=""_blank"" rel=""noopener"" class=""lawlink"">§ 12 BGB</a>"	Prüfungsschema Verletzung
"Prüfungsschema: Verwechslungsgefahr (<a href=""https://www.gesetze-im-internet.de/markeng/__14.html"" target=""_blank"" rel=""noopener"" class=""lawlink"">§ 14 Abs. 2 Nr. 2</a> / <a href=""https://www.gesetze-im-internet.de/markeng/__9.html"" target=""_blank"" rel=""noopener"" class=""lawlink"">§ 9 Abs. 1 Nr. 2 MarkenG</a>)"	- 1. Maßgebliche Verkehrskreise und Aufmerksamkeitsgrad<br>- 2. Waren-/Dienstleistungsidentität oder -ähnlichkeit<br>- 3. Kennzeichnungskraft der älteren Marke<br>- 4. Zeichenidentität oder -ähnlichkeit<br>  - a) Gesamteindruck<br>  - b) Prägung durch einzelne Bestandteile<br>  - c) Ähnlichkeit nach Klang, Bild, Sinngehalt<br>  - d) Selbständig kennzeichnende Stellung<br>- 5. Gesamtabwägung (Wechselwirkung)<br>- 6. Art der Verwechslungsgefahr	Prüfungsschema Verletzung
"Prüfungsschema: Bekanntheitsschutz (<a href=""https://www.gesetze-im-internet.de/markeng/__14.html"" target=""_blank"" rel=""noopener"" class=""lawlink"">§ 14 Abs. 2 Nr. 3 MarkenG</a>)"	"- 1. Bekannte Marke im Inland<br>- 2. Zeichenidentität oder -ähnlichkeit<br>- 3. Benutzung für Waren/Dienstleistungen (auch bei Identität/Ähnlichkeit)<br>- 4. Gedankliche Verknüpfung<br>- 5. Eingriffstatbestand (eine Alternative genügt)<br>  - a) Ausnutzung der Unterscheidungskraft (Aufmerksamkeitsausbeutung)<br>  - b) Ausnutzung der Wertschätzung (Rufausbeutung, Imagetransfer)<br>  - c) Beeinträchtigung der Unterscheidungskraft (Verwässerung)<br>  - d) Beeinträchtigung der Wertschätzung (Rufschädigung/Verunglimpfung)<br>- 6. Ohne rechtfertigenden Grund in unlauterer Weise<br>- 7. Keine Schranken (§§ <a href=""https://www.gesetze-im-internet.de/markeng/__23.html"" target=""_blank"" rel=""noopener"" class=""lawlink"">23</a>, <a href=""https://www.gesetze-im-internet.de/markeng/__24.html"" target=""_blank"" rel=""noopener"" class=""lawlink"">24</a>)"	Prüfungsschema Verletzung
"Prüfungsschema: Schutzfähigkeit / Eintragungsfähigkeit einer Marke (§§ <a href=""https://www.gesetze-im-internet.de/markeng/__3.html"" target=""_blank"" rel=""noopener"" class=""lawlink"">3</a>, <a href=""https://www.gesetze-im-internet.de/markeng/__7.html"" target=""_blank"" rel=""noopener"" class=""lawlink"">7</a>, <a href=""https://www.gesetze-im-internet.de/markeng/__8.html"" target=""_blank"" rel=""noopener"" class=""lawlink"">8</a> MarkenG)"	"- 1. Markenfähigkeit (<a href=""https://www.gesetze-im-internet.de/markeng/__3.html"" target=""_blank"" rel=""noopener"" class=""lawlink"">§ 3 Abs. 1</a>)<br>- 2. Kein Formausschluss (<a href=""https://www.gesetze-im-internet.de/markeng/__3.html"" target=""_blank"" rel=""noopener"" class=""lawlink"">§ 3 Abs. 2</a>)<br>- 3. Inhaberschaft (<a href=""https://www.gesetze-im-internet.de/markeng/__7.html"" target=""_blank"" rel=""noopener"" class=""lawlink"">§ 7</a>)<br>- 4. Darstellbarkeit im Register (<a href=""https://www.gesetze-im-internet.de/markeng/__8.html"" target=""_blank"" rel=""noopener"" class=""lawlink"">§ 8 Abs. 1</a>)<br>- 5. Keine absoluten Schutzhindernisse (<a href=""https://www.gesetze-im-internet.de/markeng/__8.html"" target=""_blank"" rel=""noopener"" class=""lawlink"">§ 8 Abs. 2</a>)<br>  - Nr. 1 – Fehlende Unterscheidungskraft<br>  - Nr. 2 – Freihaltebedürfnis an beschreibenden Angaben<br>  - Nr. 3 – Üblich gewordene Bezeichnungen<br>  - Nr. 4 – Täuschungseignung (nur wenn ersichtlich, <a href=""https://www.gesetze-im-internet.de/markeng/__37.html"" target=""_blank"" rel=""noopener"" class=""lawlink"">§ 37 Abs. 3</a>)<br>  - Nr. 5 – Verstoß gegen öffentliche Ordnung / gute Sitten<br>  - Nr. 6-8 – Hoheitszeichen, amtliche Prüfzeichen, Kennzeichen internationaler Organisationen<br>  - Nr. 9-13 – Sonstige gesetzliche Verbote, geschützte Ursprungsbezeichnungen, traditionelle Bezeichnungen, Sortenbezeichnungen<br>  - Nr. 14 – Bösgläubige Anmeldung (nur wenn ersichtlich, <a href=""https://www.gesetze-im-internet.de/markeng/__37.html"" target=""_blank"" rel=""noopener"" class=""lawlink"">§ 37 Abs. 3</a>)<br>- 6. Überwindung von Nr. 1-3 durch Verkehrsdurchsetzung (<a href=""https://www.gesetze-im-internet.de/markeng/__8.html"" target=""_blank"" rel=""noopener"" class=""lawlink"">§ 8 Abs. 3</a>)<br>- 7. Verfahren"	Prüfungsschema Schutzvoraussetzungen
"Prüfungsschema: Schranke des <a href=""https://www.gesetze-im-internet.de/markeng/__23.html"" target=""_blank"" rel=""noopener"" class=""lawlink"">§ 23 MarkenG</a> (Namen, beschreibende Angaben, Bestimmungshinweis)"	"- 1. Tatbestand des <a href=""https://www.gesetze-im-internet.de/markeng/__14.html"" target=""_blank"" rel=""noopener"" class=""lawlink"">§ 14 Abs. 2</a> erfüllt<br>- 2. Fallgruppe<br>  - Nr. 1 – Name oder Anschrift des Dritten<br>  - Nr. 2 – Zeichen ohne Unterscheidungskraft / beschreibende Angaben<br>  - Nr. 3 – Bestimmungshinweis (Zubehör, Ersatzteile, Kompatibilität)<br>- 3. Anständige Gepflogenheiten in Gewerbe oder Handel (<a href=""https://www.gesetze-im-internet.de/markeng/__23.html"" target=""_blank"" rel=""noopener"" class=""lawlink"">§ 23 Abs. 2</a>)"	Prüfungsschema Schranken
"Prüfungsschema: Erschöpfung (<a href=""https://www.gesetze-im-internet.de/markeng/__24.html"" target=""_blank"" rel=""noopener"" class=""lawlink"">§ 24 MarkenG</a>)"	"- 1. Originalware (Echtheit)<br>- 2. Inverkehrbringen im Inland, in der EU oder im EWR<br>- 3. Durch den Inhaber oder mit seiner Zustimmung<br>- 4. Keine berechtigten Gründe (<a href=""https://www.gesetze-im-internet.de/markeng/__24.html"" target=""_blank"" rel=""noopener"" class=""lawlink"">§ 24 Abs. 2</a>)<br>- 5. Reichweite"	Prüfungsschema Schranken
"Prüfungsschema: Rechtserhaltende Benutzung und Verfall (§§ <a href=""https://www.gesetze-im-internet.de/markeng/__25.html"" target=""_blank"" rel=""noopener"" class=""lawlink"">25</a>, <a href=""https://www.gesetze-im-internet.de/markeng/__26.html"" target=""_blank"" rel=""noopener"" class=""lawlink"">26</a>, <a href=""https://www.gesetze-im-internet.de/markeng/__49.html"" target=""_blank"" rel=""noopener"" class=""lawlink"">49</a> MarkenG)"	"- 1. Ablauf der Benutzungsschonfrist<br>- 2. Maßgeblicher Fünfjahreszeitraum<br>- 3. Voraussetzungen der rechtserhaltenden Benutzung (<a href=""https://www.gesetze-im-internet.de/markeng/__26.html"" target=""_blank"" rel=""noopener"" class=""lawlink"">§ 26</a>)<br>  - a) Ernsthafte Benutzung<br>  - b) Benutzung als Marke (funktionsgemäß)<br>  - c) Für die eingetragenen Waren/Dienstleistungen<br>  - d) Im Inland<br>  - e) Durch den Inhaber oder mit seiner Zustimmung (<a href=""https://www.gesetze-im-internet.de/markeng/__26.html"" target=""_blank"" rel=""noopener"" class=""lawlink"">§ 26 Abs. 2</a>)<br>  - f) In eingetragener oder nur unwesentlich abweichender Form (<a href=""https://www.gesetze-im-internet.de/markeng/__26.html"" target=""_blank"" rel=""noopener"" class=""lawlink"">§ 26 Abs. 3</a>)<br>- 4. Berechtigte Gründe für die Nichtbenutzung<br>- 5. Beweis-/Glaubhaftmachungslast<br>- 6. Rechtsfolge"	Prüfungsschema Benutzungszwang
"Prüfungsschema: Schutz geschäftlicher Bezeichnungen (§§ <a href=""https://www.gesetze-im-internet.de/markeng/__5.html"" target=""_blank"" rel=""noopener"" class=""lawlink"">5</a>, <a href=""https://www.gesetze-im-internet.de/markeng/__15.html"" target=""_blank"" rel=""noopener"" class=""lawlink"">15</a> MarkenG)"	"- 1. Schutzfähige geschäftliche Bezeichnung (<a href=""https://www.gesetze-im-internet.de/markeng/__5.html"" target=""_blank"" rel=""noopener"" class=""lawlink"">§ 5</a>)<br>  - a) Unternehmenskennzeichen (<a href=""https://www.gesetze-im-internet.de/markeng/__5.html"" target=""_blank"" rel=""noopener"" class=""lawlink"">§ 5 Abs. 2</a>)<br>  - b) Werktitel (<a href=""https://www.gesetze-im-internet.de/markeng/__5.html"" target=""_blank"" rel=""noopener"" class=""lawlink"">§ 5 Abs. 3</a>)<br>- 2. Priorität (<a href=""https://www.gesetze-im-internet.de/markeng/__6.html"" target=""_blank"" rel=""noopener"" class=""lawlink"">§ 6</a>)<br>- 3. Verletzungshandlung (<a href=""https://www.gesetze-im-internet.de/markeng/__15.html"" target=""_blank"" rel=""noopener"" class=""lawlink"">§ 15 Abs. 2</a>)<br>- 4. Alternativ: Bekannte geschäftliche Bezeichnung (<a href=""https://www.gesetze-im-internet.de/markeng/__15.html"" target=""_blank"" rel=""noopener"" class=""lawlink"">§ 15 Abs. 3</a>)<br>- 5. Schranken<br>- 6. Rechtsfolgen (<a href=""https://www.gesetze-im-internet.de/markeng/__15.html"" target=""_blank"" rel=""noopener"" class=""lawlink"">§ 15 Abs. 4</a>-6)"	Prüfungsschema Geschäftliche_Bezeichnungen
"Prüfungsschema: Widerspruchsverfahren (§§ <a href=""https://www.gesetze-im-internet.de/markeng/__42.html"" target=""_blank"" rel=""noopener"" class=""lawlink"">42</a>, <a href=""https://www.gesetze-im-internet.de/markeng/__43.html"" target=""_blank"" rel=""noopener"" class=""lawlink"">43</a> MarkenG) und relative Schutzhindernisse (<a href=""https://www.gesetze-im-internet.de/markeng/__9.html"" target=""_blank"" rel=""noopener"" class=""lawlink"">§ 9</a>)"	"- 1. Zulässigkeit des Widerspruchs<br>- 2. Einrede der Nichtbenutzung (<a href=""https://www.gesetze-im-internet.de/markeng/__43.html"" target=""_blank"" rel=""noopener"" class=""lawlink"">§ 43 Abs. 1</a>)<br>- 3. Begründetheit: Kollisionstatbestand des <a href=""https://www.gesetze-im-internet.de/markeng/__9.html"" target=""_blank"" rel=""noopener"" class=""lawlink"">§ 9 Abs. 1</a><br>  - Nr. 1 – Identität von Marke und Waren<br>  - Nr. 2 – Verwechslungsgefahr (Registerlage)<br>  - Nr. 3 – Bekannte ältere Marke<br>- 4. Entscheidung und Rechtsmittel"	Prüfungsschema Verfahren
"Prüfungsschema: Löschung eingetragener Marken: Verfall (<a href=""https://www.gesetze-im-internet.de/markeng/__49.html"" target=""_blank"" rel=""noopener"" class=""lawlink"">§ 49</a>) und Nichtigkeit (§§ <a href=""https://www.gesetze-im-internet.de/markeng/__50.html"" target=""_blank"" rel=""noopener"" class=""lawlink"">50</a>, <a href=""https://www.gesetze-im-internet.de/markeng/__51.html"" target=""_blank"" rel=""noopener"" class=""lawlink"">51</a>)"	"- 1. Verfall (<a href=""https://www.gesetze-im-internet.de/markeng/__49.html"" target=""_blank"" rel=""noopener"" class=""lawlink"">§ 49</a>) – ex nunc, Popularantrag<br>  - Abs. 1 – Nichtbenutzung über fünf Jahre<br>  - Abs. 2 Nr. 1 – Entwicklung zur gebräuchlichen Bezeichnung infolge Verhaltens/Untätigkeit des Inhabers<br>  - Abs. 2 Nr. 2 – Täuschungseignung infolge der Benutzung<br>  - Abs. 2 Nr. 3 – Wegfall der Inhabervoraussetzungen (<a href=""https://www.gesetze-im-internet.de/markeng/__7.html"" target=""_blank"" rel=""noopener"" class=""lawlink"">§ 7</a>)<br>- 2. Nichtigkeit wegen absoluter Schutzhindernisse (<a href=""https://www.gesetze-im-internet.de/markeng/__50.html"" target=""_blank"" rel=""noopener"" class=""lawlink"">§ 50</a>) – ex tunc, Popularantrag<br>- 3. Nichtigkeit wegen älterer Rechte (<a href=""https://www.gesetze-im-internet.de/markeng/__51.html"" target=""_blank"" rel=""noopener"" class=""lawlink"">§ 51</a>) – ex tunc, nur Inhaber des älteren Rechts<br>- 4. Verfahren"	Prüfungsschema Verfahren
"Prüfungsschema: Entstehung und Erlöschen des Markenschutzes (§§ <a href=""https://www.gesetze-im-internet.de/markeng/__4.html"" target=""_blank"" rel=""noopener"" class=""lawlink"">4</a>, <a href=""https://www.gesetze-im-internet.de/markeng/__32.html"" target=""_blank"" rel=""noopener"" class=""lawlink"">32</a> ff., 47 ff.)"	"- 1. Entstehung (<a href=""https://www.gesetze-im-internet.de/markeng/__4.html"" target=""_blank"" rel=""noopener"" class=""lawlink"">§ 4</a>)<br>  - Nr. 1 – Eintragung<br>  - Nr. 2 – Verkehrsgeltung durch Benutzung<br>  - Nr. 3 – Notorische Bekanntheit<br>- 2. Zeitrang (<a href=""https://www.gesetze-im-internet.de/markeng/__6.html"" target=""_blank"" rel=""noopener"" class=""lawlink"">§ 6</a>) und Priorität (§§ <a href=""https://www.gesetze-im-internet.de/markeng/__34.html"" target=""_blank"" rel=""noopener"" class=""lawlink"">34</a>, <a href=""https://www.gesetze-im-internet.de/markeng/__35.html"" target=""_blank"" rel=""noopener"" class=""lawlink"">35</a>)<br>- 3. Schutzdauer und Verlängerung (<a href=""https://www.gesetze-im-internet.de/markeng/__47.html"" target=""_blank"" rel=""noopener"" class=""lawlink"">§ 47</a>)<br>- 4. Marke als Vermögensgegenstand (§§ <a href=""https://www.gesetze-im-internet.de/markeng/__27.html"" target=""_blank"" rel=""noopener"" class=""lawlink"">27</a>-<a href=""https://www.gesetze-im-internet.de/markeng/__31.html"" target=""_blank"" rel=""noopener"" class=""lawlink"">31</a>)<br>- 5. Erlöschen"	Prüfungsschema Grundlagen
"Prüfungsschema: Relative Schutzhindernisse im Register (<a href=""https://www.gesetze-im-internet.de/markeng/__9.html"" target=""_blank"" rel=""noopener"" class=""lawlink"">§ 9 Abs. 1 Nr. 1</a>-3 MarkenG)"	- 1. Verfahrensrahmen<br>- 2. Ältere Marke mit besserem Zeitrang<br>- 3. Nichtbenutzungseinrede gegen die ältere Marke<br>- 4. Kollisionstatbestand<br>  - Nr. 1 – Doppelidentität<br>  - Nr. 2 – Verwechslungsgefahr<br>  - Nr. 3 – Bekannte ältere Marke<br>    - a) Bekanntheit im Inland zum maßgeblichen Zeitpunkt<br>    - b) Zeichenidentität oder -ähnlichkeit<br>    - c) Waren/Dienstleistungen der jüngeren Marke<br>    - d) Gedankliche Verknüpfung<br>    - e) Prognose: Benutzung 'würde' ausnutzen oder beeinträchtigen<br>    - f) Ohne rechtfertigenden Grund in unlauterer Weise<br>- 5. Ausschlussgründe (nur Nichtigkeitsverfahren)<br>- 6. Rechtsfolge und Wechselwirkung mit dem Verletzungsprozess	Prüfungsschema Verfahren
"Prüfungsschema: Vorgehen aus einer Unionsmarke in Deutschland (UMV, <a href=""https://www.gesetze-im-internet.de/markeng/__125b.html"" target=""_blank"" rel=""noopener"" class=""lawlink"">§ 125b</a> ff. MarkenG)"	"- 1. Rechtsgrundlagen<br>- 2. Verletzungsklage aus der Unionsmarke<br>  - a) Anspruch<br>  - b) Schranken<br>  - c) Einwand der Nichtbenutzung und Widerklage<br>  - d) Rechtsfolgen<br>  - e) Zuständigkeit<br>- 3. Angriff auf eine deutsche Marke aus der Unionsmarke<br>  - a) Widerspruch (<a href=""https://www.gesetze-im-internet.de/markeng/__42.html"" target=""_blank"" rel=""noopener"" class=""lawlink"">§ 42</a>) und Nichtigkeit (<a href=""https://www.gesetze-im-internet.de/markeng/__51.html"" target=""_blank"" rel=""noopener"" class=""lawlink"">§ 51</a>)<br>  - b) Nichtbenutzungseinrede<br>- 4. Angriff auf die Unionsmarke aus einer deutschen Marke oder IR-Marke (DE)<br>- 5. Seniorität, Umwandlung, Koexistenz"	Prüfungsschema EU-_und_IR-Marken
"Prüfungsschema: Vorgehen aus einer IR-Marke in Deutschland (PMMA, §§ <a href=""https://www.gesetze-im-internet.de/markeng/__112.html"" target=""_blank"" rel=""noopener"" class=""lawlink"">112</a>-<a href=""https://www.gesetze-im-internet.de/markeng/__125.html"" target=""_blank"" rel=""noopener"" class=""lawlink"">125</a> MarkenG)"	"- 1. Rechtsgrundlagen<br>- 2. Wirkung und Zeitrang (<a href=""https://www.gesetze-im-internet.de/markeng/__112.html"" target=""_blank"" rel=""noopener"" class=""lawlink"">§ 112</a>)<br>- 3. Verteidigung der Erstreckung in Deutschland<br>  - a) Prüfung absoluter Schutzhindernisse (<a href=""https://www.gesetze-im-internet.de/markeng/__113.html"" target=""_blank"" rel=""noopener"" class=""lawlink"">§ 113</a>)<br>  - b) Widerspruch Dritter (<a href=""https://www.gesetze-im-internet.de/markeng/__114.html"" target=""_blank"" rel=""noopener"" class=""lawlink"">§ 114</a>)<br>  - c) Verfall und Nichtigkeit (<a href=""https://www.gesetze-im-internet.de/markeng/__115.html"" target=""_blank"" rel=""noopener"" class=""lawlink"">§ 115</a>)<br>  - d) Abhängigkeit von der Basismarke und Umwandlung<br>- 4. Angriff aus der IR-Marke<br>  - a) Verletzungsklage<br>  - b) Widerspruch und Nichtigkeitsantrag gegen deutsche Marken (<a href=""https://www.gesetze-im-internet.de/markeng/__116.html"" target=""_blank"" rel=""noopener"" class=""lawlink"">§ 116</a>)<br>  - c) IR-Marke mit Benennung EU<br>- 5. Benutzungsschonfrist (<a href=""https://www.gesetze-im-internet.de/markeng/__115.html"" target=""_blank"" rel=""noopener"" class=""lawlink"">§§ 115 Abs. 2</a>, 116, 117)"	Prüfungsschema EU-_und_IR-Marken
"B. Schutzfähige Marke des Anspruchstellers<br>(Unterlassungsanspruch wegen Markenverletzung (<a href=""https://www.gesetze-im-internet.de/markeng/__14.html"" target=""_blank"" rel=""noopener"" class=""lawlink"">§ 14 Abs. 2</a>, 5 MarkenG))<br><br>Welche Punkte sind hier zu prüfen?"	- 1. Bestehen des Markenschutzes<br>- 2. Aktivlegitimation<br>- 3. Zeitrang / Priorität	Prüfungsschema Prüfungspunkt
"C. Verletzungshandlung (<a href=""https://www.gesetze-im-internet.de/markeng/__14.html"" target=""_blank"" rel=""noopener"" class=""lawlink"">§ 14 Abs. 2</a>)<br>(Unterlassungsanspruch wegen Markenverletzung (<a href=""https://www.gesetze-im-internet.de/markeng/__14.html"" target=""_blank"" rel=""noopener"" class=""lawlink"">§ 14 Abs. 2</a>, 5 MarkenG))<br><br>Welche Punkte sind hier zu prüfen?"	"- 1. Benutzung im geschäftlichen Verkehr<br>- 2. Ohne Zustimmung des Markeninhabers<br>- 3. Benutzungshandlung<br>- 4. Markenmäßige (rechtsverletzende) Benutzung<br>- 5. Kollisionstatbestand<br>  - a) <a href=""https://www.gesetze-im-internet.de/markeng/__14.html"" target=""_blank"" rel=""noopener"" class=""lawlink"">§ 14 Abs. 2 Nr. 1</a> – Doppelidentität<br>  - b) <a href=""https://www.gesetze-im-internet.de/markeng/__14.html"" target=""_blank"" rel=""noopener"" class=""lawlink"">§ 14 Abs. 2 Nr. 2</a> – Verwechslungsgefahr<br>  - c) <a href=""https://www.gesetze-im-internet.de/markeng/__14.html"" target=""_blank"" rel=""noopener"" class=""lawlink"">§ 14 Abs. 2 Nr. 3</a> – Bekanntheitsschutz"	Prüfungsschema Prüfungspunkt
"5. Kollisionstatbestand<br>(Unterlassungsanspruch wegen Markenverletzung (<a href=""https://www.gesetze-im-internet.de/markeng/__14.html"" target=""_blank"" rel=""noopener"" class=""lawlink"">§ 14 Abs. 2</a>, 5 MarkenG))<br><br>Welche Punkte sind hier zu prüfen?"	"- a) <a href=""https://www.gesetze-im-internet.de/markeng/__14.html"" target=""_blank"" rel=""noopener"" class=""lawlink"">§ 14 Abs. 2 Nr. 1</a> – Doppelidentität<br>- b) <a href=""https://www.gesetze-im-internet.de/markeng/__14.html"" target=""_blank"" rel=""noopener"" class=""lawlink"">§ 14 Abs. 2 Nr. 2</a> – Verwechslungsgefahr<br>- c) <a href=""https://www.gesetze-im-internet.de/markeng/__14.html"" target=""_blank"" rel=""noopener"" class=""lawlink"">§ 14 Abs. 2 Nr. 3</a> – Bekanntheitsschutz"	Prüfungsschema Prüfungspunkt
"D. Keine Schranken / Einwendungen<br>(Unterlassungsanspruch wegen Markenverletzung (<a href=""https://www.gesetze-im-internet.de/markeng/__14.html"" target=""_blank"" rel=""noopener"" class=""lawlink"">§ 14 Abs. 2</a>, 5 MarkenG))<br><br>Welche Punkte sind hier zu prüfen?"	"- 1. <a href=""https://www.gesetze-im-internet.de/markeng/__23.html"" target=""_blank"" rel=""noopener"" class=""lawlink"">§ 23</a> – Namen, beschreibende Angaben, Bestimmungshinweis<br>- 2. <a href=""https://www.gesetze-im-internet.de/markeng/__24.html"" target=""_blank"" rel=""noopener"" class=""lawlink"">§ 24</a> – Erschöpfung<br>- 3. <a href=""https://www.gesetze-im-internet.de/markeng/__25.html"" target=""_blank"" rel=""noopener"" class=""lawlink"">§ 25</a> – Einrede der Nichtbenutzung<br>- 4. <a href=""https://www.gesetze-im-internet.de/markeng/__21.html"" target=""_blank"" rel=""noopener"" class=""lawlink"">§ 21</a> – Verwirkung; <a href=""https://www.gesetze-im-internet.de/markeng/__22.html"" target=""_blank"" rel=""noopener"" class=""lawlink"">§ 22</a> – Bestandskraft jüngerer Marke<br>- 5. Älteres Recht des Beklagten (<a href=""https://www.gesetze-im-internet.de/markeng/__6.html"" target=""_blank"" rel=""noopener"" class=""lawlink"">§ 6</a>) / Löschungsreife der Klagemarke<br>- 6. Verjährung (<a href=""https://www.gesetze-im-internet.de/markeng/__20.html"" target=""_blank"" rel=""noopener"" class=""lawlink"">§ 20</a>)"	Prüfungsschema Prüfungspunkt
"F. Weitere Ansprüche<br>(Unterlassungsanspruch wegen Markenverletzung (<a href=""https://www.gesetze-im-internet.de/markeng/__14.html"" target=""_blank"" rel=""noopener"" class=""lawlink"">§ 14 Abs. 2</a>, 5 MarkenG))<br><br>Welche Punkte sind hier zu prüfen?"	"- Schadensersatz (<a href=""https://www.gesetze-im-internet.de/markeng/__14.html"" target=""_blank"" rel=""noopener"" class=""lawlink"">§ 14 Abs. 6</a>)<br>- Vernichtung/Rückruf (<a href=""https://www.gesetze-im-internet.de/markeng/__18.html"" target=""_blank"" rel=""noopener"" class=""lawlink"">§ 18</a>), Auskunft (<a href=""https://www.gesetze-im-internet.de/markeng/__19.html"" target=""_blank"" rel=""noopener"" class=""lawlink"">§ 19</a>), Vorlage (<a href=""https://www.gesetze-im-internet.de/markeng/__19a.html"" target=""_blank"" rel=""noopener"" class=""lawlink"">§ 19a</a>), Urteilsbekanntmachung (<a href=""https://www.gesetze-im-internet.de/markeng/__19c.html"" target=""_blank"" rel=""noopener"" class=""lawlink"">§ 19c</a>)<br>- Bereicherung (<a href=""https://www.gesetze-im-internet.de/bgb/__812.html"" target=""_blank"" rel=""noopener"" class=""lawlink"">§ 812 BGB</a>), GoA; Ansprüche aus anderen Vorschriften (<a href=""https://www.gesetze-im-internet.de/markeng/__19d.html"" target=""_blank"" rel=""noopener"" class=""lawlink"">§ 19d</a>): UWG, <a href=""https://www.gesetze-im-internet.de/bgb/__12.html"" target=""_blank"" rel=""noopener"" class=""lawlink"">§ 12 BGB</a>"	Prüfungsschema Prüfungspunkt
"4. Zeichenidentität oder -ähnlichkeit<br>(Verwechslungsgefahr (<a href=""https://www.gesetze-im-internet.de/markeng/__14.html"" target=""_blank"" rel=""noopener"" class=""lawlink"">§ 14 Abs. 2 Nr. 2</a> / <a href=""https://www.gesetze-im-internet.de/markeng/__9.html"" target=""_blank"" rel=""noopener"" class=""lawlink"">§ 9 Abs. 1 Nr. 2 MarkenG</a>))<br><br>Welche Punkte sind hier zu prüfen?"	- a) Gesamteindruck<br>- b) Prägung durch einzelne Bestandteile<br>- c) Ähnlichkeit nach Klang, Bild, Sinngehalt<br>- d) Selbständig kennzeichnende Stellung	Prüfungsschema Prüfungspunkt
"5. Eingriffstatbestand (eine Alternative genügt)<br>(Bekanntheitsschutz (<a href=""https://www.gesetze-im-internet.de/markeng/__14.html"" target=""_blank"" rel=""noopener"" class=""lawlink"">§ 14 Abs. 2 Nr. 3 MarkenG</a>))<br><br>Welche Punkte sind hier zu prüfen?"	- a) Ausnutzung der Unterscheidungskraft (Aufmerksamkeitsausbeutung)<br>- b) Ausnutzung der Wertschätzung (Rufausbeutung, Imagetransfer)<br>- c) Beeinträchtigung der Unterscheidungskraft (Verwässerung)<br>- d) Beeinträchtigung der Wertschätzung (Rufschädigung/Verunglimpfung)	Prüfungsschema Prüfungspunkt
"5. Keine absoluten Schutzhindernisse (<a href=""https://www.gesetze-im-internet.de/markeng/__8.html"" target=""_blank"" rel=""noopener"" class=""lawlink"">§ 8 Abs. 2</a>)<br>(Schutzfähigkeit / Eintragungsfähigkeit einer Marke (§§ <a href=""https://www.gesetze-im-internet.de/markeng/__3.html"" target=""_blank"" rel=""noopener"" class=""lawlink"">3</a>, <a href=""https://www.gesetze-im-internet.de/markeng/__7.html"" target=""_blank"" rel=""noopener"" class=""lawlink"">7</a>, <a href=""https://www.gesetze-im-internet.de/markeng/__8.html"" target=""_blank"" rel=""noopener"" class=""lawlink"">8</a> MarkenG))<br><br>Welche Punkte sind hier zu prüfen?"	"- Nr. 1 – Fehlende Unterscheidungskraft<br>- Nr. 2 – Freihaltebedürfnis an beschreibenden Angaben<br>- Nr. 3 – Üblich gewordene Bezeichnungen<br>- Nr. 4 – Täuschungseignung (nur wenn ersichtlich, <a href=""https://www.gesetze-im-internet.de/markeng/__37.html"" target=""_blank"" rel=""noopener"" class=""lawlink"">§ 37 Abs. 3</a>)<br>- Nr. 5 – Verstoß gegen öffentliche Ordnung / gute Sitten<br>- Nr. 6-8 – Hoheitszeichen, amtliche Prüfzeichen, Kennzeichen internationaler Organisationen<br>- Nr. 9-13 – Sonstige gesetzliche Verbote, geschützte Ursprungsbezeichnungen, traditionelle Bezeichnungen, Sortenbezeichnungen<br>- Nr. 14 – Bösgläubige Anmeldung (nur wenn ersichtlich, <a href=""https://www.gesetze-im-internet.de/markeng/__37.html"" target=""_blank"" rel=""noopener"" class=""lawlink"">§ 37 Abs. 3</a>)"	Prüfungsschema Prüfungspunkt
"2. Fallgruppe<br>(Schranke des <a href=""https://www.gesetze-im-internet.de/markeng/__23.html"" target=""_blank"" rel=""noopener"" class=""lawlink"">§ 23 MarkenG</a> (Namen, beschreibende Angaben, Bestimmungshinweis))<br><br>Welche Punkte sind hier zu prüfen?"	- Nr. 1 – Name oder Anschrift des Dritten<br>- Nr. 2 – Zeichen ohne Unterscheidungskraft / beschreibende Angaben<br>- Nr. 3 – Bestimmungshinweis (Zubehör, Ersatzteile, Kompatibilität)	Prüfungsschema Prüfungspunkt
"3. Voraussetzungen der rechtserhaltenden Benutzung (<a href=""https://www.gesetze-im-internet.de/markeng/__26.html"" target=""_blank"" rel=""noopener"" class=""lawlink"">§ 26</a>)<br>(Rechtserhaltende Benutzung und Verfall (§§ <a href=""https://www.gesetze-im-internet.de/markeng/__25.html"" target=""_blank"" rel=""noopener"" class=""lawlink"">25</a>, <a href=""https://www.gesetze-im-internet.de/markeng/__26.html"" target=""_blank"" rel=""noopener"" class=""lawlink"">26</a>, <a href=""https://www.gesetze-im-internet.de/markeng/__49.html"" target=""_blank"" rel=""noopener"" class=""lawlink"">49</a> MarkenG))<br><br>Welche Punkte sind hier zu prüfen?"	"- a) Ernsthafte Benutzung<br>- b) Benutzung als Marke (funktionsgemäß)<br>- c) Für die eingetragenen Waren/Dienstleistungen<br>- d) Im Inland<br>- e) Durch den Inhaber oder mit seiner Zustimmung (<a href=""https://www.gesetze-im-internet.de/markeng/__26.html"" target=""_blank"" rel=""noopener"" class=""lawlink"">§ 26 Abs. 2</a>)<br>- f) In eingetragener oder nur unwesentlich abweichender Form (<a href=""https://www.gesetze-im-internet.de/markeng/__26.html"" target=""_blank"" rel=""noopener"" class=""lawlink"">§ 26 Abs. 3</a>)"	Prüfungsschema Prüfungspunkt
"1. Schutzfähige geschäftliche Bezeichnung (<a href=""https://www.gesetze-im-internet.de/markeng/__5.html"" target=""_blank"" rel=""noopener"" class=""lawlink"">§ 5</a>)<br>(Schutz geschäftlicher Bezeichnungen (§§ <a href=""https://www.gesetze-im-internet.de/markeng/__5.html"" target=""_blank"" rel=""noopener"" class=""lawlink"">5</a>, <a href=""https://www.gesetze-im-internet.de/markeng/__15.html"" target=""_blank"" rel=""noopener"" class=""lawlink"">15</a> MarkenG))<br><br>Welche Punkte sind hier zu prüfen?"	"- a) Unternehmenskennzeichen (<a href=""https://www.gesetze-im-internet.de/markeng/__5.html"" target=""_blank"" rel=""noopener"" class=""lawlink"">§ 5 Abs. 2</a>)<br>- b) Werktitel (<a href=""https://www.gesetze-im-internet.de/markeng/__5.html"" target=""_blank"" rel=""noopener"" class=""lawlink"">§ 5 Abs. 3</a>)"	Prüfungsschema Prüfungspunkt
"3. Begründetheit: Kollisionstatbestand des <a href=""https://www.gesetze-im-internet.de/markeng/__9.html"" target=""_blank"" rel=""noopener"" class=""lawlink"">§ 9 Abs. 1</a><br>(Widerspruchsverfahren (§§ <a href=""https://www.gesetze-im-internet.de/markeng/__42.html"" target=""_blank"" rel=""noopener"" class=""lawlink"">42</a>, <a href=""https://www.gesetze-im-internet.de/markeng/__43.html"" target=""_blank"" rel=""noopener"" class=""lawlink"">43</a> MarkenG) und relative Schutzhindernisse (<a href=""https://www.gesetze-im-internet.de/markeng/__9.html"" target=""_blank"" rel=""noopener"" class=""lawlink"">§ 9</a>))<br><br>Welche Punkte sind hier zu prüfen?"	- Nr. 1 – Identität von Marke und Waren<br>- Nr. 2 – Verwechslungsgefahr (Registerlage)<br>- Nr. 3 – Bekannte ältere Marke	Prüfungsschema Prüfungspunkt
"1. Verfall (<a href=""https://www.gesetze-im-internet.de/markeng/__49.html"" target=""_blank"" rel=""noopener"" class=""lawlink"">§ 49</a>) – ex nunc, Popularantrag<br>(Löschung eingetragener Marken: Verfall (<a href=""https://www.gesetze-im-internet.de/markeng/__49.html"" target=""_blank"" rel=""noopener"" class=""lawlink"">§ 49</a>) und Nichtigkeit (§§ <a href=""https://www.gesetze-im-internet.de/markeng/__50.html"" target=""_blank"" rel=""noopener"" class=""lawlink"">50</a>, <a href=""https://www.gesetze-im-internet.de/markeng/__51.html"" target=""_blank"" rel=""noopener"" class=""lawlink"">51</a>))<br><br>Welche Punkte sind hier zu prüfen?"	"- Abs. 1 – Nichtbenutzung über fünf Jahre<br>- Abs. 2 Nr. 1 – Entwicklung zur gebräuchlichen Bezeichnung infolge Verhaltens/Untätigkeit des Inhabers<br>- Abs. 2 Nr. 2 – Täuschungseignung infolge der Benutzung<br>- Abs. 2 Nr. 3 – Wegfall der Inhabervoraussetzungen (<a href=""https://www.gesetze-im-internet.de/markeng/__7.html"" target=""_blank"" rel=""noopener"" class=""lawlink"">§ 7</a>)"	Prüfungsschema Prüfungspunkt
"1. Entstehung (<a href=""https://www.gesetze-im-internet.de/markeng/__4.html"" target=""_blank"" rel=""noopener"" class=""lawlink"">§ 4</a>)<br>(Entstehung und Erlöschen des Markenschutzes (§§ <a href=""https://www.gesetze-im-internet.de/markeng/__4.html"" target=""_blank"" rel=""noopener"" class=""lawlink"">4</a>, <a href=""https://www.gesetze-im-internet.de/markeng/__32.html"" target=""_blank"" rel=""noopener"" class=""lawlink"">32</a> ff., 47 ff.))<br><br>Welche Punkte sind hier zu prüfen?"	- Nr. 1 – Eintragung<br>- Nr. 2 – Verkehrsgeltung durch Benutzung<br>- Nr. 3 – Notorische Bekanntheit	Prüfungsschema Prüfungspunkt
"4. Kollisionstatbestand<br>(Relative Schutzhindernisse im Register (<a href=""https://www.gesetze-im-internet.de/markeng/__9.html"" target=""_blank"" rel=""noopener"" class=""lawlink"">§ 9 Abs. 1 Nr. 1</a>-3 MarkenG))<br><br>Welche Punkte sind hier zu prüfen?"	- Nr. 1 – Doppelidentität<br>- Nr. 2 – Verwechslungsgefahr<br>- Nr. 3 – Bekannte ältere Marke<br>  - a) Bekanntheit im Inland zum maßgeblichen Zeitpunkt<br>  - b) Zeichenidentität oder -ähnlichkeit<br>  - c) Waren/Dienstleistungen der jüngeren Marke<br>  - d) Gedankliche Verknüpfung<br>  - e) Prognose: Benutzung 'würde' ausnutzen oder beeinträchtigen<br>  - f) Ohne rechtfertigenden Grund in unlauterer Weise	Prüfungsschema Prüfungspunkt
"Nr. 3 – Bekannte ältere Marke<br>(Relative Schutzhindernisse im Register (<a href=""https://www.gesetze-im-internet.de/markeng/__9.html"" target=""_blank"" rel=""noopener"" class=""lawlink"">§ 9 Abs. 1 Nr. 1</a>-3 MarkenG))<br><br>Welche Punkte sind hier zu prüfen?"	"- a) Bekanntheit im Inland zum maßgeblichen Zeitpunkt<br>- b) Zeichenidentität oder -ähnlichkeit<br>- c) Waren/Dienstleistungen der jüngeren Marke<br>- d) Gedankliche Verknüpfung<br>- e) Prognose: Benutzung 'würde' ausnutzen oder beeinträchtigen<br>- f) Ohne rechtfertigenden Grund in unlauterer Weise<br><br>Spiegelbild des <a href=""https://www.gesetze-im-internet.de/markeng/__14.html"" target=""_blank"" rel=""noopener"" class=""lawlink"">§ 14 Abs. 2 Nr. 3</a> mit registerrechtlichen Besonderheiten."	Prüfungsschema Prüfungspunkt
"2. Verletzungsklage aus der Unionsmarke<br>(Vorgehen aus einer Unionsmarke in Deutschland (UMV, <a href=""https://www.gesetze-im-internet.de/markeng/__125b.html"" target=""_blank"" rel=""noopener"" class=""lawlink"">§ 125b</a> ff. MarkenG))<br><br>Welche Punkte sind hier zu prüfen?"	- a) Anspruch<br>- b) Schranken<br>- c) Einwand der Nichtbenutzung und Widerklage<br>- d) Rechtsfolgen<br>- e) Zuständigkeit	Prüfungsschema Prüfungspunkt
"3. Angriff auf eine deutsche Marke aus der Unionsmarke<br>(Vorgehen aus einer Unionsmarke in Deutschland (UMV, <a href=""https://www.gesetze-im-internet.de/markeng/__125b.html"" target=""_blank"" rel=""noopener"" class=""lawlink"">§ 125b</a> ff. MarkenG))<br><br>Welche Punkte sind hier zu prüfen?"	"- a) Widerspruch (<a href=""https://www.gesetze-im-internet.de/markeng/__42.html"" target=""_blank"" rel=""noopener"" class=""lawlink"">§ 42</a>) und Nichtigkeit (<a href=""https://www.gesetze-im-internet.de/markeng/__51.html"" target=""_blank"" rel=""noopener"" class=""lawlink"">§ 51</a>)<br>- b) Nichtbenutzungseinrede"	Prüfungsschema Prüfungspunkt
"3. Verteidigung der Erstreckung in Deutschland<br>(Vorgehen aus einer IR-Marke in Deutschland (PMMA, §§ <a href=""https://www.gesetze-im-internet.de/markeng/__112.html"" target=""_blank"" rel=""noopener"" class=""lawlink"">112</a>-<a href=""https://www.gesetze-im-internet.de/markeng/__125.html"" target=""_blank"" rel=""noopener"" class=""lawlink"">125</a> MarkenG))<br><br>Welche Punkte sind hier zu prüfen?"	"- a) Prüfung absoluter Schutzhindernisse (<a href=""https://www.gesetze-im-internet.de/markeng/__113.html"" target=""_blank"" rel=""noopener"" class=""lawlink"">§ 113</a>)<br>- b) Widerspruch Dritter (<a href=""https://www.gesetze-im-internet.de/markeng/__114.html"" target=""_blank"" rel=""noopener"" class=""lawlink"">§ 114</a>)<br>- c) Verfall und Nichtigkeit (<a href=""https://www.gesetze-im-internet.de/markeng/__115.html"" target=""_blank"" rel=""noopener"" class=""lawlink"">§ 115</a>)<br>- d) Abhängigkeit von der Basismarke und Umwandlung"	Prüfungsschema Prüfungspunkt
"4. Angriff aus der IR-Marke<br>(Vorgehen aus einer IR-Marke in Deutschland (PMMA, §§ <a href=""https://www.gesetze-im-internet.de/markeng/__112.html"" target=""_blank"" rel=""noopener"" class=""lawlink"">112</a>-<a href=""https://www.gesetze-im-internet.de/markeng/__125.html"" target=""_blank"" rel=""noopener"" class=""lawlink"">125</a> MarkenG))<br><br>Welche Punkte sind hier zu prüfen?"	"- a) Verletzungsklage<br>- b) Widerspruch und Nichtigkeitsantrag gegen deutsche Marken (<a href=""https://www.gesetze-im-internet.de/markeng/__116.html"" target=""_blank"" rel=""noopener"" class=""lawlink"">§ 116</a>)<br>- c) IR-Marke mit Benennung EU"	Prüfungsschema Prüfungspunkt
Worin unterscheiden sich Unterscheidungskraft und Kennzeichnungskraft?<br>(Kennzeichnungskraft vs. Unterscheidungskraft)	"• Rechtliche Ebene — Unterscheidungskraft: Schutzvoraussetzung (Eintragungsfähigkeit) | Kennzeichnungskraft: Schutzumfang (Kollisionsprüfung)<br>• Norm — Unterscheidungskraft: <a href=""https://www.gesetze-im-internet.de/markeng/__8.html"" target=""_blank"" rel=""noopener"" class=""lawlink"">§ 8 Abs. 2 Nr. 1 MarkenG</a> | Kennzeichnungskraft: <a href=""https://www.gesetze-im-internet.de/markeng/__14.html"" target=""_blank"" rel=""noopener"" class=""lawlink"">§ 14 Abs. 2 Nr. 2</a>, <a href=""https://www.gesetze-im-internet.de/markeng/__9.html"" target=""_blank"" rel=""noopener"" class=""lawlink"">§ 9 Abs. 1 Nr. 2 MarkenG</a> (ungeschrieben, Faktor der Verwechslungsgefahr)<br>• Prüfungsfrage — Unterscheidungskraft: Ist das Zeichen überhaupt geeignet, als Herkunftshinweis für die beanspruchten Waren zu dienen? | Kennzeichnungskraft: Wie stark prägt sich das Zeichen dem Verkehr als Marke ein – wie weit reicht sein Schutzbereich?<br>• Maßstab — Unterscheidungskraft: Ja/Nein-Entscheidung; großzügig: jede noch so geringe Unterscheidungskraft genügt | Kennzeichnungskraft: Graduell: sehr gering – gering – durchschnittlich – erhöht – sehr hoch (Culinaria)<br>• Ergebnis — Unterscheidungskraft: Fehlt sie: Zurückweisung / Nichtigkeit (<a href=""https://www.gesetze-im-internet.de/markeng/__50.html"" target=""_blank"" rel=""noopener"" class=""lawlink"">§ 50</a>) | Kennzeichnungskraft: Je höher, desto größer die Verwechslungsgefahr und der Schutzbereich (Wechselwirkung)<br>• Zeitpunkt — Unterscheidungskraft: Anmeldetag (<a href=""https://www.gesetze-im-internet.de/markeng/__37.html"" target=""_blank"" rel=""noopener"" class=""lawlink"">§ 37 Abs. 2</a>, <a href=""https://www.gesetze-im-internet.de/markeng/__50.html"" target=""_blank"" rel=""noopener"" class=""lawlink"">§ 50 Abs. 2</a>) | Kennzeichnungskraft: Kollisionszeitpunkt (Verletzung) bzw. Anmeldetag der jüngeren Marke; kann durch Benutzung steigen oder durch Drittzeichen sinken<br>• Beispiel — Unterscheidungskraft: 'marktfrisch' für Lebensmittel: keine Unterscheidungskraft | Kennzeichnungskraft: 'Kinder' für Süßwaren: durch Verkehrsdurchsetzung eingetragen, aber nur durchschnittliche Kennzeichnungskraft (Kinder II)<br><br>Merksatz: Unterscheidungskraft = Eintrittskarte ins Register (ob). Kennzeichnungskraft = Reichweite des Schutzes im Streit (wie stark)."	Abgrenzung
"Wie unterscheiden sich <a href=""https://www.gesetze-im-internet.de/markeng/__8.html"" target=""_blank"" rel=""noopener"" class=""lawlink"">§ 8 Abs. 2 Nr. 1</a> und Nr. 2 MarkenG?<br>(Fehlende Unterscheidungskraft (Nr. 1) vs. Freihaltebedürfnis (Nr. 2))"	"• Schutzzweck — <a href=""https://www.gesetze-im-internet.de/markeng/__8.html"" target=""_blank"" rel=""noopener"" class=""lawlink"">§ 8 Abs. 2 Nr. 1</a> (Unterscheidungskraft): Herkunftsfunktion: Verbraucher soll Zeichen als Marke erkennen können | <a href=""https://www.gesetze-im-internet.de/markeng/__8.html"" target=""_blank"" rel=""noopener"" class=""lawlink"">§ 8 Abs. 2 Nr. 2</a> (Freihaltebedürfnis): Allgemeininteresse der Mitbewerber an freier Verwendbarkeit beschreibender Angaben<br>• Perspektive — <a href=""https://www.gesetze-im-internet.de/markeng/__8.html"" target=""_blank"" rel=""noopener"" class=""lawlink"">§ 8 Abs. 2 Nr. 1</a> (Unterscheidungskraft): Sicht des Durchschnittsverbrauchers | <a href=""https://www.gesetze-im-internet.de/markeng/__8.html"" target=""_blank"" rel=""noopener"" class=""lawlink"">§ 8 Abs. 2 Nr. 2</a> (Freihaltebedürfnis): Sicht der Mitbewerber / des Verkehrs (auch künftige Verwendung)<br>• Erfasste Zeichen — <a href=""https://www.gesetze-im-internet.de/markeng/__8.html"" target=""_blank"" rel=""noopener"" class=""lawlink"">§ 8 Abs. 2 Nr. 1</a> (Unterscheidungskraft): Beschreibende Angaben, gebräuchliche Wörter, reine Werbeaussagen, Dekor | <a href=""https://www.gesetze-im-internet.de/markeng/__8.html"" target=""_blank"" rel=""noopener"" class=""lawlink"">§ 8 Abs. 2 Nr. 2</a> (Freihaltebedürfnis): Nur Angaben über Merkmale der Waren (Art, Beschaffenheit, Menge, Bestimmung, Herkunft, Zeit …)<br>• Verhältnis — <a href=""https://www.gesetze-im-internet.de/markeng/__8.html"" target=""_blank"" rel=""noopener"" class=""lawlink"">§ 8 Abs. 2 Nr. 1</a> (Unterscheidungskraft): Jede nach Nr. 2 beschreibende Angabe fehlt regelmäßig auch die Unterscheidungskraft; nicht umgekehrt (z.B. 'for you') | <a href=""https://www.gesetze-im-internet.de/markeng/__8.html"" target=""_blank"" rel=""noopener"" class=""lawlink"">§ 8 Abs. 2 Nr. 2</a> (Freihaltebedürfnis): Engerer Anwendungsbereich; eigenständig zu prüfen, auch wenn Nr. 1 bejaht<br>• Überwindung — <a href=""https://www.gesetze-im-internet.de/markeng/__8.html"" target=""_blank"" rel=""noopener"" class=""lawlink"">§ 8 Abs. 2 Nr. 1</a> (Unterscheidungskraft): Verkehrsdurchsetzung (<a href=""https://www.gesetze-im-internet.de/markeng/__8.html"" target=""_blank"" rel=""noopener"" class=""lawlink"">§ 8 Abs. 3</a>) | <a href=""https://www.gesetze-im-internet.de/markeng/__8.html"" target=""_blank"" rel=""noopener"" class=""lawlink"">§ 8 Abs. 2 Nr. 2</a> (Freihaltebedürfnis): Verkehrsdurchsetzung (<a href=""https://www.gesetze-im-internet.de/markeng/__8.html"" target=""_blank"" rel=""noopener"" class=""lawlink"">§ 8 Abs. 3</a>), aber höhere Anforderungen bei glatt beschreibenden Angaben<br><br>Merksatz: Nr. 1 fragt: Sieht der Verbraucher eine Marke? Nr. 2 fragt: Brauchen die Konkurrenten das Wort?"	Abgrenzung
"Abstrakte vs. konkrete Unterscheidungseignung – was ist der Unterschied?<br>(Markenfähigkeit (<a href=""https://www.gesetze-im-internet.de/markeng/__3.html"" target=""_blank"" rel=""noopener"" class=""lawlink"">§ 3</a>) vs. Unterscheidungskraft (<a href=""https://www.gesetze-im-internet.de/markeng/__8.html"" target=""_blank"" rel=""noopener"" class=""lawlink"">§ 8 Abs. 2 Nr. 1</a>))"	"• Bezugspunkt — Markenfähigkeit (<a href=""https://www.gesetze-im-internet.de/markeng/__3.html"" target=""_blank"" rel=""noopener"" class=""lawlink"">§ 3 Abs. 1</a>): Abstrakt: Zeichen als solches, unabhängig von Waren | Unterscheidungskraft (<a href=""https://www.gesetze-im-internet.de/markeng/__8.html"" target=""_blank"" rel=""noopener"" class=""lawlink"">§ 8 Abs. 2 Nr. 1</a>): Konkret: Zeichen in Bezug auf die beanspruchten Waren/Dienstleistungen<br>• Prüfung — Markenfähigkeit (<a href=""https://www.gesetze-im-internet.de/markeng/__3.html"" target=""_blank"" rel=""noopener"" class=""lawlink"">§ 3 Abs. 1</a>): Kann ein Zeichen dieser Art überhaupt Marke sein? | Unterscheidungskraft (<a href=""https://www.gesetze-im-internet.de/markeng/__8.html"" target=""_blank"" rel=""noopener"" class=""lawlink"">§ 8 Abs. 2 Nr. 1</a>): Wird dieses Zeichen für diese Waren als Herkunftshinweis verstanden?<br>• Praktische Bedeutung — Markenfähigkeit (<a href=""https://www.gesetze-im-internet.de/markeng/__3.html"" target=""_blank"" rel=""noopener"" class=""lawlink"">§ 3 Abs. 1</a>): Nur selten verneint (variable Zeichen, bloße Idee/Konzept) | Unterscheidungskraft (<a href=""https://www.gesetze-im-internet.de/markeng/__8.html"" target=""_blank"" rel=""noopener"" class=""lawlink"">§ 8 Abs. 2 Nr. 1</a>): Häufigstes Eintragungshindernis<br>• Sonderfall — Markenfähigkeit (<a href=""https://www.gesetze-im-internet.de/markeng/__3.html"" target=""_blank"" rel=""noopener"" class=""lawlink"">§ 3 Abs. 1</a>): <a href=""https://www.gesetze-im-internet.de/markeng/__3.html"" target=""_blank"" rel=""noopener"" class=""lawlink"">§ 3 Abs. 2</a> Formausschluss: nicht überwindbar | Unterscheidungskraft (<a href=""https://www.gesetze-im-internet.de/markeng/__8.html"" target=""_blank"" rel=""noopener"" class=""lawlink"">§ 8 Abs. 2 Nr. 1</a>): <a href=""https://www.gesetze-im-internet.de/markeng/__8.html"" target=""_blank"" rel=""noopener"" class=""lawlink"">§ 8 Abs. 3</a>: durch Verkehrsdurchsetzung überwindbar<br><br>Merksatz: <a href=""https://www.gesetze-im-internet.de/markeng/__3.html"" target=""_blank"" rel=""noopener"" class=""lawlink"">§ 3</a> = Türsteher für Zeichenarten, <a href=""https://www.gesetze-im-internet.de/markeng/__8.html"" target=""_blank"" rel=""noopener"" class=""lawlink"">§ 8 Abs. 2 Nr. 1</a> = Prüfung des konkreten Zeichens für konkrete Waren."	Abgrenzung
Welche Bekanntheitsstufen kennt das MarkenG und wofür sind sie relevant?<br>(Verkehrsgeltung vs. Verkehrsdurchsetzung vs. Bekanntheit vs. notorische Bekanntheit)	"• Norm — Verkehrsgeltung: <a href=""https://www.gesetze-im-internet.de/markeng/__4.html"" target=""_blank"" rel=""noopener"" class=""lawlink"">§ 4 Nr. 2</a> | Verkehrsdurchsetzung: <a href=""https://www.gesetze-im-internet.de/markeng/__8.html"" target=""_blank"" rel=""noopener"" class=""lawlink"">§ 8 Abs. 3</a> | Bekannte Marke: <a href=""https://www.gesetze-im-internet.de/markeng/__14.html"" target=""_blank"" rel=""noopener"" class=""lawlink"">§ 14 Abs. 2 Nr. 3</a>, <a href=""https://www.gesetze-im-internet.de/markeng/__9.html"" target=""_blank"" rel=""noopener"" class=""lawlink"">§ 9 Abs. 1 Nr. 3</a> | Notorische Bekanntheit: <a href=""https://www.gesetze-im-internet.de/markeng/__4.html"" target=""_blank"" rel=""noopener"" class=""lawlink"">§ 4 Nr. 3</a>, <a href=""https://www.gesetze-im-internet.de/markeng/__10.html"" target=""_blank"" rel=""noopener"" class=""lawlink"">§ 10</a> (Art. 6bis PVÜ)<br>• Funktion — Verkehrsgeltung: Entstehung einer Benutzungsmarke ohne Eintragung | Verkehrsdurchsetzung: Überwindung der Schutzhindernisse <a href=""https://www.gesetze-im-internet.de/markeng/__8.html"" target=""_blank"" rel=""noopener"" class=""lawlink"">§ 8 Abs. 2 Nr. 1</a>-3 bei Eintragung | Bekannte Marke: Erweiterter Schutzbereich über Verwechslungsgefahr hinaus | Notorische Bekanntheit: Entstehung von Markenschutz ohne Eintragung und Inlandsbenutzung<br>• Bezugsgröße — Verkehrsgeltung: Beteiligte Verkehrskreise (kann regional beschränkt sein) | Verkehrsdurchsetzung: Beteiligte Verkehrskreise, bundesweit | Bekannte Marke: Bedeutender Teil des von den Waren angesprochenen Publikums, wesentlicher Teil des Inlands | Notorische Bekanntheit: Allgemeine Bekanntheit im Inland (auch außerhalb der Fachkreise)<br>• Richtwert — Verkehrsgeltung: Bei unterscheidungskräftigen Zeichen ca. 20-25 %; bei beschreibenden wie Verkehrsdurchsetzung | Verkehrsdurchsetzung: Regelmäßig über 50 % Zuordnung; bei glatt beschreibenden Angaben mehr | Bekannte Marke: Keine feste Quote (General Motors); Faktoren Marktanteil, Intensität, Werbung | Notorische Bekanntheit: Sehr hoher Bekanntheitsgrad; praktisch selten<br><br>Merksatz: Verkehrsgeltung schafft die Marke, Verkehrsdurchsetzung öffnet das Register, Bekanntheit erweitert den Schutz, Notorietät ersetzt Eintragung und Benutzung."	Abgrenzung
"Welche Voraussetzungen haben die drei Kollisionstatbestände des <a href=""https://www.gesetze-im-internet.de/markeng/__14.html"" target=""_blank"" rel=""noopener"" class=""lawlink"">§ 14 Abs. 2 MarkenG</a>?<br>(Doppelidentität vs. Verwechslungsgefahr vs. Bekanntheitsschutz (<a href=""https://www.gesetze-im-internet.de/markeng/__14.html"" target=""_blank"" rel=""noopener"" class=""lawlink"">§ 14 Abs. 2 Nr. 1</a>-3))"	• Zeichen — Nr. 1 Doppelidentität: Identisch | Nr. 2 Verwechslungsgefahr: Identisch oder ähnlich | Nr. 3 Bekanntheitsschutz: Identisch oder ähnlich<br>• Waren/Dienstleistungen — Nr. 1 Doppelidentität: Identisch | Nr. 2 Verwechslungsgefahr: Identisch oder ähnlich | Nr. 3 Bekanntheitsschutz: Beliebig (auch unähnlich; auch identisch/ähnlich nach OTTO Cap)<br>• Zusätzliche Voraussetzung — Nr. 1 Doppelidentität: Keine (absoluter Schutz); aber Beeinträchtigung irgendeiner Markenfunktion | Nr. 2 Verwechslungsgefahr: Verwechslungsgefahr (Wechselwirkung) | Nr. 3 Bekanntheitsschutz: Bekanntheit, gedankliche Verknüpfung, Ausnutzung/Beeinträchtigung, Unlauterkeit ohne rechtfertigenden Grund<br>• Betroffene Markenfunktion — Nr. 1 Doppelidentität: Herkunfts-, Qualitäts-, Kommunikations-, Investitions- oder Werbefunktion (L'Oréal/Bellure) | Nr. 2 Verwechslungsgefahr: Herkunftsfunktion | Nr. 3 Bekanntheitsschutz: Werbe-/Investitionsfunktion, Ruf (keine Beeinträchtigung der Herkunftsfunktion erforderlich)<br>• Typische Fälle — Nr. 1 Doppelidentität: Produktpiraterie, Keyword-Advertising, Ersatzteilhinweise | Nr. 2 Verwechslungsgefahr: Ähnliche Zeichen auf Konkurrenzprodukten | Nr. 3 Bekanntheitsschutz: Markenparodie, Imagetransfer, Rufausbeutung, Verwässerung<br><br>Merksatz: Nr. 1: identisch + identisch. Nr. 2: ähnlich + ähnlich + Verwechslung. Nr. 3: bekannt + Verknüpfung + unlauter.	Abgrenzung
Welche Arten der Verwechslungsgefahr gibt es?<br>(Unmittelbare vs. mittelbare Verwechslungsgefahr vs. Verwechslungsgefahr im weiteren Sinne)	• Fehlvorstellung des Verkehrs — Unmittelbare Verwechslungsgefahr: Verkehr hält die Zeichen für dasselbe Zeichen | Mittelbare Verwechslungsgefahr: Verkehr erkennt die Unterschiede, ordnet beide Zeichen aber demselben Unternehmen zu (Serienzeichen) | Verwechslungsgefahr im weiteren Sinne: Verkehr erkennt verschiedene Unternehmen, nimmt aber wirtschaftliche/organisatorische Verbindungen an<br>• Voraussetzung — Unmittelbare Verwechslungsgefahr: Zeichenähnlichkeit nach Klang, Bild, Sinn im Gesamteindruck | Mittelbare Verwechslungsgefahr: Gemeinsamer kennzeichnungskräftiger Stammbestandteil einer benutzten Zeichenserie | Verwechslungsgefahr im weiteren Sinne: Ältere Marke als selbständig kennzeichnender Bestandteil oder zugleich Unternehmenskennzeichen; Ausnahmefall<br>• Beispiel — Unmittelbare Verwechslungsgefahr: 'Maalox' / 'Melox' (verneint) | Mittelbare Verwechslungsgefahr: 'Volkswagen' – 'Volks.Inspektion' (Stamm 'Volks') | Verwechslungsgefahr im weiteren Sinne: 'LIFE' – 'THOMSON LIFE'; 'Sixtyseven by Mustang'<br><br>Merksatz: Unmittelbar: gleiches Zeichen. Mittelbar: gleiche Familie. Im weiteren Sinne: gleiche Firma dahinter.	Abgrenzung
Wann prägt ein Bestandteil den Gesamteindruck, wann hat er nur eine selbständig kennzeichnende Stellung?<br>(Prägetheorie vs. selbständig kennzeichnende Stellung)	• Frage — Prägetheorie: Welcher Bestandteil bestimmt den Gesamteindruck des mehrgliedrigen Zeichens? | Selbständig kennzeichnende Stellung: Behält die übernommene ältere Marke im jüngeren Kombinationszeichen ihre eigenständige Kennzeichnungsfunktion?<br>• Voraussetzung — Prägetheorie: Übrige Bestandteile treten so zurück, dass sie den Gesamteindruck nicht mitbestimmen | Selbständig kennzeichnende Stellung: Bestandteil dominiert nicht, wirkt aber neben den anderen Bestandteilen (z.B. neben einer Unternehmensbezeichnung) eigenständig; besondere Umstände<br>• Folge für Zeichenvergleich — Prägetheorie: Vergleich der älteren Marke mit dem prägenden Bestandteil | Selbständig kennzeichnende Stellung: Verkehr nimmt an, die Waren stammten aus verbundenen Unternehmen<br>• Art der Verwechslungsgefahr — Prägetheorie: Unmittelbare Verwechslungsgefahr | Selbständig kennzeichnende Stellung: Verwechslungsgefahr im weiteren Sinne<br>• Leitentscheidung — Prägetheorie: BGH Springende Raubkatze; Culinaria | Selbständig kennzeichnende Stellung: EuGH THOMSON LIFE; BGH INTERCONNECT, Culinaria<br><br>Merksatz: Prägung = ein Teil ist das Ganze. Selbständig kennzeichnende Stellung = ein Teil bleibt erkennbar fremd.	Abgrenzung
"Was unterscheidet die rechtsverletzende von der rechtserhaltenden Benutzung?<br>(Markenmäßige Benutzung (<a href=""https://www.gesetze-im-internet.de/markeng/__14.html"" target=""_blank"" rel=""noopener"" class=""lawlink"">§ 14</a>) vs. rechtserhaltende Benutzung (<a href=""https://www.gesetze-im-internet.de/markeng/__26.html"" target=""_blank"" rel=""noopener"" class=""lawlink"">§ 26</a>))"	"• Kontext — Markenmäßige (rechtsverletzende) Benutzung: Verletzungstatbestand <a href=""https://www.gesetze-im-internet.de/markeng/__14.html"" target=""_blank"" rel=""noopener"" class=""lawlink"">§ 14 Abs. 2</a> | Rechtserhaltende Benutzung: Benutzungszwang §§ <a href=""https://www.gesetze-im-internet.de/markeng/__25.html"" target=""_blank"" rel=""noopener"" class=""lawlink"">25</a>, <a href=""https://www.gesetze-im-internet.de/markeng/__26.html"" target=""_blank"" rel=""noopener"" class=""lawlink"">26</a>, <a href=""https://www.gesetze-im-internet.de/markeng/__43.html"" target=""_blank"" rel=""noopener"" class=""lawlink"">43</a>, <a href=""https://www.gesetze-im-internet.de/markeng/__49.html"" target=""_blank"" rel=""noopener"" class=""lawlink"">49</a><br>• Wer benutzt — Markenmäßige (rechtsverletzende) Benutzung: Der Dritte (Verletzer) | Rechtserhaltende Benutzung: Der Markeninhaber oder Lizenznehmer<br>• Kernfrage — Markenmäßige (rechtsverletzende) Benutzung: Beeinträchtigt die Benutzung eine Markenfunktion (Herkunftshinweis)? | Rechtserhaltende Benutzung: Wird die Marke ernsthaft, funktionsgemäß, im Inland, für die eingetragenen Waren und in unveränderter Form benutzt?<br>• Zusätzliche Anforderungen — Markenmäßige (rechtsverletzende) Benutzung: Geschäftlicher Verkehr, ohne Zustimmung, Kollisionstatbestand | Rechtserhaltende Benutzung: Ernsthaftigkeit (Absatzmarkt), Fünfjahreszeitraum, <a href=""https://www.gesetze-im-internet.de/markeng/__26.html"" target=""_blank"" rel=""noopener"" class=""lawlink"">§ 26 Abs. 3</a> abweichende Form<br>• Gemeinsamkeit — Markenmäßige (rechtsverletzende) Benutzung: Beide setzen eine Benutzung als Herkunftshinweis (funktionsgemäß) voraus – rein beschreibende oder firmenmäßige Verwendung genügt in beiden Fällen nicht<br><br>Merksatz: Gleiche Grundfrage (Herkunftshinweis?), verschiedene Richtung: Eingriff des Dritten vs. Pflicht des Inhabers."	Abgrenzung
"Wie unterscheiden sich die Schranken der §§ <a href=""https://www.gesetze-im-internet.de/markeng/__23.html"" target=""_blank"" rel=""noopener"" class=""lawlink"">23</a> und <a href=""https://www.gesetze-im-internet.de/markeng/__24.html"" target=""_blank"" rel=""noopener"" class=""lawlink"">24</a> MarkenG?<br>(<a href=""https://www.gesetze-im-internet.de/markeng/__23.html"" target=""_blank"" rel=""noopener"" class=""lawlink"">§ 23</a> vs. <a href=""https://www.gesetze-im-internet.de/markeng/__24.html"" target=""_blank"" rel=""noopener"" class=""lawlink"">§ 24 MarkenG</a>)"	"• Gegenstand — <a href=""https://www.gesetze-im-internet.de/markeng/__23.html"" target=""_blank"" rel=""noopener"" class=""lawlink"">§ 23</a> (beschreibende/referierende Benutzung): Benutzung der Marke für eigene Waren des Dritten zur Information | <a href=""https://www.gesetze-im-internet.de/markeng/__24.html"" target=""_blank"" rel=""noopener"" class=""lawlink"">§ 24</a> (Erschöpfung): Weitervertrieb von Originalware des Markeninhabers<br>• Fallgruppen — <a href=""https://www.gesetze-im-internet.de/markeng/__23.html"" target=""_blank"" rel=""noopener"" class=""lawlink"">§ 23</a> (beschreibende/referierende Benutzung): Name/Anschrift, beschreibende Angaben, Bestimmungshinweis (Ersatzteile) | <a href=""https://www.gesetze-im-internet.de/markeng/__24.html"" target=""_blank"" rel=""noopener"" class=""lawlink"">§ 24</a> (Erschöpfung): Inverkehrbringen im EWR durch Inhaber oder mit Zustimmung<br>• Grenze — <a href=""https://www.gesetze-im-internet.de/markeng/__23.html"" target=""_blank"" rel=""noopener"" class=""lawlink"">§ 23</a> (beschreibende/referierende Benutzung): Anständige Gepflogenheiten (Abs. 2) | <a href=""https://www.gesetze-im-internet.de/markeng/__24.html"" target=""_blank"" rel=""noopener"" class=""lawlink"">§ 24</a> (Erschöpfung): Berechtigte Gründe (Abs. 2): Veränderung, Rufschädigung<br>• Beweislast — <a href=""https://www.gesetze-im-internet.de/markeng/__23.html"" target=""_blank"" rel=""noopener"" class=""lawlink"">§ 23</a> (beschreibende/referierende Benutzung): Dritter für Voraussetzungen; Markeninhaber für Verstoß gegen anständige Gepflogenheiten | <a href=""https://www.gesetze-im-internet.de/markeng/__24.html"" target=""_blank"" rel=""noopener"" class=""lawlink"">§ 24</a> (Erschöpfung): Dritter; Umkehr bei Marktabschottungsgefahr (Van Doren)<br>• Typischer Fall — <a href=""https://www.gesetze-im-internet.de/markeng/__23.html"" target=""_blank"" rel=""noopener"" class=""lawlink"">§ 23</a> (beschreibende/referierende Benutzung): 'passend für Vorwerk' (Staubsaugerfiltertüten) | <a href=""https://www.gesetze-im-internet.de/markeng/__24.html"" target=""_blank"" rel=""noopener"" class=""lawlink"">§ 24</a> (Erschöpfung): Parallelimport (BMS), Gebrauchtwarenhandel, Converse<br><br>Merksatz: <a href=""https://www.gesetze-im-internet.de/markeng/__23.html"" target=""_blank"" rel=""noopener"" class=""lawlink"">§ 23</a> = fremde Marke für eigene Ware erwähnen. <a href=""https://www.gesetze-im-internet.de/markeng/__24.html"" target=""_blank"" rel=""noopener"" class=""lawlink"">§ 24</a> = fremde Marke auf fremder Originalware weiterverkaufen."	Abgrenzung
"Wie unterscheiden sich Verfall und Nichtigkeit einer Marke?<br>(Verfall (<a href=""https://www.gesetze-im-internet.de/markeng/__49.html"" target=""_blank"" rel=""noopener"" class=""lawlink"">§ 49</a>) vs. Nichtigkeit (§§ <a href=""https://www.gesetze-im-internet.de/markeng/__50.html"" target=""_blank"" rel=""noopener"" class=""lawlink"">50</a>, <a href=""https://www.gesetze-im-internet.de/markeng/__51.html"" target=""_blank"" rel=""noopener"" class=""lawlink"">51</a>))"	"• Grund — Verfall (<a href=""https://www.gesetze-im-internet.de/markeng/__49.html"" target=""_blank"" rel=""noopener"" class=""lawlink"">§ 49</a>): Nachträglich: Nichtbenutzung, Gattungsbezeichnung, Täuschung, <a href=""https://www.gesetze-im-internet.de/markeng/__7.html"" target=""_blank"" rel=""noopener"" class=""lawlink"">§ 7</a> | Nichtigkeit absolut (<a href=""https://www.gesetze-im-internet.de/markeng/__50.html"" target=""_blank"" rel=""noopener"" class=""lawlink"">§ 50</a>): Ursprünglich: Verstoß gegen §§ <a href=""https://www.gesetze-im-internet.de/markeng/__3.html"" target=""_blank"" rel=""noopener"" class=""lawlink"">3</a>, <a href=""https://www.gesetze-im-internet.de/markeng/__7.html"" target=""_blank"" rel=""noopener"" class=""lawlink"">7</a>, <a href=""https://www.gesetze-im-internet.de/markeng/__8.html"" target=""_blank"" rel=""noopener"" class=""lawlink"">8</a> bei Eintragung | Nichtigkeit relativ (<a href=""https://www.gesetze-im-internet.de/markeng/__51.html"" target=""_blank"" rel=""noopener"" class=""lawlink"">§ 51</a>): Ursprünglich: entgegenstehendes älteres Recht (§§ <a href=""https://www.gesetze-im-internet.de/markeng/__9.html"" target=""_blank"" rel=""noopener"" class=""lawlink"">9</a>-<a href=""https://www.gesetze-im-internet.de/markeng/__13.html"" target=""_blank"" rel=""noopener"" class=""lawlink"">13</a>)<br>• Zeitpunkt des Mangels — Verfall (<a href=""https://www.gesetze-im-internet.de/markeng/__49.html"" target=""_blank"" rel=""noopener"" class=""lawlink"">§ 49</a>): Nach der Eintragung entstanden | Nichtigkeit absolut (<a href=""https://www.gesetze-im-internet.de/markeng/__50.html"" target=""_blank"" rel=""noopener"" class=""lawlink"">§ 50</a>): Bereits am Anmeldetag (bei Nr. 1-3 fortbestehend) | Nichtigkeit relativ (<a href=""https://www.gesetze-im-internet.de/markeng/__51.html"" target=""_blank"" rel=""noopener"" class=""lawlink"">§ 51</a>): Bereits am Anmeldetag<br>• Wirkung — Verfall (<a href=""https://www.gesetze-im-internet.de/markeng/__49.html"" target=""_blank"" rel=""noopener"" class=""lawlink"">§ 49</a>): Ex nunc (<a href=""https://www.gesetze-im-internet.de/markeng/__52.html"" target=""_blank"" rel=""noopener"" class=""lawlink"">§ 52 Abs. 1</a>): ab Antrag oder früherem Verfallszeitpunkt | Nichtigkeit absolut (<a href=""https://www.gesetze-im-internet.de/markeng/__50.html"" target=""_blank"" rel=""noopener"" class=""lawlink"">§ 50</a>): Ex tunc (<a href=""https://www.gesetze-im-internet.de/markeng/__52.html"" target=""_blank"" rel=""noopener"" class=""lawlink"">§ 52 Abs. 2</a>): Eintragung gilt als von Anfang an nicht erfolgt | Nichtigkeit relativ (<a href=""https://www.gesetze-im-internet.de/markeng/__51.html"" target=""_blank"" rel=""noopener"" class=""lawlink"">§ 51</a>): Ex tunc (<a href=""https://www.gesetze-im-internet.de/markeng/__52.html"" target=""_blank"" rel=""noopener"" class=""lawlink"">§ 52 Abs. 2</a>)<br>• Antragsbefugnis — Verfall (<a href=""https://www.gesetze-im-internet.de/markeng/__49.html"" target=""_blank"" rel=""noopener"" class=""lawlink"">§ 49</a>): Jedermann (Popularantrag) | Nichtigkeit absolut (<a href=""https://www.gesetze-im-internet.de/markeng/__50.html"" target=""_blank"" rel=""noopener"" class=""lawlink"">§ 50</a>): Jedermann (Popularantrag); Zehnjahresfrist bei Nr. 1-3 | Nichtigkeit relativ (<a href=""https://www.gesetze-im-internet.de/markeng/__51.html"" target=""_blank"" rel=""noopener"" class=""lawlink"">§ 51</a>): Nur Inhaber des älteren Rechts<br>• Zuständigkeit — Verfall (<a href=""https://www.gesetze-im-internet.de/markeng/__49.html"" target=""_blank"" rel=""noopener"" class=""lawlink"">§ 49</a>): DPMA (<a href=""https://www.gesetze-im-internet.de/markeng/__53.html"" target=""_blank"" rel=""noopener"" class=""lawlink"">§ 53</a>) oder Landgericht (<a href=""https://www.gesetze-im-internet.de/markeng/__55.html"" target=""_blank"" rel=""noopener"" class=""lawlink"">§ 55</a>) | Nichtigkeit absolut (<a href=""https://www.gesetze-im-internet.de/markeng/__50.html"" target=""_blank"" rel=""noopener"" class=""lawlink"">§ 50</a>): DPMA (<a href=""https://www.gesetze-im-internet.de/markeng/__53.html"" target=""_blank"" rel=""noopener"" class=""lawlink"">§ 53</a>) | Nichtigkeit relativ (<a href=""https://www.gesetze-im-internet.de/markeng/__51.html"" target=""_blank"" rel=""noopener"" class=""lawlink"">§ 51</a>): DPMA (<a href=""https://www.gesetze-im-internet.de/markeng/__53.html"" target=""_blank"" rel=""noopener"" class=""lawlink"">§ 53</a>) oder Landgericht (<a href=""https://www.gesetze-im-internet.de/markeng/__55.html"" target=""_blank"" rel=""noopener"" class=""lawlink"">§ 55</a>)<br><br>Merksatz: Verfall = später kaputt (ex nunc). Nichtigkeit = von Anfang an falsch (ex tunc)."	Abgrenzung
Was kennzeichnen Marke, Unternehmenskennzeichen und Werktitel jeweils und wie entstehen sie?<br>(Marke vs. Unternehmenskennzeichen vs. Werktitel)	"• Kennzeichnungsgegenstand — Marke: Waren/Dienstleistungen (betriebliche Herkunft) | Unternehmenskennzeichen: Unternehmen/Geschäftsbetrieb | Werktitel: Werk (Individualisierung des geistigen Produkts)<br>• Norm — Marke: §§ <a href=""https://www.gesetze-im-internet.de/markeng/__3.html"" target=""_blank"" rel=""noopener"" class=""lawlink"">3</a>, <a href=""https://www.gesetze-im-internet.de/markeng/__4.html"" target=""_blank"" rel=""noopener"" class=""lawlink"">4</a>, <a href=""https://www.gesetze-im-internet.de/markeng/__14.html"" target=""_blank"" rel=""noopener"" class=""lawlink"">14</a> | Unternehmenskennzeichen: <a href=""https://www.gesetze-im-internet.de/markeng/__5.html"" target=""_blank"" rel=""noopener"" class=""lawlink"">§§ 5 Abs. 2</a>, 15 | Werktitel: <a href=""https://www.gesetze-im-internet.de/markeng/__5.html"" target=""_blank"" rel=""noopener"" class=""lawlink"">§§ 5 Abs. 3</a>, 15<br>• Entstehung — Marke: Eintragung, Verkehrsgeltung, Notorietät (<a href=""https://www.gesetze-im-internet.de/markeng/__4.html"" target=""_blank"" rel=""noopener"" class=""lawlink"">§ 4</a>) | Unternehmenskennzeichen: Benutzungsaufnahme (bei originärer Unterscheidungskraft), sonst Verkehrsgeltung | Werktitel: Benutzungsaufnahme/Erscheinen (Titelschutzanzeige)<br>• Unterscheidungskraft — Marke: Konkret für Waren; großzügig | Unternehmenskennzeichen: Namensfunktion; beschreibende Angaben nur mit Verkehrsgeltung | Werktitel: Abgesenkter Maßstab bei Verkehrsgewöhnung (Zeitschriften), nicht bei Apps/Domains ohne Gewöhnung (wetter.de)<br>• Verletzungstatbestand — Marke: <a href=""https://www.gesetze-im-internet.de/markeng/__14.html"" target=""_blank"" rel=""noopener"" class=""lawlink"">§ 14 Abs. 2 Nr. 1</a>-3 | Unternehmenskennzeichen: <a href=""https://www.gesetze-im-internet.de/markeng/__15.html"" target=""_blank"" rel=""noopener"" class=""lawlink"">§ 15 Abs. 2</a> (Verwechslungsgefahr), Abs. 3 (bekannt) | Werktitel: <a href=""https://www.gesetze-im-internet.de/markeng/__15.html"" target=""_blank"" rel=""noopener"" class=""lawlink"">§ 15 Abs. 2</a>, Abs. 3<br>• Verwechslungsgefahr — Marke: Warenähnlichkeit × Kennzeichnungskraft × Zeichenähnlichkeit | Unternehmenskennzeichen: Branchennähe × Kennzeichnungskraft × Zeichenähnlichkeit | Werktitel: Grundsätzlich nur unmittelbare Werkverwechslung; weiterer Sinn nur bei bekannten Titeln<br><br>Merksatz: Marke → Produkt, Unternehmenskennzeichen → Firma, Werktitel → Werk."	Abgrenzung
"Wann Widerspruch, wann Nichtigkeitsverfahren?<br>(Widerspruch (<a href=""https://www.gesetze-im-internet.de/markeng/__42.html"" target=""_blank"" rel=""noopener"" class=""lawlink"">§ 42</a>) vs. Nichtigkeitsantrag wegen älterer Rechte (<a href=""https://www.gesetze-im-internet.de/markeng/__51.html"" target=""_blank"" rel=""noopener"" class=""lawlink"">§ 51</a>))"	"• Frist — Widerspruch (§§ <a href=""https://www.gesetze-im-internet.de/markeng/__42.html"" target=""_blank"" rel=""noopener"" class=""lawlink"">42</a>, <a href=""https://www.gesetze-im-internet.de/markeng/__43.html"" target=""_blank"" rel=""noopener"" class=""lawlink"">43</a>): Drei Monate nach Veröffentlichung der Eintragung | Nichtigkeit (<a href=""https://www.gesetze-im-internet.de/markeng/__51.html"" target=""_blank"" rel=""noopener"" class=""lawlink"">§ 51</a> i.V.m. §§ <a href=""https://www.gesetze-im-internet.de/markeng/__53.html"" target=""_blank"" rel=""noopener"" class=""lawlink"">53</a>, <a href=""https://www.gesetze-im-internet.de/markeng/__55.html"" target=""_blank"" rel=""noopener"" class=""lawlink"">55</a>): Unbefristet (Grenze: Verwirkung <a href=""https://www.gesetze-im-internet.de/markeng/__51.html"" target=""_blank"" rel=""noopener"" class=""lawlink"">§ 51 Abs. 2</a>, <a href=""https://www.gesetze-im-internet.de/markeng/__21.html"" target=""_blank"" rel=""noopener"" class=""lawlink"">§ 21</a>)<br>• Geltend machbare Rechte — Widerspruch (§§ <a href=""https://www.gesetze-im-internet.de/markeng/__42.html"" target=""_blank"" rel=""noopener"" class=""lawlink"">42</a>, <a href=""https://www.gesetze-im-internet.de/markeng/__43.html"" target=""_blank"" rel=""noopener"" class=""lawlink"">43</a>): Nur ältere Marken, notorisch bekannte Marken, Benutzungsmarken/geschäftliche Bezeichnungen, Ursprungsbezeichnungen (<a href=""https://www.gesetze-im-internet.de/markeng/__42.html"" target=""_blank"" rel=""noopener"" class=""lawlink"">§ 42 Abs. 2</a>) | Nichtigkeit (<a href=""https://www.gesetze-im-internet.de/markeng/__51.html"" target=""_blank"" rel=""noopener"" class=""lawlink"">§ 51</a> i.V.m. §§ <a href=""https://www.gesetze-im-internet.de/markeng/__53.html"" target=""_blank"" rel=""noopener"" class=""lawlink"">53</a>, <a href=""https://www.gesetze-im-internet.de/markeng/__55.html"" target=""_blank"" rel=""noopener"" class=""lawlink"">55</a>): Alle älteren Rechte der §§ <a href=""https://www.gesetze-im-internet.de/markeng/__9.html"" target=""_blank"" rel=""noopener"" class=""lawlink"">9</a>-<a href=""https://www.gesetze-im-internet.de/markeng/__13.html"" target=""_blank"" rel=""noopener"" class=""lawlink"">13</a> (auch Namensrecht, Urheberrecht, Design)<br>• Verfahren — Widerspruch (§§ <a href=""https://www.gesetze-im-internet.de/markeng/__42.html"" target=""_blank"" rel=""noopener"" class=""lawlink"">42</a>, <a href=""https://www.gesetze-im-internet.de/markeng/__43.html"" target=""_blank"" rel=""noopener"" class=""lawlink"">43</a>): Summarisches Registerverfahren vor dem DPMA | Nichtigkeit (<a href=""https://www.gesetze-im-internet.de/markeng/__51.html"" target=""_blank"" rel=""noopener"" class=""lawlink"">§ 51</a> i.V.m. §§ <a href=""https://www.gesetze-im-internet.de/markeng/__53.html"" target=""_blank"" rel=""noopener"" class=""lawlink"">53</a>, <a href=""https://www.gesetze-im-internet.de/markeng/__55.html"" target=""_blank"" rel=""noopener"" class=""lawlink"">55</a>): Kontradiktorisches Verfahren vor DPMA (<a href=""https://www.gesetze-im-internet.de/markeng/__53.html"" target=""_blank"" rel=""noopener"" class=""lawlink"">§ 53</a>) oder Klage vor dem Landgericht (<a href=""https://www.gesetze-im-internet.de/markeng/__55.html"" target=""_blank"" rel=""noopener"" class=""lawlink"">§ 55</a>)<br>• Beweismaß — Widerspruch (§§ <a href=""https://www.gesetze-im-internet.de/markeng/__42.html"" target=""_blank"" rel=""noopener"" class=""lawlink"">42</a>, <a href=""https://www.gesetze-im-internet.de/markeng/__43.html"" target=""_blank"" rel=""noopener"" class=""lawlink"">43</a>): Glaubhaftmachung, präsente Beweismittel | Nichtigkeit (<a href=""https://www.gesetze-im-internet.de/markeng/__51.html"" target=""_blank"" rel=""noopener"" class=""lawlink"">§ 51</a> i.V.m. §§ <a href=""https://www.gesetze-im-internet.de/markeng/__53.html"" target=""_blank"" rel=""noopener"" class=""lawlink"">53</a>, <a href=""https://www.gesetze-im-internet.de/markeng/__55.html"" target=""_blank"" rel=""noopener"" class=""lawlink"">55</a>): Voller Beweis (Zivilprozess) bzw. Amtsermittlung mit Beibringung<br>• Instanzenzug — Widerspruch (§§ <a href=""https://www.gesetze-im-internet.de/markeng/__42.html"" target=""_blank"" rel=""noopener"" class=""lawlink"">42</a>, <a href=""https://www.gesetze-im-internet.de/markeng/__43.html"" target=""_blank"" rel=""noopener"" class=""lawlink"">43</a>): DPMA → BPatG (<a href=""https://www.gesetze-im-internet.de/markeng/__66.html"" target=""_blank"" rel=""noopener"" class=""lawlink"">§ 66</a>) → BGH (<a href=""https://www.gesetze-im-internet.de/markeng/__83.html"" target=""_blank"" rel=""noopener"" class=""lawlink"">§ 83</a>) | Nichtigkeit (<a href=""https://www.gesetze-im-internet.de/markeng/__51.html"" target=""_blank"" rel=""noopener"" class=""lawlink"">§ 51</a> i.V.m. §§ <a href=""https://www.gesetze-im-internet.de/markeng/__53.html"" target=""_blank"" rel=""noopener"" class=""lawlink"">53</a>, <a href=""https://www.gesetze-im-internet.de/markeng/__55.html"" target=""_blank"" rel=""noopener"" class=""lawlink"">55</a>): DPMA → BPatG → BGH bzw. LG → OLG → BGH<br><br>Merksatz: Widerspruch = schnell, billig, aber nur für Kennzeichenrechte und nur drei Monate. Nichtigkeit = unbefristet, alle Rechte, volles Verfahren."	Abgrenzung
"Welche vier Eingriffe erfasst <a href=""https://www.gesetze-im-internet.de/markeng/__14.html"" target=""_blank"" rel=""noopener"" class=""lawlink"">§ 14 Abs. 2 Nr. 3 MarkenG</a>?<br>(Die vier Eingriffstatbestände des Bekanntheitsschutzes)"	• Was wird ausgenutzt/beeinträchtigt? — Ausnutzung der Unterscheidungskraft: Aufmerksamkeit/Bekanntheit | Ausnutzung der Wertschätzung: Ruf/Image (Qualität, Prestige) | Beeinträchtigung der Unterscheidungskraft: Kennzeichnungskraft/Einzigartigkeit | Beeinträchtigung der Wertschätzung: Ruf/Image<br>• Mechanismus — Ausnutzung der Unterscheidungskraft: Trittbrettfahren: Aufmerksamkeit auf eigenes Angebot lenken | Ausnutzung der Wertschätzung: Imagetransfer auf eigene Ware | Beeinträchtigung der Unterscheidungskraft: Verwässerung: Marke verliert Eignung als eindeutiger Herkunftshinweis | Beeinträchtigung der Wertschätzung: Verunglimpfung: negative Assoziationen<br>• Nachweis — Ausnutzung der Unterscheidungskraft: Gedankliche Verknüpfung + Nutzen für den Dritten | Ausnutzung der Wertschätzung: Übertragung des Rufs; Sogwirkung (L'Oréal/Bellure) | Beeinträchtigung der Unterscheidungskraft: Änderung des Verbraucherverhaltens oder ernsthafte Gefahr (Intel) | Beeinträchtigung der Wertschätzung: Unvereinbares Umfeld/minderwertige Ware<br>• Beispiel — Ausnutzung der Unterscheidungskraft: 'OTTO' für Caps; Springender Pudel | Ausnutzung der Wertschätzung: Duftvergleichslisten; ÖKO-TEST-Siegel ohne Lizenz | Beeinträchtigung der Unterscheidungskraft: Massenhafte Verwendung ähnlicher Zeichen für beliebige Waren | Beeinträchtigung der Wertschätzung: Luxusmarke auf Billig- oder anstößigem Produkt<br><br>Merksatz: Ausnutzen = der Dritte gewinnt. Beeinträchtigen = der Inhaber verliert. Jeweils bezogen auf Unterscheidungskraft oder Wertschätzung.	Abgrenzung
Wer haftet wie für Markenverletzungen?<br>(Täter vs. Teilnehmer vs. Störer)	• Voraussetzung — Täter: Eigene Verwirklichung des Tatbestands (auch Mittäter) | Teilnehmer: Vorsätzliche Anstiftung/Beihilfe zu vorsätzlicher Haupttat | Störer: Willentlicher, adäquat-kausaler Beitrag + Verletzung zumutbarer Prüfpflichten<br>• Verschulden — Täter: Für Unterlassung nicht; für Schadensersatz Vorsatz/Fahrlässigkeit | Teilnehmer: Doppelter Vorsatz | Störer: Kein Verschulden, aber Prüfpflichtverletzung<br>• Rechtsfolgen — Täter: Unterlassung, Schadensersatz, Auskunft, Vernichtung | Teilnehmer: Wie Täter | Störer: Nur Unterlassung (und Beseitigung), kein Schadensersatz<br>• Beispiel — Täter: Hersteller/Händler von Plagiaten | Teilnehmer: Lieferant von Nachfüllware, der um Befüllung weiß (Tork) | Störer: eBay/Amazon nach Hinweis auf klare Verletzung (Internet-Versteigerung II)<br><br>Merksatz: Störer haften nur auf Unterlassung und nur nach Hinweis.	Abgrenzung
"Worin unterscheiden sich der Bekanntheitsschutz im Register (<a href=""https://www.gesetze-im-internet.de/markeng/__9.html"" target=""_blank"" rel=""noopener"" class=""lawlink"">§ 9 Abs. 1 Nr. 3</a>) und im Verletzungsprozess (<a href=""https://www.gesetze-im-internet.de/markeng/__14.html"" target=""_blank"" rel=""noopener"" class=""lawlink"">§ 14 Abs. 2 Nr. 3</a>)?<br>(<a href=""https://www.gesetze-im-internet.de/markeng/__9.html"" target=""_blank"" rel=""noopener"" class=""lawlink"">§ 9 Abs. 1 Nr. 3</a> vs. <a href=""https://www.gesetze-im-internet.de/markeng/__14.html"" target=""_blank"" rel=""noopener"" class=""lawlink"">§ 14 Abs. 2 Nr. 3 MarkenG</a>)"	"• Funktion — <a href=""https://www.gesetze-im-internet.de/markeng/__9.html"" target=""_blank"" rel=""noopener"" class=""lawlink"">§ 9 Abs. 1 Nr. 3</a> (relatives Schutzhindernis): Angriff auf den Bestand der jüngeren Registermarke | <a href=""https://www.gesetze-im-internet.de/markeng/__14.html"" target=""_blank"" rel=""noopener"" class=""lawlink"">§ 14 Abs. 2 Nr. 3</a> (Verletzungstatbestand): Verbot der Benutzung eines Zeichens im Markt<br>• Verfahren — <a href=""https://www.gesetze-im-internet.de/markeng/__9.html"" target=""_blank"" rel=""noopener"" class=""lawlink"">§ 9 Abs. 1 Nr. 3</a> (relatives Schutzhindernis): Widerspruch (<a href=""https://www.gesetze-im-internet.de/markeng/__42.html"" target=""_blank"" rel=""noopener"" class=""lawlink"">§ 42</a>) vor DPMA oder Nichtigkeitsverfahren (<a href=""https://www.gesetze-im-internet.de/markeng/__51.html"" target=""_blank"" rel=""noopener"" class=""lawlink"">§ 51</a>; DPMA <a href=""https://www.gesetze-im-internet.de/markeng/__53.html"" target=""_blank"" rel=""noopener"" class=""lawlink"">§ 53</a> / Landgericht <a href=""https://www.gesetze-im-internet.de/markeng/__55.html"" target=""_blank"" rel=""noopener"" class=""lawlink"">§ 55</a>) | <a href=""https://www.gesetze-im-internet.de/markeng/__14.html"" target=""_blank"" rel=""noopener"" class=""lawlink"">§ 14 Abs. 2 Nr. 3</a> (Verletzungstatbestand): Verletzungsklage vor dem Landgericht (<a href=""https://www.gesetze-im-internet.de/markeng/__140.html"" target=""_blank"" rel=""noopener"" class=""lawlink"">§ 140</a>), einstweilige Verfügung<br>• Angreifer / Gegner — <a href=""https://www.gesetze-im-internet.de/markeng/__9.html"" target=""_blank"" rel=""noopener"" class=""lawlink"">§ 9 Abs. 1 Nr. 3</a> (relatives Schutzhindernis): Nur Inhaber der älteren bekannten Marke gegen eine eingetragene jüngere Marke | <a href=""https://www.gesetze-im-internet.de/markeng/__14.html"" target=""_blank"" rel=""noopener"" class=""lawlink"">§ 14 Abs. 2 Nr. 3</a> (Verletzungstatbestand): Markeninhaber (oder Lizenznehmer) gegen jeden Benutzer, auch ohne Registermarke<br>• Prüfungsgegenstand — <a href=""https://www.gesetze-im-internet.de/markeng/__9.html"" target=""_blank"" rel=""noopener"" class=""lawlink"">§ 9 Abs. 1 Nr. 3</a> (relatives Schutzhindernis): Hypothetische Benutzung der jüngeren Marke für die eingetragenen Waren nach Registerlage ('würde') | <a href=""https://www.gesetze-im-internet.de/markeng/__14.html"" target=""_blank"" rel=""noopener"" class=""lawlink"">§ 14 Abs. 2 Nr. 3</a> (Verletzungstatbestand): Konkrete, tatsächliche Benutzungshandlung in ihrem Marktumfeld<br>• Zeitpunkt der Bekanntheit — <a href=""https://www.gesetze-im-internet.de/markeng/__9.html"" target=""_blank"" rel=""noopener"" class=""lawlink"">§ 9 Abs. 1 Nr. 3</a> (relatives Schutzhindernis): Anmelde-/Prioritätstag der jüngeren Marke (<a href=""https://www.gesetze-im-internet.de/markeng/__51.html"" target=""_blank"" rel=""noopener"" class=""lawlink"">§ 51 Abs. 3</a>) und Fortbestehen bei der Entscheidung | <a href=""https://www.gesetze-im-internet.de/markeng/__14.html"" target=""_blank"" rel=""noopener"" class=""lawlink"">§ 14 Abs. 2 Nr. 3</a> (Verletzungstatbestand): Zeitpunkt der Verletzungshandlung; gegen eingetragene jüngere Marke zusätzlich deren Prioritätstag (<a href=""https://www.gesetze-im-internet.de/markeng/__22.html"" target=""_blank"" rel=""noopener"" class=""lawlink"">§ 22 Abs. 1 Nr. 1</a>)<br>• Beweismaß — <a href=""https://www.gesetze-im-internet.de/markeng/__9.html"" target=""_blank"" rel=""noopener"" class=""lawlink"">§ 9 Abs. 1 Nr. 3</a> (relatives Schutzhindernis): Widerspruch: Glaubhaftmachung mit präsenten Beweismitteln; Nichtigkeit: Beweis / Amtsermittlung | <a href=""https://www.gesetze-im-internet.de/markeng/__14.html"" target=""_blank"" rel=""noopener"" class=""lawlink"">§ 14 Abs. 2 Nr. 3</a> (Verletzungstatbestand): Voller Beweis nach ZPO (Umfragen, Marktdaten)<br>• Rechtsfolge — <a href=""https://www.gesetze-im-internet.de/markeng/__9.html"" target=""_blank"" rel=""noopener"" class=""lawlink"">§ 9 Abs. 1 Nr. 3</a> (relatives Schutzhindernis): Löschung (ex tunc, <a href=""https://www.gesetze-im-internet.de/markeng/__52.html"" target=""_blank"" rel=""noopener"" class=""lawlink"">§ 52 Abs. 2</a>) ganz oder teilweise | <a href=""https://www.gesetze-im-internet.de/markeng/__14.html"" target=""_blank"" rel=""noopener"" class=""lawlink"">§ 14 Abs. 2 Nr. 3</a> (Verletzungstatbestand): Unterlassung, Schadensersatz, Vernichtung, Auskunft (<a href=""https://www.gesetze-im-internet.de/markeng/__14.html"" target=""_blank"" rel=""noopener"" class=""lawlink"">§§ 14 Abs. 5</a>-7, 18, 19)<br>• Gemeinsam — <a href=""https://www.gesetze-im-internet.de/markeng/__9.html"" target=""_blank"" rel=""noopener"" class=""lawlink"">§ 9 Abs. 1 Nr. 3</a> (relatives Schutzhindernis): Gleiche Voraussetzungen: Bekanntheit, Zeichenähnlichkeit, gedankliche Verknüpfung, vier Eingriffsalternativen, Unlauterkeit ohne rechtfertigenden Grund; seit MaMoG beide auch bei identischen/ähnlichen Waren<br><br>Merksatz: <a href=""https://www.gesetze-im-internet.de/markeng/__9.html"" target=""_blank"" rel=""noopener"" class=""lawlink"">§ 9</a> fragt: Darf die Marke im Register stehen? <a href=""https://www.gesetze-im-internet.de/markeng/__14.html"" target=""_blank"" rel=""noopener"" class=""lawlink"">§ 14</a> fragt: Darf das Zeichen benutzt werden? Gleicher Tatbestand, andere Perspektive und anderer Zeitpunkt."	Abgrenzung
Welche Bekanntheit ist maßgeblich, wenn die ältere Marke eine deutsche Marke bzw. eine Unionsmarke ist?<br>(Bekanntheit im Inland vs. Bekanntheit in der Union)	"• Norm — Deutsche Marke / IR-Marke (DE): <a href=""https://www.gesetze-im-internet.de/markeng/__9.html"" target=""_blank"" rel=""noopener"" class=""lawlink"">§ 9 Abs. 1 Nr. 3</a>, <a href=""https://www.gesetze-im-internet.de/markeng/__14.html"" target=""_blank"" rel=""noopener"" class=""lawlink"">§ 14 Abs. 2 Nr. 3 MarkenG</a> | Unionsmarke / IR-Marke (EU): <a href=""https://www.gesetze-im-internet.de/markeng/__125b.html"" target=""_blank"" rel=""noopener"" class=""lawlink"">§ 125b Nr. 1 MarkenG</a>, Art. 9 Abs. 2 lit. c, Art. 8 Abs. 5 UMV<br>• Räumlicher Bezug — Deutsche Marke / IR-Marke (DE): Bekanntheit im Inland (Bundesgebiet) | Unionsmarke / IR-Marke (EU): Bekanntheit in der Union<br>• Wesentlicher Teil — Deutsche Marke / IR-Marke (DE): Ein wesentlicher Teil des Bundesgebiets genügt | Unionsmarke / IR-Marke (EU): Ein wesentlicher Teil der Union; das Gebiet eines einzigen Mitgliedstaats kann genügen (PAGO)<br>• Zusatzvoraussetzung im Kollisionsgebiet — Deutsche Marke / IR-Marke (DE): Keine | Unionsmarke / IR-Marke (EU): Für Ausnutzung/Beeinträchtigung in Deutschland muss ein wirtschaftlich nicht unbedeutender Teil des deutschen Publikums die Marke kennen (Iron & Smith)<br>• Leitentscheidungen — Deutsche Marke / IR-Marke (DE): EuGH General Motors; BGH TÜV II | Unionsmarke / IR-Marke (EU): EuGH PAGO; EuGH Iron & Smith<br><br>Merksatz: Unionsmarke: bekannt in der Union reicht für den Tatbestand, aber ohne Bekanntheit beim deutschen Publikum keine Verknüpfung in Deutschland."	Abgrenzung
Welche Normen gelten, wenn aus einer deutschen Marke, einer Unionsmarke oder einer IR-Marke vorgegangen wird?<br>(Deutsche Marke vs. Unionsmarke vs. IR-Marke)	"• Rechtsgrundlage — Deutsche Marke: MarkenG | Unionsmarke: UMV (VO (EU) 2017/1001) + <a href=""https://www.gesetze-im-internet.de/markeng/__125b.html"" target=""_blank"" rel=""noopener"" class=""lawlink"">§ 125b</a> ff. MarkenG | IR-Marke (Benennung DE): PMMA/MMA + §§ <a href=""https://www.gesetze-im-internet.de/markeng/__107.html"" target=""_blank"" rel=""noopener"" class=""lawlink"">107</a>-<a href=""https://www.gesetze-im-internet.de/markeng/__125.html"" target=""_blank"" rel=""noopener"" class=""lawlink"">125</a> MarkenG (v.a. §§ <a href=""https://www.gesetze-im-internet.de/markeng/__112.html"" target=""_blank"" rel=""noopener"" class=""lawlink"">112</a>-<a href=""https://www.gesetze-im-internet.de/markeng/__117.html"" target=""_blank"" rel=""noopener"" class=""lawlink"">117</a> über <a href=""https://www.gesetze-im-internet.de/markeng/__124.html"" target=""_blank"" rel=""noopener"" class=""lawlink"">§ 124</a>)<br>• Amt / Entstehung — Deutsche Marke: DPMA, Eintragung (<a href=""https://www.gesetze-im-internet.de/markeng/__4.html"" target=""_blank"" rel=""noopener"" class=""lawlink"">§ 4 Nr. 1</a>) | Unionsmarke: EUIPO, Eintragung mit einheitlicher Wirkung in der EU | IR-Marke (Benennung DE): WIPO auf Basis einer Basismarke; Schutzerstreckung auf DE durch Benennung<br>• Zeitrang — Deutsche Marke: Anmeldetag (<a href=""https://www.gesetze-im-internet.de/markeng/__6.html"" target=""_blank"" rel=""noopener"" class=""lawlink"">§ 6 Abs. 2</a>, <a href=""https://www.gesetze-im-internet.de/markeng/__33.html"" target=""_blank"" rel=""noopener"" class=""lawlink"">§ 33</a>) | Unionsmarke: Anmeldetag beim EUIPO; Seniorität nationaler Marken (Art. 39, 40 UMV) | IR-Marke (Benennung DE): Tag der internationalen Registrierung bzw. nachträglichen Schutzerstreckung (<a href=""https://www.gesetze-im-internet.de/markeng/__112.html"" target=""_blank"" rel=""noopener"" class=""lawlink"">§ 112</a>)<br>• Verletzungstatbestand — Deutsche Marke: <a href=""https://www.gesetze-im-internet.de/markeng/__14.html"" target=""_blank"" rel=""noopener"" class=""lawlink"">§ 14 Abs. 2 Nr. 1</a>-3 | Unionsmarke: Art. 9 Abs. 2 lit. a-c UMV | IR-Marke (Benennung DE): <a href=""https://www.gesetze-im-internet.de/markeng/__14.html"" target=""_blank"" rel=""noopener"" class=""lawlink"">§ 14 Abs. 2 Nr. 1</a>-3 (Wirkung wie deutsche Marke, <a href=""https://www.gesetze-im-internet.de/markeng/__112.html"" target=""_blank"" rel=""noopener"" class=""lawlink"">§ 112</a>)<br>• Annexansprüche — Deutsche Marke: <a href=""https://www.gesetze-im-internet.de/markeng/__14.html"" target=""_blank"" rel=""noopener"" class=""lawlink"">§§ 14 Abs. 5</a>-7, 18-19c | Unionsmarke: Art. 130 UMV + <a href=""https://www.gesetze-im-internet.de/markeng/__14.html"" target=""_blank"" rel=""noopener"" class=""lawlink"">§§ 14 Abs. 6</a>, 7, 18-19c über <a href=""https://www.gesetze-im-internet.de/markeng/__125b.html"" target=""_blank"" rel=""noopener"" class=""lawlink"">§ 125b Nr. 2</a> | IR-Marke (Benennung DE): <a href=""https://www.gesetze-im-internet.de/markeng/__14.html"" target=""_blank"" rel=""noopener"" class=""lawlink"">§§ 14 Abs. 5</a>-7, 18-19c; Einrede <a href=""https://www.gesetze-im-internet.de/markeng/__25.html"" target=""_blank"" rel=""noopener"" class=""lawlink"">§ 25</a> mit <a href=""https://www.gesetze-im-internet.de/markeng/__117.html"" target=""_blank"" rel=""noopener"" class=""lawlink"">§ 117</a><br>• Gericht — Deutsche Marke: Landgericht, Kennzeichenstreitsache (<a href=""https://www.gesetze-im-internet.de/markeng/__140.html"" target=""_blank"" rel=""noopener"" class=""lawlink"">§ 140</a>) | Unionsmarke: Unionsmarkengericht (<a href=""https://www.gesetze-im-internet.de/markeng/__125e.html"" target=""_blank"" rel=""noopener"" class=""lawlink"">§ 125e</a>, Art. 123 ff. UMV); Verbot grundsätzlich unionsweit | IR-Marke (Benennung DE): Landgericht (<a href=""https://www.gesetze-im-internet.de/markeng/__140.html"" target=""_blank"" rel=""noopener"" class=""lawlink"">§ 140</a>)<br>• Bekanntheit — Deutsche Marke: Im Inland | Unionsmarke: In der Union (<a href=""https://www.gesetze-im-internet.de/markeng/__125b.html"" target=""_blank"" rel=""noopener"" class=""lawlink"">§ 125b Nr. 1</a>; PAGO, Iron & Smith) | IR-Marke (Benennung DE): Im Inland<br>• Rechtserhaltende Benutzung — Deutsche Marke: <a href=""https://www.gesetze-im-internet.de/markeng/__26.html"" target=""_blank"" rel=""noopener"" class=""lawlink"">§ 26</a>: im Inland | Unionsmarke: Art. 18 UMV: in der Union, Grenzen der Mitgliedstaaten unbeachtlich (Leno Merken); <a href=""https://www.gesetze-im-internet.de/markeng/__125b.html"" target=""_blank"" rel=""noopener"" class=""lawlink"">§ 125b Nr. 4</a>, 5 | IR-Marke (Benennung DE): <a href=""https://www.gesetze-im-internet.de/markeng/__26.html"" target=""_blank"" rel=""noopener"" class=""lawlink"">§ 26</a>: im Inland<br>• Beginn der Benutzungsschonfrist — Deutsche Marke: Eintragung (<a href=""https://www.gesetze-im-internet.de/markeng/__26.html"" target=""_blank"" rel=""noopener"" class=""lawlink"">§ 26 Abs. 5</a>: ggf. Ende des Widerspruchsverfahrens) | Unionsmarke: Eintragung der Unionsmarke (Art. 18 Abs. 1 UMV) | IR-Marke (Benennung DE): Ablauf der Schutzverweigerungsfrist oder rechtskräftige Schutzgewährung (<a href=""https://www.gesetze-im-internet.de/markeng/__115.html"" target=""_blank"" rel=""noopener"" class=""lawlink"">§ 115 Abs. 2</a>, §§ <a href=""https://www.gesetze-im-internet.de/markeng/__116.html"" target=""_blank"" rel=""noopener"" class=""lawlink"">116</a>, <a href=""https://www.gesetze-im-internet.de/markeng/__117.html"" target=""_blank"" rel=""noopener"" class=""lawlink"">117</a>)<br>• Angriff auf die Marke — Deutsche Marke: Widerspruch <a href=""https://www.gesetze-im-internet.de/markeng/__42.html"" target=""_blank"" rel=""noopener"" class=""lawlink"">§ 42</a>, Verfall <a href=""https://www.gesetze-im-internet.de/markeng/__49.html"" target=""_blank"" rel=""noopener"" class=""lawlink"">§ 49</a>, Nichtigkeit §§ <a href=""https://www.gesetze-im-internet.de/markeng/__50.html"" target=""_blank"" rel=""noopener"" class=""lawlink"">50</a>, <a href=""https://www.gesetze-im-internet.de/markeng/__51.html"" target=""_blank"" rel=""noopener"" class=""lawlink"">51</a> | Unionsmarke: Widerspruch Art. 46/Art. 8, Verfall Art. 58, Nichtigkeit Art. 59, 60 UMV (EUIPO) oder Widerklage Art. 128 | IR-Marke (Benennung DE): Schutzverweigerung <a href=""https://www.gesetze-im-internet.de/markeng/__113.html"" target=""_blank"" rel=""noopener"" class=""lawlink"">§ 113</a>, Widerspruch <a href=""https://www.gesetze-im-internet.de/markeng/__114.html"" target=""_blank"" rel=""noopener"" class=""lawlink"">§ 114</a>, Schutzentziehung <a href=""https://www.gesetze-im-internet.de/markeng/__115.html"" target=""_blank"" rel=""noopener"" class=""lawlink"">§ 115</a>; 'central attack' auf die Basismarke (Art. 6 PMMA)<br>• Besonderheiten — Deutsche Marke: – | Unionsmarke: Umwandlung in nationale Anmeldungen (Art. 139 ff. UMV, <a href=""https://www.gesetze-im-internet.de/markeng/__125d.html"" target=""_blank"" rel=""noopener"" class=""lawlink"">§ 125d</a>); Koexistenz mit nationalen Marken | IR-Marke (Benennung DE): Benennung EU = Unionsmarke (Art. 189 ff. UMV); Umwandlung <a href=""https://www.gesetze-im-internet.de/markeng/__125.html"" target=""_blank"" rel=""noopener"" class=""lawlink"">§ 125</a><br><br>Merksatz: Deutsche Marke: MarkenG pur. Unionsmarke: UMV plus Brücke <a href=""https://www.gesetze-im-internet.de/markeng/__125b.html"" target=""_blank"" rel=""noopener"" class=""lawlink"">§ 125b</a>. IR-Marke: wie deutsche Marke (<a href=""https://www.gesetze-im-internet.de/markeng/__112.html"" target=""_blank"" rel=""noopener"" class=""lawlink"">§ 112</a>), aber eigene Fristen (<a href=""https://www.gesetze-im-internet.de/markeng/__115.html"" target=""_blank"" rel=""noopener"" class=""lawlink"">§ 115 Abs. 2</a>) und Schutzverweigerung statt Löschung."	Abgrenzung
BGH „ROCHER-Kugel“ (I ZB 88/07, 2009) – Kernaussage?	"Eine dreidimensionale Warenformmarke (Ferrero-Rocher-Praline) besitzt nur dann originäre Unterscheidungskraft, wenn sie erheblich von der Norm oder Branchenüblichkeit abweicht. Für die Verkehrsdurchsetzung nach <a href=""https://www.gesetze-im-internet.de/markeng/__8.html"" target=""_blank"" rel=""noopener"" class=""lawlink"">§ 8 Abs. 3 MarkenG</a> ist im Regelfall ein Zuordnungsgrad von mindestens 50 % erforderlich.<br><br>Normen: <a href=""https://www.gesetze-im-internet.de/markeng/__3.html"" target=""_blank"" rel=""noopener"" class=""lawlink"">§ 3</a>, <a href=""https://www.gesetze-im-internet.de/markeng/__8.html"" target=""_blank"" rel=""noopener"" class=""lawlink"">§ 8 Abs. 2 Nr. 1</a>, <a href=""https://www.gesetze-im-internet.de/markeng/__8.html"" target=""_blank"" rel=""noopener"" class=""lawlink"">§ 8 Abs. 3 MarkenG</a><br>Fundstelle: GRUR 2010, 138"	Rechtsprechung BGH Formmarke Verkehrsdurchsetzung
"Welche Entscheidung (BGH) steht für folgenden Grundsatz?<br><br>Eine dreidimensionale Warenformmarke (Ferrero-Rocher-Praline) besitzt nur dann originäre Unterscheidungskraft, wenn sie erheblich von der Norm oder Branchenüblichkeit abweicht. Für die Verkehrsdurchsetzung nach <a href=""https://www.gesetze-im-internet.de/markeng/__8.html"" target=""_blank"" rel=""noopener"" class=""lawlink"">§ 8 Abs. 3 MarkenG</a> ist im Regelfall ein Zuordnungsgrad von mindestens 50 % erforderlich."	BGH „ROCHER-Kugel“ – I ZB 88/07 (2009), GRUR 2010, 138	Rechtsprechung Umkehr BGH Formmarke Verkehrsdurchsetzung
BGH „Quadratische Tafelschokoladenverpackung II“ (I ZB 42/19, 2020) – Kernaussage?	"Die quadratische Ritter-Sport-Verpackung bleibt als Formmarke geschützt. Das Schutzhindernis der wertverleihenden Form (<a href=""https://www.gesetze-im-internet.de/markeng/__3.html"" target=""_blank"" rel=""noopener"" class=""lawlink"">§ 3 Abs. 2 Nr. 3 MarkenG</a>) greift nicht, wenn die Kaufentscheidung nicht durch die ästhetische Qualität der Form, sondern durch andere Merkmale (hier: Herkunftshinweis, Praktikabilität) bestimmt wird. Die Form ist auch nicht durch die Art der Ware selbst bedingt (<a href=""https://www.gesetze-im-internet.de/markeng/__3.html"" target=""_blank"" rel=""noopener"" class=""lawlink"">§ 3 Abs. 2 Nr. 1</a>).<br><br>Normen: <a href=""https://www.gesetze-im-internet.de/markeng/__3.html"" target=""_blank"" rel=""noopener"" class=""lawlink"">§ 3 Abs. 2 Nr. 1</a>, <a href=""https://www.gesetze-im-internet.de/markeng/__3.html"" target=""_blank"" rel=""noopener"" class=""lawlink"">§ 3 Abs. 2 Nr. 3</a>, <a href=""https://www.gesetze-im-internet.de/markeng/__50.html"" target=""_blank"" rel=""noopener"" class=""lawlink"">§ 50 MarkenG</a><br>Fundstelle: GRUR 2020, 1089"	Rechtsprechung BGH Formmarke §_3_Abs._2
"Welche Entscheidung (BGH) steht für folgenden Grundsatz?<br><br>Die quadratische Ritter-Sport-Verpackung bleibt als Formmarke geschützt. Das Schutzhindernis der wertverleihenden Form (<a href=""https://www.gesetze-im-internet.de/markeng/__3.html"" target=""_blank"" rel=""noopener"" class=""lawlink"">§ 3 Abs. 2 Nr. 3 MarkenG</a>) greift nicht, wenn die Kaufentscheidung nicht durch die ästhetische Qualität der Form, sondern durch andere Merkmale (hier: Herkunftshinweis, Praktikabilität) bestimmt wird. Die Form ist auch nicht durch die Art der Ware selbst bedingt (<a href=""https://www.gesetze-im-internet.de/markeng/__3.html"" target=""_blank"" rel=""noopener"" class=""lawlink"">§ 3 Abs. 2 Nr. 1</a>)."	BGH „Quadratische Tafelschokoladenverpackung II“ – I ZB 42/19 (2020), GRUR 2020, 1089	Rechtsprechung Umkehr BGH Formmarke §_3_Abs._2
BGH „Bodendübel“ (I ZB 105/16, 2017) – Kernaussage?	"Ein Zeichen ist von der Eintragung ausgeschlossen, wenn alle wesentlichen Merkmale der Form zur Erreichung einer technischen Wirkung erforderlich sind. Es genügt, dass die Merkmale eine technische Funktion erfüllen; sie müssen nicht die einzige Möglichkeit sein, diese Funktion zu erreichen (Anschluss an EuGH Philips/Remington und Lego).<br><br>Normen: <a href=""https://www.gesetze-im-internet.de/markeng/__3.html"" target=""_blank"" rel=""noopener"" class=""lawlink"">§ 3 Abs. 2 Nr. 2 MarkenG</a><br>Fundstelle: GRUR 2018, 404"	Rechtsprechung BGH Formmarke technische_Wirkung
Welche Entscheidung (BGH) steht für folgenden Grundsatz?<br><br>Ein Zeichen ist von der Eintragung ausgeschlossen, wenn alle wesentlichen Merkmale der Form zur Erreichung einer technischen Wirkung erforderlich sind. Es genügt, dass die Merkmale eine technische Funktion erfüllen; sie müssen nicht die einzige Möglichkeit sein, diese Funktion zu erreichen (Anschluss an EuGH Philips/Remington und Lego).	BGH „Bodendübel“ – I ZB 105/16 (2017), GRUR 2018, 404	Rechtsprechung Umkehr BGH Formmarke technische_Wirkung
BGH „Traubenzuckertäfelchen“ (I ZB 3/17, 2017) – Kernaussage?	"Eine technische Wirkung i.S.d. <a href=""https://www.gesetze-im-internet.de/markeng/__3.html"" target=""_blank"" rel=""noopener"" class=""lawlink"">§ 3 Abs. 2 Nr. 2 MarkenG</a> kann auch durch formgebende Merkmale eines Zeichens erreicht werden, das für nichttechnische Produkte wie Lebensmittel (Dextro-Energy-Täfelchen) beansprucht wird.<br><br>Normen: <a href=""https://www.gesetze-im-internet.de/markeng/__3.html"" target=""_blank"" rel=""noopener"" class=""lawlink"">§ 3 Abs. 2 Nr. 2</a>, <a href=""https://www.gesetze-im-internet.de/markeng/__8.html"" target=""_blank"" rel=""noopener"" class=""lawlink"">§ 8 Abs. 2 Nr. 1 MarkenG</a><br>Fundstelle: GRUR 2018, 411"	Rechtsprechung BGH Formmarke
"Welche Entscheidung (BGH) steht für folgenden Grundsatz?<br><br>Eine technische Wirkung i.S.d. <a href=""https://www.gesetze-im-internet.de/markeng/__3.html"" target=""_blank"" rel=""noopener"" class=""lawlink"">§ 3 Abs. 2 Nr. 2 MarkenG</a> kann auch durch formgebende Merkmale eines Zeichens erreicht werden, das für nichttechnische Produkte wie Lebensmittel (Dextro-Energy-Täfelchen) beansprucht wird."	BGH „Traubenzuckertäfelchen“ – I ZB 3/17 (2017), GRUR 2018, 411	Rechtsprechung Umkehr BGH Formmarke
EuGH „Philips/Remington“ (C-299/99, 2002) – Kernaussage?	"Ein Zeichen, das ausschließlich aus der Form einer Ware besteht, ist nicht eintragungsfähig, wenn die wesentlichen funktionellen Merkmale nur der technischen Wirkung zuzuschreiben sind. Der Ausschluss kann nicht durch den Nachweis überwunden werden, dass es andere Formen gibt, mit denen dieselbe Wirkung erzielt werden kann; auch nicht durch Verkehrsdurchsetzung.<br><br>Normen: <a href=""https://www.gesetze-im-internet.de/markeng/__3.html"" target=""_blank"" rel=""noopener"" class=""lawlink"">§ 3 Abs. 2 Nr. 2 MarkenG</a><br>Fundstelle: GRUR 2002, 804"	Rechtsprechung EuGH Formmarke technische_Wirkung
Welche Entscheidung (EuGH) steht für folgenden Grundsatz?<br><br>Ein Zeichen, das ausschließlich aus der Form einer Ware besteht, ist nicht eintragungsfähig, wenn die wesentlichen funktionellen Merkmale nur der technischen Wirkung zuzuschreiben sind. Der Ausschluss kann nicht durch den Nachweis überwunden werden, dass es andere Formen gibt, mit denen dieselbe Wirkung erzielt werden kann; auch nicht durch Verkehrsdurchsetzung.	EuGH „Philips/Remington“ – C-299/99 (2002), GRUR 2002, 804	Rechtsprechung Umkehr EuGH Formmarke technische_Wirkung
EuGH „Libertel“ (C-104/01, 2003) – Kernaussage?	"Eine abstrakte Farbe ohne räumliche Begrenzung kann markenfähig sein, wenn sie durch einen international anerkannten Farbcode eindeutig bestimmt ist. Originäre Unterscheidungskraft kommt einer Farbe nur unter außergewöhnlichen Umständen zu; regelmäßig ist Verkehrsdurchsetzung nötig. Das Allgemeininteresse an der Verfügbarkeit von Farben ist zu berücksichtigen.<br><br>Normen: <a href=""https://www.gesetze-im-internet.de/markeng/__3.html"" target=""_blank"" rel=""noopener"" class=""lawlink"">§ 3 Abs. 1</a>, <a href=""https://www.gesetze-im-internet.de/markeng/__8.html"" target=""_blank"" rel=""noopener"" class=""lawlink"">§ 8 Abs. 1</a>, <a href=""https://www.gesetze-im-internet.de/markeng/__8.html"" target=""_blank"" rel=""noopener"" class=""lawlink"">§ 8 Abs. 2 Nr. 1 MarkenG</a><br>Fundstelle: GRUR 2003, 604"	Rechtsprechung EuGH Farbmarke
Welche Entscheidung (EuGH) steht für folgenden Grundsatz?<br><br>Eine abstrakte Farbe ohne räumliche Begrenzung kann markenfähig sein, wenn sie durch einen international anerkannten Farbcode eindeutig bestimmt ist. Originäre Unterscheidungskraft kommt einer Farbe nur unter außergewöhnlichen Umständen zu; regelmäßig ist Verkehrsdurchsetzung nötig. Das Allgemeininteresse an der Verfügbarkeit von Farben ist zu berücksichtigen.	EuGH „Libertel“ – C-104/01 (2003), GRUR 2003, 604	Rechtsprechung Umkehr EuGH Farbmarke
BGH „HOT“ (I ZB 3/13, 2014) – Kernaussage?	"Ein Zeichen mit mehreren Bedeutungen ('HOT' = heiß/scharf/angesagt) fehlt die Unterscheidungskraft, wenn es in einer seiner möglichen Bedeutungen ein Merkmal der Waren beschreibt. Die Mehrdeutigkeit begründet keine Unterscheidungskraft. Zugleich: Freihaltebedürfnis für Waren, bei denen 'hot' die Beschaffenheit beschreibt.<br><br>Normen: <a href=""https://www.gesetze-im-internet.de/markeng/__8.html"" target=""_blank"" rel=""noopener"" class=""lawlink"">§ 8 Abs. 2 Nr. 1</a>, <a href=""https://www.gesetze-im-internet.de/markeng/__8.html"" target=""_blank"" rel=""noopener"" class=""lawlink"">§ 8 Abs. 2 Nr. 2 MarkenG</a><br>Fundstelle: GRUR 2014, 569"	Rechtsprechung BGH Unterscheidungskraft Mehrdeutigkeit
Welche Entscheidung (BGH) steht für folgenden Grundsatz?<br><br>Ein Zeichen mit mehreren Bedeutungen ('HOT' = heiß/scharf/angesagt) fehlt die Unterscheidungskraft, wenn es in einer seiner möglichen Bedeutungen ein Merkmal der Waren beschreibt. Die Mehrdeutigkeit begründet keine Unterscheidungskraft. Zugleich: Freihaltebedürfnis für Waren, bei denen 'hot' die Beschaffenheit beschreibt.	BGH „HOT“ – I ZB 3/13 (2014), GRUR 2014, 569	Rechtsprechung Umkehr BGH Unterscheidungskraft Mehrdeutigkeit
BGH „Link economy“ (I ZB 56/09, 2011) – Kernaussage?	"Unterscheidungskraft fehlt einer Wortfolge, die sich in einer beschreibenden Sachaussage erschöpft; der Verkehr darf aber nicht zu einer analysierenden Betrachtung angehalten werden. Eine Wortneubildung mit unklarem Begriffsinhalt kann unterscheidungskräftig sein. Großzügiger Maßstab: jede noch so geringe Unterscheidungskraft genügt.<br><br>Normen: <a href=""https://www.gesetze-im-internet.de/markeng/__8.html"" target=""_blank"" rel=""noopener"" class=""lawlink"">§ 8 Abs. 2 Nr. 1 MarkenG</a><br>Fundstelle: GRUR 2012, 270"	Rechtsprechung BGH Unterscheidungskraft Wortfolgen
Welche Entscheidung (BGH) steht für folgenden Grundsatz?<br><br>Unterscheidungskraft fehlt einer Wortfolge, die sich in einer beschreibenden Sachaussage erschöpft; der Verkehr darf aber nicht zu einer analysierenden Betrachtung angehalten werden. Eine Wortneubildung mit unklarem Begriffsinhalt kann unterscheidungskräftig sein. Großzügiger Maßstab: jede noch so geringe Unterscheidungskraft genügt.	BGH „Link economy“ – I ZB 56/09 (2011), GRUR 2012, 270	Rechtsprechung Umkehr BGH Unterscheidungskraft Wortfolgen
BGH „Marlene-Dietrich-Bildnis II“ (I ZB 62/09, 2010) – Kernaussage?	"Für die Unterscheidungskraft genügt es, wenn es praktisch bedeutsame und naheliegende Möglichkeiten gibt, das Zeichen bei den beanspruchten Waren so zu verwenden, dass der Verkehr es ohne weiteres als Marke versteht (z.B. auf dem Etikett statt als Dekor). Zeichen, die sonst als Werbemittel eingesetzt werden, kann die Eintragung nicht allein deshalb versagt werden.<br><br>Normen: <a href=""https://www.gesetze-im-internet.de/markeng/__8.html"" target=""_blank"" rel=""noopener"" class=""lawlink"">§ 8 Abs. 2 Nr. 1 MarkenG</a><br>Fundstelle: GRUR 2010, 825"	Rechtsprechung BGH Unterscheidungskraft Verwendungsformen
Welche Entscheidung (BGH) steht für folgenden Grundsatz?<br><br>Für die Unterscheidungskraft genügt es, wenn es praktisch bedeutsame und naheliegende Möglichkeiten gibt, das Zeichen bei den beanspruchten Waren so zu verwenden, dass der Verkehr es ohne weiteres als Marke versteht (z.B. auf dem Etikett statt als Dekor). Zeichen, die sonst als Werbemittel eingesetzt werden, kann die Eintragung nicht allein deshalb versagt werden.	BGH „Marlene-Dietrich-Bildnis II“ – I ZB 62/09 (2010), GRUR 2010, 825	Rechtsprechung Umkehr BGH Unterscheidungskraft Verwendungsformen
BGH „#darferdas? II“ (I ZB 61/17, 2020) – Kernaussage?	"Im Anschluss an EuGH C-541/18: Bei der Prüfung der Unterscheidungskraft sind alle wahrscheinlichen, praktisch bedeutsamen Verwendungsarten in der Branche zu berücksichtigen (bei Bekleidung: Aufdruck UND Einnähetikett). Nur wenn eine einzige Verwendungsart praktisch bedeutsam ist, darf die Prüfung darauf beschränkt werden. Die BGH-Rechtsprechung 'Marlene-Dietrich-Bildnis II' wurde damit modifiziert.<br><br>Normen: <a href=""https://www.gesetze-im-internet.de/markeng/__8.html"" target=""_blank"" rel=""noopener"" class=""lawlink"">§ 8 Abs. 2 Nr. 1 MarkenG</a><br>Fundstelle: GRUR 2020, 411"	Rechtsprechung BGH Unterscheidungskraft Verwendungsformen Hashtag
Welche Entscheidung (BGH) steht für folgenden Grundsatz?<br><br>Im Anschluss an EuGH C-541/18: Bei der Prüfung der Unterscheidungskraft sind alle wahrscheinlichen, praktisch bedeutsamen Verwendungsarten in der Branche zu berücksichtigen (bei Bekleidung: Aufdruck UND Einnähetikett). Nur wenn eine einzige Verwendungsart praktisch bedeutsam ist, darf die Prüfung darauf beschränkt werden. Die BGH-Rechtsprechung 'Marlene-Dietrich-Bildnis II' wurde damit modifiziert.	BGH „#darferdas? II“ – I ZB 61/17 (2020), GRUR 2020, 411	Rechtsprechung Umkehr BGH Unterscheidungskraft Verwendungsformen Hashtag
EuGH „AS/DPMA (#darferdas?)“ (C-541/18, 2019) – Kernaussage?	"Die Unterscheidungskraft eines Zeichens ist unter Berücksichtigung aller relevanten Tatsachen und Umstände, einschließlich sämtlicher wahrscheinlicher Verwendungsarten der angemeldeten Marke, zu prüfen. Praktisch nicht bedeutsame Verwendungsarten bleiben außer Betracht.<br><br>Normen: <a href=""https://www.gesetze-im-internet.de/markeng/__8.html"" target=""_blank"" rel=""noopener"" class=""lawlink"">§ 8 Abs. 2 Nr. 1 MarkenG</a><br>Fundstelle: GRUR 2019, 1194"	Rechtsprechung EuGH Unterscheidungskraft
Welche Entscheidung (EuGH) steht für folgenden Grundsatz?<br><br>Die Unterscheidungskraft eines Zeichens ist unter Berücksichtigung aller relevanten Tatsachen und Umstände, einschließlich sämtlicher wahrscheinlicher Verwendungsarten der angemeldeten Marke, zu prüfen. Praktisch nicht bedeutsame Verwendungsarten bleiben außer Betracht.	EuGH „AS/DPMA (#darferdas?)“ – C-541/18 (2019), GRUR 2019, 1194	Rechtsprechung Umkehr EuGH Unterscheidungskraft
BGH „Pippi-Langstrumpf-Marke“ (I ZB 97/16, 2017) – Kernaussage?	"Der Name einer fiktiven Romanfigur ('Pippi Langstrumpf') ist für Beherbergungsdienstleistungen unterscheidungskräftig. Eine 'sprechende' Marke, die neben der Herkunft auch Assoziationen zur Dienstleistung weckt, ist nur dann nicht unterscheidungskräftig, wenn ein enger beschreibender Bezug besteht.<br><br>Normen: <a href=""https://www.gesetze-im-internet.de/markeng/__50.html"" target=""_blank"" rel=""noopener"" class=""lawlink"">§ 50</a>, <a href=""https://www.gesetze-im-internet.de/markeng/__8.html"" target=""_blank"" rel=""noopener"" class=""lawlink"">§ 8 Abs. 2 Nr. 1 MarkenG</a><br>Fundstelle: GRUR 2018, 301"	Rechtsprechung BGH Unterscheidungskraft Personenname
Welche Entscheidung (BGH) steht für folgenden Grundsatz?<br><br>Der Name einer fiktiven Romanfigur ('Pippi Langstrumpf') ist für Beherbergungsdienstleistungen unterscheidungskräftig. Eine 'sprechende' Marke, die neben der Herkunft auch Assoziationen zur Dienstleistung weckt, ist nur dann nicht unterscheidungskräftig, wenn ein enger beschreibender Bezug besteht.	BGH „Pippi-Langstrumpf-Marke“ – I ZB 97/16 (2017), GRUR 2018, 301	Rechtsprechung Umkehr BGH Unterscheidungskraft Personenname
BGH „for you“ (I ZB 18/13, 2014) – Kernaussage?	"Die Wortfolge 'for you' ist für Nahrungsergänzungsmittel und Kosmetik nicht unterscheidungskräftig: Der Verkehr versteht sie nur als werbliche Anpreisung ('für dich'), nicht als Herkunftshinweis. Maßgeblich ist die Sicht des Durchschnittsverbrauchers im Anmeldezeitpunkt.<br><br>Normen: <a href=""https://www.gesetze-im-internet.de/markeng/__8.html"" target=""_blank"" rel=""noopener"" class=""lawlink"">§ 8 Abs. 2 Nr. 1 MarkenG</a><br>Fundstelle: GRUR 2014, 872"	Rechtsprechung BGH Unterscheidungskraft Werbeslogan
Welche Entscheidung (BGH) steht für folgenden Grundsatz?<br><br>Die Wortfolge 'for you' ist für Nahrungsergänzungsmittel und Kosmetik nicht unterscheidungskräftig: Der Verkehr versteht sie nur als werbliche Anpreisung ('für dich'), nicht als Herkunftshinweis. Maßgeblich ist die Sicht des Durchschnittsverbrauchers im Anmeldezeitpunkt.	BGH „for you“ – I ZB 18/13 (2014), GRUR 2014, 872	Rechtsprechung Umkehr BGH Unterscheidungskraft Werbeslogan
BGH „OUI“ (I ZB 39/15, 2016) – Kernaussage?	"'OUI' ist für Bekleidung eintragungsfähig. Ein fremdsprachiges Wort ohne beschreibenden Bezug zu den Waren ist unterscheidungskräftig; allgemeine Zustimmungsbekundungen ('ja') werden nicht ohne weiteres als bloße Werbeaussage verstanden.<br><br>Normen: <a href=""https://www.gesetze-im-internet.de/markeng/__8.html"" target=""_blank"" rel=""noopener"" class=""lawlink"">§ 8 Abs. 2 Nr. 1 MarkenG</a><br>Fundstelle: GRUR 2016, 934"	Rechtsprechung BGH Unterscheidungskraft
Welche Entscheidung (BGH) steht für folgenden Grundsatz?<br><br>'OUI' ist für Bekleidung eintragungsfähig. Ein fremdsprachiges Wort ohne beschreibenden Bezug zu den Waren ist unterscheidungskräftig; allgemeine Zustimmungsbekundungen ('ja') werden nicht ohne weiteres als bloße Werbeaussage verstanden.	BGH „OUI“ – I ZB 39/15 (2016), GRUR 2016, 934	Rechtsprechung Umkehr BGH Unterscheidungskraft
BGH „DüsseldorfCongress“ (I ZB 29/13, 2014) – Kernaussage?	"Die Kombination einer Ortsangabe mit einer beschreibenden Gattungsbezeichnung ('DüsseldorfCongress') fehlt für Veranstaltungsdienstleistungen die Unterscheidungskraft; die Zusammenschreibung ändert den beschreibenden Charakter nicht.<br><br>Normen: <a href=""https://www.gesetze-im-internet.de/markeng/__8.html"" target=""_blank"" rel=""noopener"" class=""lawlink"">§ 8 Abs. 2 Nr. 1</a>, <a href=""https://www.gesetze-im-internet.de/markeng/__8.html"" target=""_blank"" rel=""noopener"" class=""lawlink"">§ 8 Abs. 2 Nr. 2 MarkenG</a><br>Fundstelle: GRUR 2014, 1204"	Rechtsprechung BGH Unterscheidungskraft geographische_Angabe
Welche Entscheidung (BGH) steht für folgenden Grundsatz?<br><br>Die Kombination einer Ortsangabe mit einer beschreibenden Gattungsbezeichnung ('DüsseldorfCongress') fehlt für Veranstaltungsdienstleistungen die Unterscheidungskraft; die Zusammenschreibung ändert den beschreibenden Charakter nicht.	BGH „DüsseldorfCongress“ – I ZB 29/13 (2014), GRUR 2014, 1204	Rechtsprechung Umkehr BGH Unterscheidungskraft geographische_Angabe
BGH „Die Vision“ (I ZB 35/09, 2010) – Kernaussage?	"Für Druckereierzeugnisse und Verlagsdienstleistungen fehlt 'Die Vision' die Unterscheidungskraft, weil der Verkehr die Angabe als Hinweis auf den thematischen Inhalt versteht. Der Umstand, dass der Verkehr an beschreibende Zeitschriftentitel gewöhnt ist, betrifft den Werktitelschutz (<a href=""https://www.gesetze-im-internet.de/markeng/__5.html"" target=""_blank"" rel=""noopener"" class=""lawlink"">§ 5 Abs. 3</a>), nicht die markenrechtliche Unterscheidungskraft.<br><br>Normen: <a href=""https://www.gesetze-im-internet.de/markeng/__8.html"" target=""_blank"" rel=""noopener"" class=""lawlink"">§ 8 Abs. 2 Nr. 1 MarkenG</a><br>Fundstelle: GRUR 2010, 935"	Rechtsprechung BGH Unterscheidungskraft Zeitschriftentitel
"Welche Entscheidung (BGH) steht für folgenden Grundsatz?<br><br>Für Druckereierzeugnisse und Verlagsdienstleistungen fehlt 'Die Vision' die Unterscheidungskraft, weil der Verkehr die Angabe als Hinweis auf den thematischen Inhalt versteht. Der Umstand, dass der Verkehr an beschreibende Zeitschriftentitel gewöhnt ist, betrifft den Werktitelschutz (<a href=""https://www.gesetze-im-internet.de/markeng/__5.html"" target=""_blank"" rel=""noopener"" class=""lawlink"">§ 5 Abs. 3</a>), nicht die markenrechtliche Unterscheidungskraft."	BGH „Die Vision“ – I ZB 35/09 (2010), GRUR 2010, 935	Rechtsprechung Umkehr BGH Unterscheidungskraft Zeitschriftentitel
BGH „marktfrisch“ (I ZB 42/98, 2001) – Kernaussage?	"'marktfrisch' ist für Lebensmittel eine beschreibende Angabe (Beschaffenheit) und daher weder unterscheidungskräftig noch vom Freihaltebedürfnis ausgenommen. Grundsatz: Unterscheidungskraft fehlt bei Wörtern mit für die Ware im Vordergrund stehendem beschreibenden Begriffsinhalt.<br><br>Normen: <a href=""https://www.gesetze-im-internet.de/markeng/__8.html"" target=""_blank"" rel=""noopener"" class=""lawlink"">§ 8 Abs. 2 Nr. 1</a>, <a href=""https://www.gesetze-im-internet.de/markeng/__8.html"" target=""_blank"" rel=""noopener"" class=""lawlink"">§ 8 Abs. 2 Nr. 2 MarkenG</a><br>Fundstelle: GRUR 2001, 1151"	Rechtsprechung BGH Unterscheidungskraft
Welche Entscheidung (BGH) steht für folgenden Grundsatz?<br><br>'marktfrisch' ist für Lebensmittel eine beschreibende Angabe (Beschaffenheit) und daher weder unterscheidungskräftig noch vom Freihaltebedürfnis ausgenommen. Grundsatz: Unterscheidungskraft fehlt bei Wörtern mit für die Ware im Vordergrund stehendem beschreibenden Begriffsinhalt.	BGH „marktfrisch“ – I ZB 42/98 (2001), GRUR 2001, 1151	Rechtsprechung Umkehr BGH Unterscheidungskraft
BGH „Black Friday“ (I ZB 21/20, 2021) – Kernaussage?	"Ein Freihaltebedürfnis nach <a href=""https://www.gesetze-im-internet.de/markeng/__8.html"" target=""_blank"" rel=""noopener"" class=""lawlink"">§ 8 Abs. 2 Nr. 2 MarkenG</a> setzt nicht voraus, dass das Zeichen im Anmeldezeitpunkt bereits beschreibend verwendet wird; es genügt, dass eine beschreibende Verwendung vernünftigerweise für die Zukunft zu erwarten ist. 'Black Friday' wurde für Elektronikwaren und Werbedienstleistungen teilweise gelöscht.<br><br>Normen: <a href=""https://www.gesetze-im-internet.de/markeng/__50.html"" target=""_blank"" rel=""noopener"" class=""lawlink"">§ 50</a>, <a href=""https://www.gesetze-im-internet.de/markeng/__8.html"" target=""_blank"" rel=""noopener"" class=""lawlink"">§ 8 Abs. 2 Nr. 2 MarkenG</a><br>Fundstelle: GRUR 2021, 1195"	Rechtsprechung BGH Freihaltebedürfnis Löschung
"Welche Entscheidung (BGH) steht für folgenden Grundsatz?<br><br>Ein Freihaltebedürfnis nach <a href=""https://www.gesetze-im-internet.de/markeng/__8.html"" target=""_blank"" rel=""noopener"" class=""lawlink"">§ 8 Abs. 2 Nr. 2 MarkenG</a> setzt nicht voraus, dass das Zeichen im Anmeldezeitpunkt bereits beschreibend verwendet wird; es genügt, dass eine beschreibende Verwendung vernünftigerweise für die Zukunft zu erwarten ist. 'Black Friday' wurde für Elektronikwaren und Werbedienstleistungen teilweise gelöscht."	BGH „Black Friday“ – I ZB 21/20 (2021), GRUR 2021, 1195	Rechtsprechung Umkehr BGH Freihaltebedürfnis Löschung
EuGH „Windsurfing Chiemsee“ (C-108/97, 1999) – Kernaussage?	"Geographische Herkunftsangaben sind freizuhalten, wenn sie gegenwärtig oder vernünftigerweise in Zukunft mit den Waren in Verbindung gebracht werden können. Für die Verkehrsdurchsetzung gibt es keine feste Prozentzahl; maßgeblich ist, ob ein erheblicher Teil der beteiligten Verkehrskreise die Ware aufgrund der Marke einem bestimmten Unternehmen zuordnet (Gesamtbetrachtung: Marktanteil, Intensität, Dauer, Werbeaufwand, Umfragen).<br><br>Normen: <a href=""https://www.gesetze-im-internet.de/markeng/__8.html"" target=""_blank"" rel=""noopener"" class=""lawlink"">§ 8 Abs. 2 Nr. 2</a>, <a href=""https://www.gesetze-im-internet.de/markeng/__8.html"" target=""_blank"" rel=""noopener"" class=""lawlink"">§ 8 Abs. 3 MarkenG</a><br>Fundstelle: GRUR 1999, 723"	Rechtsprechung EuGH Freihaltebedürfnis Verkehrsdurchsetzung
Welche Entscheidung (EuGH) steht für folgenden Grundsatz?<br><br>Geographische Herkunftsangaben sind freizuhalten, wenn sie gegenwärtig oder vernünftigerweise in Zukunft mit den Waren in Verbindung gebracht werden können. Für die Verkehrsdurchsetzung gibt es keine feste Prozentzahl; maßgeblich ist, ob ein erheblicher Teil der beteiligten Verkehrskreise die Ware aufgrund der Marke einem bestimmten Unternehmen zuordnet (Gesamtbetrachtung: Marktanteil, Intensität, Dauer, Werbeaufwand, Umfragen).	EuGH „Windsurfing Chiemsee“ – C-108/97 (1999), GRUR 1999, 723	Rechtsprechung Umkehr EuGH Freihaltebedürfnis Verkehrsdurchsetzung
BGH „test (Stiftung Warentest)“ (I ZB 65/12, 2013) – Kernaussage?	"Die Wort-Bild-Marke 'test' ist für Testzeitschriften beschreibend. Für die Verkehrsdurchsetzung reicht ein Zuordnungsgrad von 43 % regelmäßig nicht aus. Maßgeblicher Zeitpunkt der Verkehrsdurchsetzung ist der Anmeldetag; im Löschungsverfahren muss sie zusätzlich im Entscheidungszeitpunkt fortbestehen.<br><br>Normen: <a href=""https://www.gesetze-im-internet.de/markeng/__50.html"" target=""_blank"" rel=""noopener"" class=""lawlink"">§ 50</a>, <a href=""https://www.gesetze-im-internet.de/markeng/__8.html"" target=""_blank"" rel=""noopener"" class=""lawlink"">§ 8 Abs. 2 Nr. 1</a>, <a href=""https://www.gesetze-im-internet.de/markeng/__8.html"" target=""_blank"" rel=""noopener"" class=""lawlink"">§ 8 Abs. 3 MarkenG</a><br>Fundstelle: GRUR 2014, 483"	Rechtsprechung BGH Verkehrsdurchsetzung
Welche Entscheidung (BGH) steht für folgenden Grundsatz?<br><br>Die Wort-Bild-Marke 'test' ist für Testzeitschriften beschreibend. Für die Verkehrsdurchsetzung reicht ein Zuordnungsgrad von 43 % regelmäßig nicht aus. Maßgeblicher Zeitpunkt der Verkehrsdurchsetzung ist der Anmeldetag; im Löschungsverfahren muss sie zusätzlich im Entscheidungszeitpunkt fortbestehen.	BGH „test (Stiftung Warentest)“ – I ZB 65/12 (2013), GRUR 2014, 483	Rechtsprechung Umkehr BGH Verkehrsdurchsetzung
BGH „Langenscheidt-Gelb“ (I ZB 61/13, 2014) – Kernaussage?	"Eine abstrakte Farbmarke (Gelb für zweisprachige Wörterbücher) hat sich im Verkehr durchgesetzt, wenn über 50 % der Verkehrskreise die Farbe einem Unternehmen zuordnen. Die Verkehrsdurchsetzung setzt nicht voraus, dass die Farbe isoliert, ohne Wort- und Bildzeichen benutzt wurde.<br><br>Normen: <a href=""https://www.gesetze-im-internet.de/markeng/__8.html"" target=""_blank"" rel=""noopener"" class=""lawlink"">§ 8 Abs. 2 Nr. 1</a>, <a href=""https://www.gesetze-im-internet.de/markeng/__8.html"" target=""_blank"" rel=""noopener"" class=""lawlink"">§ 8 Abs. 3 MarkenG</a><br>Fundstelle: GRUR 2015, 581"	Rechtsprechung BGH Farbmarke Verkehrsdurchsetzung
Welche Entscheidung (BGH) steht für folgenden Grundsatz?<br><br>Eine abstrakte Farbmarke (Gelb für zweisprachige Wörterbücher) hat sich im Verkehr durchgesetzt, wenn über 50 % der Verkehrskreise die Farbe einem Unternehmen zuordnen. Die Verkehrsdurchsetzung setzt nicht voraus, dass die Farbe isoliert, ohne Wort- und Bildzeichen benutzt wurde.	BGH „Langenscheidt-Gelb“ – I ZB 61/13 (2014), GRUR 2015, 581	Rechtsprechung Umkehr BGH Farbmarke Verkehrsdurchsetzung
BGH „Nivea-Blau“ (I ZB 65/13, 2015) – Kernaussage?	"Für die Verkehrsdurchsetzung einer abstrakten Farbmarke genügt regelmäßig ein Zuordnungsgrad von über 50 %; ein höherer Grad (75 %) ist nicht erforderlich. Verkehrsbefragungen müssen die konkrete Farbe für die konkreten Waren abfragen; eine Verwendung zusammen mit anderen Kennzeichen steht der Durchsetzung nicht entgegen.<br><br>Normen: <a href=""https://www.gesetze-im-internet.de/markeng/__50.html"" target=""_blank"" rel=""noopener"" class=""lawlink"">§ 50</a>, <a href=""https://www.gesetze-im-internet.de/markeng/__8.html"" target=""_blank"" rel=""noopener"" class=""lawlink"">§ 8 Abs. 2 Nr. 1</a>, <a href=""https://www.gesetze-im-internet.de/markeng/__8.html"" target=""_blank"" rel=""noopener"" class=""lawlink"">§ 8 Abs. 3 MarkenG</a><br>Fundstelle: GRUR 2015, 1012"	Rechtsprechung BGH Farbmarke Verkehrsdurchsetzung
Welche Entscheidung (BGH) steht für folgenden Grundsatz?<br><br>Für die Verkehrsdurchsetzung einer abstrakten Farbmarke genügt regelmäßig ein Zuordnungsgrad von über 50 %; ein höherer Grad (75 %) ist nicht erforderlich. Verkehrsbefragungen müssen die konkrete Farbe für die konkreten Waren abfragen; eine Verwendung zusammen mit anderen Kennzeichen steht der Durchsetzung nicht entgegen.	BGH „Nivea-Blau“ – I ZB 65/13 (2015), GRUR 2015, 1012	Rechtsprechung Umkehr BGH Farbmarke Verkehrsdurchsetzung
BGH „Gelbe Wörterbücher“ (I ZR 228/12, 2014) – Kernaussage?	"Verletzung der abstrakten Farbmarke Gelb (Langenscheidt) durch gelbe Verpackungen von Sprachlernsoftware: Eine markenmäßige Benutzung der Farbe setzt keine gesteigerte Kennzeichnungskraft der Farbmarke voraus; nimmt der Verkehr die Farbe als eigenständiges Zeichen (Zweitmarke) wahr, ist sie isoliert in den Zeichenvergleich einzustellen. Hohe Ähnlichkeit zwischen Wörterbüchern und Sprachlernsoftware.<br><br>Normen: <a href=""https://www.gesetze-im-internet.de/markeng/__14.html"" target=""_blank"" rel=""noopener"" class=""lawlink"">§ 14 Abs. 2 Nr. 2</a>, <a href=""https://www.gesetze-im-internet.de/markeng/__14.html"" target=""_blank"" rel=""noopener"" class=""lawlink"">§ 14 Abs. 5 MarkenG</a><br>Fundstelle: GRUR 2015, 1101"	Rechtsprechung BGH Farbmarke Verletzung
Welche Entscheidung (BGH) steht für folgenden Grundsatz?<br><br>Verletzung der abstrakten Farbmarke Gelb (Langenscheidt) durch gelbe Verpackungen von Sprachlernsoftware: Eine markenmäßige Benutzung der Farbe setzt keine gesteigerte Kennzeichnungskraft der Farbmarke voraus; nimmt der Verkehr die Farbe als eigenständiges Zeichen (Zweitmarke) wahr, ist sie isoliert in den Zeichenvergleich einzustellen. Hohe Ähnlichkeit zwischen Wörterbüchern und Sprachlernsoftware.	BGH „Gelbe Wörterbücher“ – I ZR 228/12 (2014), GRUR 2015, 1101	Rechtsprechung Umkehr BGH Farbmarke Verletzung
BGH „Sparkassen-Rot“ (I ZB 52/15, 2016) – Kernaussage?	"Im Löschungsverfahren trägt der Antragsteller die Feststellungslast für das Fehlen der Verkehrsdurchsetzung im Anmeldezeitpunkt; verbleibende Zweifel gehen zu seinen Lasten. Das Sparkassen-Rot blieb als Farbmarke eingetragen.<br><br>Normen: <a href=""https://www.gesetze-im-internet.de/markeng/__50.html"" target=""_blank"" rel=""noopener"" class=""lawlink"">§ 50</a>, <a href=""https://www.gesetze-im-internet.de/markeng/__8.html"" target=""_blank"" rel=""noopener"" class=""lawlink"">§ 8 Abs. 3 MarkenG</a><br>Fundstelle: GRUR 2016, 1167"	Rechtsprechung BGH Farbmarke Verkehrsdurchsetzung Löschung
Welche Entscheidung (BGH) steht für folgenden Grundsatz?<br><br>Im Löschungsverfahren trägt der Antragsteller die Feststellungslast für das Fehlen der Verkehrsdurchsetzung im Anmeldezeitpunkt; verbleibende Zweifel gehen zu seinen Lasten. Das Sparkassen-Rot blieb als Farbmarke eingetragen.	BGH „Sparkassen-Rot“ – I ZB 52/15 (2016), GRUR 2016, 1167	Rechtsprechung Umkehr BGH Farbmarke Verkehrsdurchsetzung Löschung
BGH „GLÜCKSPILZ“ (I ZB 69/14, 2015) – Kernaussage?	"Bösgläubigkeit kann sich aus dem sonstigen Verhalten des Anmelders ergeben, etwa wenn die Marke in erster Linie als Mittel des Wettbewerbskampfes (Sperrmarke) und nicht zur Förderung des eigenen Absatzes angemeldet wird. Maßgeblicher Zeitpunkt ist die Anmeldung; späteres Verhalten kann Indiz sein.<br><br>Normen: <a href=""https://www.gesetze-im-internet.de/markeng/__50.html"" target=""_blank"" rel=""noopener"" class=""lawlink"">§ 50</a>, <a href=""https://www.gesetze-im-internet.de/markeng/__8.html"" target=""_blank"" rel=""noopener"" class=""lawlink"">§ 8 Abs. 2 Nr. 14 MarkenG</a><br>Fundstelle: GRUR 2016, 380"	Rechtsprechung BGH Bösgläubigkeit
Welche Entscheidung (BGH) steht für folgenden Grundsatz?<br><br>Bösgläubigkeit kann sich aus dem sonstigen Verhalten des Anmelders ergeben, etwa wenn die Marke in erster Linie als Mittel des Wettbewerbskampfes (Sperrmarke) und nicht zur Förderung des eigenen Absatzes angemeldet wird. Maßgeblicher Zeitpunkt ist die Anmeldung; späteres Verhalten kann Indiz sein.	BGH „GLÜCKSPILZ“ – I ZB 69/14 (2015), GRUR 2016, 380	Rechtsprechung Umkehr BGH Bösgläubigkeit
BGH „EROS“ (I ZR 190/05, 2008) – Kernaussage?	"Bösgläubig handelt, wer ein Zeichen in Kenntnis eines schutzwürdigen Besitzstands eines Vorbenutzers ohne hinreichenden sachlichen Grund für gleiche Waren anmeldet, um den Besitzstand zu stören oder die Benutzung zu sperren. Die Sperrabsicht muss nicht der einzige Beweggrund sein.<br><br>Normen: <a href=""https://www.gesetze-im-internet.de/markeng/__50.html"" target=""_blank"" rel=""noopener"" class=""lawlink"">§ 50</a>, <a href=""https://www.gesetze-im-internet.de/markeng/__51.html"" target=""_blank"" rel=""noopener"" class=""lawlink"">§ 51</a>, <a href=""https://www.gesetze-im-internet.de/markeng/__8.html"" target=""_blank"" rel=""noopener"" class=""lawlink"">§ 8 Abs. 2 Nr. 14 MarkenG</a><br>Fundstelle: GRUR 2008, 917"	Rechtsprechung BGH Bösgläubigkeit
Welche Entscheidung (BGH) steht für folgenden Grundsatz?<br><br>Bösgläubig handelt, wer ein Zeichen in Kenntnis eines schutzwürdigen Besitzstands eines Vorbenutzers ohne hinreichenden sachlichen Grund für gleiche Waren anmeldet, um den Besitzstand zu stören oder die Benutzung zu sperren. Die Sperrabsicht muss nicht der einzige Beweggrund sein.	BGH „EROS“ – I ZR 190/05 (2008), GRUR 2008, 917	Rechtsprechung Umkehr BGH Bösgläubigkeit
BGH „Ivadal“ (I ZB 8/06, 2009) – Kernaussage?	"Die Anmeldung einer Marke, die ein Dritter (hier: ausländischer Vorbenutzer) benutzt, ist nicht schon deshalb bösgläubig, weil der Anmelder von der Vorbenutzung weiß; hinzukommen müssen besondere Umstände, etwa Behinderungsabsicht ohne eigenen Benutzungswillen.<br><br>Normen: <a href=""https://www.gesetze-im-internet.de/markeng/__8.html"" target=""_blank"" rel=""noopener"" class=""lawlink"">§ 8 Abs. 2 Nr. 14 MarkenG</a><br>Fundstelle: GRUR 2009, 780"	Rechtsprechung BGH Bösgläubigkeit
Welche Entscheidung (BGH) steht für folgenden Grundsatz?<br><br>Die Anmeldung einer Marke, die ein Dritter (hier: ausländischer Vorbenutzer) benutzt, ist nicht schon deshalb bösgläubig, weil der Anmelder von der Vorbenutzung weiß; hinzukommen müssen besondere Umstände, etwa Behinderungsabsicht ohne eigenen Benutzungswillen.	BGH „Ivadal“ – I ZB 8/06 (2009), GRUR 2009, 780	Rechtsprechung Umkehr BGH Bösgläubigkeit
EuGH „Arsenal Football Club“ (C-206/01, 2002) – Kernaussage?	"Der Markeninhaber kann eine Benutzung verbieten, die die Funktionen der Marke, insbesondere die Herkunftsfunktion, beeinträchtigt oder beeinträchtigen kann. Auch die Verwendung als 'Fanartikel' (Zeichen der Verbundenheit) kann rechtsverletzend sein, wenn der Eindruck einer Verbindung zum Markeninhaber entsteht.<br><br>Normen: <a href=""https://www.gesetze-im-internet.de/markeng/__14.html"" target=""_blank"" rel=""noopener"" class=""lawlink"">§ 14 Abs. 2 Nr. 1 MarkenG</a><br>Fundstelle: GRUR 2003, 55"	Rechtsprechung EuGH Markenmäßige_Benutzung Funktionenlehre
Welche Entscheidung (EuGH) steht für folgenden Grundsatz?<br><br>Der Markeninhaber kann eine Benutzung verbieten, die die Funktionen der Marke, insbesondere die Herkunftsfunktion, beeinträchtigt oder beeinträchtigen kann. Auch die Verwendung als 'Fanartikel' (Zeichen der Verbundenheit) kann rechtsverletzend sein, wenn der Eindruck einer Verbindung zum Markeninhaber entsteht.	EuGH „Arsenal Football Club“ – C-206/01 (2002), GRUR 2003, 55	Rechtsprechung Umkehr EuGH Markenmäßige_Benutzung Funktionenlehre
EuGH „L'Oréal/Bellure“ (C-487/07, 2009) – Kernaussage?	"Geschützt sind neben der Herkunftsfunktion auch Qualitäts-, Kommunikations-, Investitions- und Werbefunktion. Bei Doppelidentität genügt die Beeinträchtigung einer dieser Funktionen. Unlautere Ausnutzung der Wertschätzung (Duftvergleichslisten) liegt vor, wenn sich der Dritte in den Bereich der Sogwirkung der bekannten Marke begibt, um von ihrer Anziehungskraft ohne eigene Anstrengung zu profitieren.<br><br>Normen: <a href=""https://www.gesetze-im-internet.de/markeng/__14.html"" target=""_blank"" rel=""noopener"" class=""lawlink"">§ 14 Abs. 2 Nr. 1</a>, <a href=""https://www.gesetze-im-internet.de/markeng/__14.html"" target=""_blank"" rel=""noopener"" class=""lawlink"">§ 14 Abs. 2 Nr. 3 MarkenG</a><br>Fundstelle: GRUR 2009, 756"	Rechtsprechung EuGH Funktionenlehre Bekanntheitsschutz
Welche Entscheidung (EuGH) steht für folgenden Grundsatz?<br><br>Geschützt sind neben der Herkunftsfunktion auch Qualitäts-, Kommunikations-, Investitions- und Werbefunktion. Bei Doppelidentität genügt die Beeinträchtigung einer dieser Funktionen. Unlautere Ausnutzung der Wertschätzung (Duftvergleichslisten) liegt vor, wenn sich der Dritte in den Bereich der Sogwirkung der bekannten Marke begibt, um von ihrer Anziehungskraft ohne eigene Anstrengung zu profitieren.	EuGH „L'Oréal/Bellure“ – C-487/07 (2009), GRUR 2009, 756	Rechtsprechung Umkehr EuGH Funktionenlehre Bekanntheitsschutz
BGH „Opel-Blitz II“ (I ZR 88/08, 2010) – Kernaussage?	"Die Anbringung des Opel-Blitzes auf Spielzeugmodellautos verletzt die für Spielzeug eingetragene Marke nicht: Der Verkehr sieht darin nur die originalgetreue Nachbildung des Vorbilds, keinen Hinweis auf die Herkunft des Spielzeugs. Die Herkunftsfunktion wird nicht beeinträchtigt (Umsetzung von EuGH C-48/05 Adam Opel).<br><br>Normen: <a href=""https://www.gesetze-im-internet.de/markeng/__14.html"" target=""_blank"" rel=""noopener"" class=""lawlink"">§ 14 Abs. 2 Nr. 1</a>, <a href=""https://www.gesetze-im-internet.de/markeng/__14.html"" target=""_blank"" rel=""noopener"" class=""lawlink"">§ 14 Abs. 2 Nr. 3 MarkenG</a><br>Fundstelle: GRUR 2010, 726"	Rechtsprechung BGH Markenmäßige_Benutzung
Welche Entscheidung (BGH) steht für folgenden Grundsatz?<br><br>Die Anbringung des Opel-Blitzes auf Spielzeugmodellautos verletzt die für Spielzeug eingetragene Marke nicht: Der Verkehr sieht darin nur die originalgetreue Nachbildung des Vorbilds, keinen Hinweis auf die Herkunft des Spielzeugs. Die Herkunftsfunktion wird nicht beeinträchtigt (Umsetzung von EuGH C-48/05 Adam Opel).	BGH „Opel-Blitz II“ – I ZR 88/08 (2010), GRUR 2010, 726	Rechtsprechung Umkehr BGH Markenmäßige_Benutzung
BGH „SAM“ (I ZR 195/17, 2019) – Kernaussage?	"Ob eine Modellbezeichnung (Vorname 'Sam' für Hosen) markenmäßig benutzt wird, hängt von den Kennzeichnungsgewohnheiten der Branche und der konkreten Präsentation ab. Bei Anbringung auf der Ware oder dem Etikett liegt regelmäßig ein Herkunftshinweis vor; bei einer unauffälligen Nennung nur im Bestelltext eines Online-Angebots dagegen nicht ohne weiteres.<br><br>Normen: <a href=""https://www.gesetze-im-internet.de/markeng/__14.html"" target=""_blank"" rel=""noopener"" class=""lawlink"">§ 14 Abs. 2 Nr. 1 MarkenG</a><br>Fundstelle: GRUR 2019, 522"	Rechtsprechung BGH Markenmäßige_Benutzung Modellbezeichnung
Welche Entscheidung (BGH) steht für folgenden Grundsatz?<br><br>Ob eine Modellbezeichnung (Vorname 'Sam' für Hosen) markenmäßig benutzt wird, hängt von den Kennzeichnungsgewohnheiten der Branche und der konkreten Präsentation ab. Bei Anbringung auf der Ware oder dem Etikett liegt regelmäßig ein Herkunftshinweis vor; bei einer unauffälligen Nennung nur im Bestelltext eines Online-Angebots dagegen nicht ohne weiteres.	BGH „SAM“ – I ZR 195/17 (2019), GRUR 2019, 522	Rechtsprechung Umkehr BGH Markenmäßige_Benutzung Modellbezeichnung
BGH „Damen Hose MO“ (I ZR 108/18, 2019) – Kernaussage?	"Die Verwendung von 'MO' in der Angebotsüberschrift 'Bench Damen Hose MO' kann als Herkunftshinweis (Zweitmarke) verstanden werden. Die Beurteilung erfolgt anhand der Kennzeichnungsgewohnheiten der Branche und der Gestaltung des konkreten Angebots; ein bekannter Herstellername schließt eine markenmäßige Benutzung der Modellbezeichnung nicht aus.<br><br>Normen: <a href=""https://www.gesetze-im-internet.de/markeng/__14.html"" target=""_blank"" rel=""noopener"" class=""lawlink"">§ 14 Abs. 2 Nr. 1</a>, <a href=""https://www.gesetze-im-internet.de/markeng/__14.html"" target=""_blank"" rel=""noopener"" class=""lawlink"">§ 14 Abs. 2 Nr. 2 MarkenG</a><br>Fundstelle: GRUR 2019, 1289"	Rechtsprechung BGH Markenmäßige_Benutzung Modellbezeichnung
Welche Entscheidung (BGH) steht für folgenden Grundsatz?<br><br>Die Verwendung von 'MO' in der Angebotsüberschrift 'Bench Damen Hose MO' kann als Herkunftshinweis (Zweitmarke) verstanden werden. Die Beurteilung erfolgt anhand der Kennzeichnungsgewohnheiten der Branche und der Gestaltung des konkreten Angebots; ein bekannter Herstellername schließt eine markenmäßige Benutzung der Modellbezeichnung nicht aus.	BGH „Damen Hose MO“ – I ZR 108/18 (2019), GRUR 2019, 1289	Rechtsprechung Umkehr BGH Markenmäßige_Benutzung Modellbezeichnung
BGH „FRÜHSTÜCKS-DRINK II“ (I ZR 135/99, 2001) – Kernaussage?	"Eine Markenverletzung setzt eine markenmäßige Benutzung voraus, d.h. das Zeichen muss im Rahmen des Produktabsatzes jedenfalls auch der Unterscheidung der Waren eines Unternehmens von denen anderer dienen. Rein beschreibende Verwendung ('Frühstücks-Drink' als Produktbeschreibung) genügt nicht.<br><br>Normen: <a href=""https://www.gesetze-im-internet.de/markeng/__14.html"" target=""_blank"" rel=""noopener"" class=""lawlink"">§ 14 Abs. 2 Nr. 2 MarkenG</a><br>Fundstelle: GRUR 2002, 812"	Rechtsprechung BGH Markenmäßige_Benutzung
Welche Entscheidung (BGH) steht für folgenden Grundsatz?<br><br>Eine Markenverletzung setzt eine markenmäßige Benutzung voraus, d.h. das Zeichen muss im Rahmen des Produktabsatzes jedenfalls auch der Unterscheidung der Waren eines Unternehmens von denen anderer dienen. Rein beschreibende Verwendung ('Frühstücks-Drink' als Produktbeschreibung) genügt nicht.	BGH „FRÜHSTÜCKS-DRINK II“ – I ZR 135/99 (2001), GRUR 2002, 812	Rechtsprechung Umkehr BGH Markenmäßige_Benutzung
EuGH „Céline“ (C-17/06, 2007) – Kernaussage?	"Die bloße Benutzung einer Firma oder Geschäftsbezeichnung ist keine Benutzung 'für Waren oder Dienstleistungen'. Anders, wenn das Zeichen so benutzt wird, dass eine Verbindung zwischen der Firma und den vertriebenen Waren hergestellt wird und dadurch die Herkunftsfunktion beeinträchtigt werden kann.<br><br>Normen: <a href=""https://www.gesetze-im-internet.de/markeng/__14.html"" target=""_blank"" rel=""noopener"" class=""lawlink"">§ 14 Abs. 2</a>, <a href=""https://www.gesetze-im-internet.de/markeng/__23.html"" target=""_blank"" rel=""noopener"" class=""lawlink"">§ 23 MarkenG</a><br>Fundstelle: GRUR 2007, 971"	Rechtsprechung EuGH Firmenmäßiger_Gebrauch
Welche Entscheidung (EuGH) steht für folgenden Grundsatz?<br><br>Die bloße Benutzung einer Firma oder Geschäftsbezeichnung ist keine Benutzung 'für Waren oder Dienstleistungen'. Anders, wenn das Zeichen so benutzt wird, dass eine Verbindung zwischen der Firma und den vertriebenen Waren hergestellt wird und dadurch die Herkunftsfunktion beeinträchtigt werden kann.	EuGH „Céline“ – C-17/06 (2007), GRUR 2007, 971	Rechtsprechung Umkehr EuGH Firmenmäßiger_Gebrauch
EuGH „Google France und Google“ (C-236/08 bis C-238/08, 2010) – Kernaussage?	"Die Buchung einer fremden Marke als AdWords-Keyword ist eine Benutzung im geschäftlichen Verkehr. Die Herkunftsfunktion wird beeinträchtigt, wenn aus der Anzeige für einen normal informierten Internetnutzer nicht oder nur schwer zu erkennen ist, ob die beworbenen Waren vom Markeninhaber, einem verbundenen Unternehmen oder einem Dritten stammen. Google selbst benutzt die Marke nicht.<br><br>Normen: <a href=""https://www.gesetze-im-internet.de/markeng/__14.html"" target=""_blank"" rel=""noopener"" class=""lawlink"">§ 14 Abs. 2 Nr. 1 MarkenG</a><br>Fundstelle: GRUR 2010, 445"	Rechtsprechung EuGH Keyword-Advertising
Welche Entscheidung (EuGH) steht für folgenden Grundsatz?<br><br>Die Buchung einer fremden Marke als AdWords-Keyword ist eine Benutzung im geschäftlichen Verkehr. Die Herkunftsfunktion wird beeinträchtigt, wenn aus der Anzeige für einen normal informierten Internetnutzer nicht oder nur schwer zu erkennen ist, ob die beworbenen Waren vom Markeninhaber, einem verbundenen Unternehmen oder einem Dritten stammen. Google selbst benutzt die Marke nicht.	EuGH „Google France und Google“ – C-236/08 bis C-238/08 (2010), GRUR 2010, 445	Rechtsprechung Umkehr EuGH Keyword-Advertising
BGH „Bananabay II“ (I ZR 125/07, 2011) – Kernaussage?	"Keyword-Advertising mit einer fremden Marke verletzt die Herkunftsfunktion regelmäßig nicht, wenn die Anzeige in einem deutlich abgesetzten, als 'Anzeigen' gekennzeichneten Werbeblock erscheint, die Marke in der Anzeige selbst nicht enthalten ist und die Domain des Werbenden auf ein anderes Unternehmen hinweist.<br><br>Normen: <a href=""https://www.gesetze-im-internet.de/markeng/__14.html"" target=""_blank"" rel=""noopener"" class=""lawlink"">§ 14 Abs. 2 Nr. 1 MarkenG</a><br>Fundstelle: GRUR 2011, 828"	Rechtsprechung BGH Keyword-Advertising
Welche Entscheidung (BGH) steht für folgenden Grundsatz?<br><br>Keyword-Advertising mit einer fremden Marke verletzt die Herkunftsfunktion regelmäßig nicht, wenn die Anzeige in einem deutlich abgesetzten, als 'Anzeigen' gekennzeichneten Werbeblock erscheint, die Marke in der Anzeige selbst nicht enthalten ist und die Domain des Werbenden auf ein anderes Unternehmen hinweist.	BGH „Bananabay II“ – I ZR 125/07 (2011), GRUR 2011, 828	Rechtsprechung Umkehr BGH Keyword-Advertising
BGH „MOST-Pralinen“ (I ZR 217/10, 2012) – Kernaussage?	"Bestätigung und Präzisierung von Bananabay II: Auch wenn die Anzeige nicht ausdrücklich darauf hinweist, dass keine Verbindung zum Markeninhaber besteht, fehlt die Beeinträchtigung der Herkunftsfunktion, sofern die Anzeige klar abgesetzt ist und keine Angaben zu einer wirtschaftlichen Verbindung enthält. Anders, wenn die Anzeige eine Verbindung nahelegt.<br><br>Normen: <a href=""https://www.gesetze-im-internet.de/markeng/__14.html"" target=""_blank"" rel=""noopener"" class=""lawlink"">§ 14 Abs. 2 Nr. 1</a>, <a href=""https://www.gesetze-im-internet.de/markeng/__14.html"" target=""_blank"" rel=""noopener"" class=""lawlink"">§ 14 Abs. 2 Nr. 2 MarkenG</a><br>Fundstelle: GRUR 2013, 290"	Rechtsprechung BGH Keyword-Advertising
Welche Entscheidung (BGH) steht für folgenden Grundsatz?<br><br>Bestätigung und Präzisierung von Bananabay II: Auch wenn die Anzeige nicht ausdrücklich darauf hinweist, dass keine Verbindung zum Markeninhaber besteht, fehlt die Beeinträchtigung der Herkunftsfunktion, sofern die Anzeige klar abgesetzt ist und keine Angaben zu einer wirtschaftlichen Verbindung enthält. Anders, wenn die Anzeige eine Verbindung nahelegt.	BGH „MOST-Pralinen“ – I ZR 217/10 (2012), GRUR 2013, 290	Rechtsprechung Umkehr BGH Keyword-Advertising
BGH „Fleurop“ (I ZR 53/12, 2013) – Kernaussage?	"Ausnahme zur Bananabay-Rechtsprechung: Weiß der Verkehr, dass der Markeninhaber (Fleurop) sein Geschäft über ein Netz von Partnerfloristen betreibt, liegt bei einer Anzeige auf das Keyword 'Fleurop' die Vermutung einer wirtschaftlichen Verbindung nahe; die Herkunftsfunktion ist beeinträchtigt, wenn die Anzeige nicht klarstellt, dass keine solche Verbindung besteht.<br><br>Normen: <a href=""https://www.gesetze-im-internet.de/markeng/__14.html"" target=""_blank"" rel=""noopener"" class=""lawlink"">§ 14 Abs. 2 Nr. 1 MarkenG</a><br>Fundstelle: GRUR 2014, 182"	Rechtsprechung BGH Keyword-Advertising
Welche Entscheidung (BGH) steht für folgenden Grundsatz?<br><br>Ausnahme zur Bananabay-Rechtsprechung: Weiß der Verkehr, dass der Markeninhaber (Fleurop) sein Geschäft über ein Netz von Partnerfloristen betreibt, liegt bei einer Anzeige auf das Keyword 'Fleurop' die Vermutung einer wirtschaftlichen Verbindung nahe; die Herkunftsfunktion ist beeinträchtigt, wenn die Anzeige nicht klarstellt, dass keine solche Verbindung besteht.	BGH „Fleurop“ – I ZR 53/12 (2013), GRUR 2014, 182	Rechtsprechung Umkehr BGH Keyword-Advertising
BGH „ORTLIEB II“ (I ZR 29/18, 2019) – Kernaussage?	"Amazon-Anzeigen mit der Marke 'ORTLIEB', die auf Angebotslisten verlinken, in denen auch Produkte anderer Hersteller erscheinen, sind irreführend und verletzen die Marke: Der Verkehr erwartet aufgrund der Anzeige ausschließlich Produkte des Markeninhabers. Die Werbewirkung der Marke wird zu Drittprodukten umgeleitet.<br><br>Normen: <a href=""https://www.gesetze-im-internet.de/markeng/__14.html"" target=""_blank"" rel=""noopener"" class=""lawlink"">§ 14 Abs. 2 Nr. 1</a>, <a href=""https://www.gesetze-im-internet.de/markeng/__14.html"" target=""_blank"" rel=""noopener"" class=""lawlink"">§ 14 Abs. 5 MarkenG</a><br>Fundstelle: GRUR 2019, 1053"	Rechtsprechung BGH Keyword-Advertising Online-Handel
Welche Entscheidung (BGH) steht für folgenden Grundsatz?<br><br>Amazon-Anzeigen mit der Marke 'ORTLIEB', die auf Angebotslisten verlinken, in denen auch Produkte anderer Hersteller erscheinen, sind irreführend und verletzen die Marke: Der Verkehr erwartet aufgrund der Anzeige ausschließlich Produkte des Markeninhabers. Die Werbewirkung der Marke wird zu Drittprodukten umgeleitet.	BGH „ORTLIEB II“ – I ZR 29/18 (2019), GRUR 2019, 1053	Rechtsprechung Umkehr BGH Keyword-Advertising Online-Handel
BGH „ORTLIEB I“ (I ZR 138/16, 2018) – Kernaussage?	"Die Anzeige von Konkurrenzprodukten in der internen Suchergebnisliste von Amazon bei Eingabe der Marke 'Ortlieb' verletzt die Marke nicht ohne weiteres: Der Nutzer erkennt bei einer Plattform-Suche, dass ihm auch Alternativangebote gezeigt werden, sofern die Ergebnisse nicht als Produkte des Markeninhabers ausgegeben werden.<br><br>Normen: <a href=""https://www.gesetze-im-internet.de/markeng/__14.html"" target=""_blank"" rel=""noopener"" class=""lawlink"">§ 14 Abs. 2 Nr. 1</a>, <a href=""https://www.gesetze-im-internet.de/markeng/__23.html"" target=""_blank"" rel=""noopener"" class=""lawlink"">§ 23 MarkenG</a><br>Fundstelle: GRUR 2018, 924"	Rechtsprechung BGH Keyword-Advertising Online-Handel
Welche Entscheidung (BGH) steht für folgenden Grundsatz?<br><br>Die Anzeige von Konkurrenzprodukten in der internen Suchergebnisliste von Amazon bei Eingabe der Marke 'Ortlieb' verletzt die Marke nicht ohne weiteres: Der Nutzer erkennt bei einer Plattform-Suche, dass ihm auch Alternativangebote gezeigt werden, sofern die Ergebnisse nicht als Produkte des Markeninhabers ausgegeben werden.	BGH „ORTLIEB I“ – I ZR 138/16 (2018), GRUR 2018, 924	Rechtsprechung Umkehr BGH Keyword-Advertising Online-Handel
BGH „Tork“ (I ZR 136/17, 2018) – Kernaussage?	"Wird ein mit der Marke des Originalherstellers gekennzeichneter Papierhandtuchspender mit Handtüchern eines Dritten befüllt, kann darin eine markenmäßige Benutzung (Doppelidentität) liegen, wenn der Verkehr die Nachfüllware dem Markeninhaber zuordnet. Der Lieferant der Nachfüllware, der die Spender nicht selbst befüllt, ist nicht Täter, kommt aber als Teilnehmer in Betracht; der Hinweis 'passend auch für Tork-Spender' ist an <a href=""https://www.gesetze-im-internet.de/markeng/__23.html"" target=""_blank"" rel=""noopener"" class=""lawlink"">§ 23 Nr. 3</a> zu messen.<br><br>Normen: <a href=""https://www.gesetze-im-internet.de/markeng/__14.html"" target=""_blank"" rel=""noopener"" class=""lawlink"">§ 14 Abs. 2 Nr. 1</a>, <a href=""https://www.gesetze-im-internet.de/markeng/__23.html"" target=""_blank"" rel=""noopener"" class=""lawlink"">§ 23 Abs. 1 Nr. 3 MarkenG</a><br>Fundstelle: GRUR 2019, 79"	Rechtsprechung BGH Doppelidentität Ersatzteil §_23
"Welche Entscheidung (BGH) steht für folgenden Grundsatz?<br><br>Wird ein mit der Marke des Originalherstellers gekennzeichneter Papierhandtuchspender mit Handtüchern eines Dritten befüllt, kann darin eine markenmäßige Benutzung (Doppelidentität) liegen, wenn der Verkehr die Nachfüllware dem Markeninhaber zuordnet. Der Lieferant der Nachfüllware, der die Spender nicht selbst befüllt, ist nicht Täter, kommt aber als Teilnehmer in Betracht; der Hinweis 'passend auch für Tork-Spender' ist an <a href=""https://www.gesetze-im-internet.de/markeng/__23.html"" target=""_blank"" rel=""noopener"" class=""lawlink"">§ 23 Nr. 3</a> zu messen."	BGH „Tork“ – I ZR 136/17 (2018), GRUR 2019, 79	Rechtsprechung Umkehr BGH Doppelidentität Ersatzteil §_23
EuGH „SABEL/Puma“ (C-251/95, 1997) – Kernaussage?	"Die Verwechslungsgefahr ist umfassend unter Berücksichtigung aller Umstände des Einzelfalls zu beurteilen. Maßgeblich ist der Gesamteindruck der Zeichen beim Durchschnittsverbraucher; die bloße gedankliche Verbindung genügt nicht. Je höher die Kennzeichnungskraft der älteren Marke, desto größer die Verwechslungsgefahr.<br><br>Normen: <a href=""https://www.gesetze-im-internet.de/markeng/__14.html"" target=""_blank"" rel=""noopener"" class=""lawlink"">§ 14 Abs. 2 Nr. 2</a>, <a href=""https://www.gesetze-im-internet.de/markeng/__9.html"" target=""_blank"" rel=""noopener"" class=""lawlink"">§ 9 Abs. 1 Nr. 2 MarkenG</a><br>Fundstelle: GRUR 1998, 387"	Rechtsprechung EuGH Verwechslungsgefahr
Welche Entscheidung (EuGH) steht für folgenden Grundsatz?<br><br>Die Verwechslungsgefahr ist umfassend unter Berücksichtigung aller Umstände des Einzelfalls zu beurteilen. Maßgeblich ist der Gesamteindruck der Zeichen beim Durchschnittsverbraucher; die bloße gedankliche Verbindung genügt nicht. Je höher die Kennzeichnungskraft der älteren Marke, desto größer die Verwechslungsgefahr.	EuGH „SABEL/Puma“ – C-251/95 (1997), GRUR 1998, 387	Rechtsprechung Umkehr EuGH Verwechslungsgefahr
EuGH „Canon“ (C-39/97, 1998) – Kernaussage?	"Wechselwirkungslehre: Ein geringerer Grad der Warenähnlichkeit kann durch einen höheren Grad der Zeichenähnlichkeit oder eine erhöhte Kennzeichnungskraft ausgeglichen werden und umgekehrt. Bei der Warenähnlichkeit sind Art, Verwendungszweck, Nutzung, Eigenart als konkurrierende oder ergänzende Waren zu berücksichtigen. Verwechslungsgefahr umfasst auch die Annahme wirtschaftlicher Verbindungen.<br><br>Normen: <a href=""https://www.gesetze-im-internet.de/markeng/__14.html"" target=""_blank"" rel=""noopener"" class=""lawlink"">§ 14 Abs. 2 Nr. 2</a>, <a href=""https://www.gesetze-im-internet.de/markeng/__9.html"" target=""_blank"" rel=""noopener"" class=""lawlink"">§ 9 Abs. 1 Nr. 2 MarkenG</a><br>Fundstelle: GRUR 1998, 922"	Rechtsprechung EuGH Verwechslungsgefahr Warenähnlichkeit
Welche Entscheidung (EuGH) steht für folgenden Grundsatz?<br><br>Wechselwirkungslehre: Ein geringerer Grad der Warenähnlichkeit kann durch einen höheren Grad der Zeichenähnlichkeit oder eine erhöhte Kennzeichnungskraft ausgeglichen werden und umgekehrt. Bei der Warenähnlichkeit sind Art, Verwendungszweck, Nutzung, Eigenart als konkurrierende oder ergänzende Waren zu berücksichtigen. Verwechslungsgefahr umfasst auch die Annahme wirtschaftlicher Verbindungen.	EuGH „Canon“ – C-39/97 (1998), GRUR 1998, 922	Rechtsprechung Umkehr EuGH Verwechslungsgefahr Warenähnlichkeit
EuGH „Lloyd Schuhfabrik Meyer“ (C-342/97, 1999) – Kernaussage?	"Maßstab ist der durchschnittlich informierte, aufmerksame und verständige Durchschnittsverbraucher, der die Marken selten gleichzeitig wahrnimmt und sich auf sein unvollkommenes Erinnerungsbild verlässt. Die Kennzeichnungskraft ist anhand aller Umstände (Marktanteil, Intensität, Dauer, Werbeaufwand, Bekanntheitsgrad) zu bestimmen; feste Prozentsätze gibt es nicht.<br><br>Normen: <a href=""https://www.gesetze-im-internet.de/markeng/__14.html"" target=""_blank"" rel=""noopener"" class=""lawlink"">§ 14 Abs. 2 Nr. 2 MarkenG</a><br>Fundstelle: GRUR Int. 1999, 734"	Rechtsprechung EuGH Verwechslungsgefahr Durchschnittsverbraucher
Welche Entscheidung (EuGH) steht für folgenden Grundsatz?<br><br>Maßstab ist der durchschnittlich informierte, aufmerksame und verständige Durchschnittsverbraucher, der die Marken selten gleichzeitig wahrnimmt und sich auf sein unvollkommenes Erinnerungsbild verlässt. Die Kennzeichnungskraft ist anhand aller Umstände (Marktanteil, Intensität, Dauer, Werbeaufwand, Bekanntheitsgrad) zu bestimmen; feste Prozentsätze gibt es nicht.	EuGH „Lloyd Schuhfabrik Meyer“ – C-342/97 (1999), GRUR Int. 1999, 734	Rechtsprechung Umkehr EuGH Verwechslungsgefahr Durchschnittsverbraucher
EuGH „THOMSON LIFE (Medion)“ (C-120/04, 2005) – Kernaussage?	"Verwechslungsgefahr kann auch dann bestehen, wenn eine ältere Marke ('LIFE') in ein zusammengesetztes jüngeres Zeichen ('THOMSON LIFE') übernommen wird und dort eine selbständig kennzeichnende Stellung behält, ohne den Gesamteindruck zu dominieren. Der Verkehr kann annehmen, die Waren stammten aus wirtschaftlich verbundenen Unternehmen.<br><br>Normen: <a href=""https://www.gesetze-im-internet.de/markeng/__14.html"" target=""_blank"" rel=""noopener"" class=""lawlink"">§ 14 Abs. 2 Nr. 2 MarkenG</a><br>Fundstelle: GRUR 2005, 1042"	Rechtsprechung EuGH Verwechslungsgefahr Zusammengesetzte_Zeichen
Welche Entscheidung (EuGH) steht für folgenden Grundsatz?<br><br>Verwechslungsgefahr kann auch dann bestehen, wenn eine ältere Marke ('LIFE') in ein zusammengesetztes jüngeres Zeichen ('THOMSON LIFE') übernommen wird und dort eine selbständig kennzeichnende Stellung behält, ohne den Gesamteindruck zu dominieren. Der Verkehr kann annehmen, die Waren stammten aus wirtschaftlich verbundenen Unternehmen.	EuGH „THOMSON LIFE (Medion)“ – C-120/04 (2005), GRUR 2005, 1042	Rechtsprechung Umkehr EuGH Verwechslungsgefahr Zusammengesetzte_Zeichen
BGH „Culinaria/Villa Culinaria“ (I ZR 85/11, 2012) – Kernaussage?	"Grundlegende Klärung: Bei der Verwechslungsgefahr ist zwischen der Prägung des Gesamteindrucks (Prägetheorie) und der selbständig kennzeichnenden Stellung eines Bestandteils zu unterscheiden. Eine selbständig kennzeichnende Stellung ist die Ausnahme und bedarf besonderer Umstände. Systematik der Kennzeichnungskraft: fünf Grade (sehr gering, gering, durchschnittlich, erhöht, sehr hoch).<br><br>Normen: <a href=""https://www.gesetze-im-internet.de/markeng/__14.html"" target=""_blank"" rel=""noopener"" class=""lawlink"">§ 14 Abs. 2 Nr. 2 MarkenG</a><br>Fundstelle: GRUR 2013, 833"	Rechtsprechung BGH Verwechslungsgefahr Kennzeichnungskraft
Welche Entscheidung (BGH) steht für folgenden Grundsatz?<br><br>Grundlegende Klärung: Bei der Verwechslungsgefahr ist zwischen der Prägung des Gesamteindrucks (Prägetheorie) und der selbständig kennzeichnenden Stellung eines Bestandteils zu unterscheiden. Eine selbständig kennzeichnende Stellung ist die Ausnahme und bedarf besonderer Umstände. Systematik der Kennzeichnungskraft: fünf Grade (sehr gering, gering, durchschnittlich, erhöht, sehr hoch).	BGH „Culinaria/Villa Culinaria“ – I ZR 85/11 (2012), GRUR 2013, 833	Rechtsprechung Umkehr BGH Verwechslungsgefahr Kennzeichnungskraft
BGH „INTERCONNECT/T-InterConnect“ (I ZR 132/04, 2007) – Kernaussage?	"Ein Bestandteil, der in einem zusammengesetzten Zeichen neben einem bekannten Stammbestandteil ('T-') die konkrete Dienstleistung bezeichnet, kann auch bei geringer Kennzeichnungskraft eine selbständig kennzeichnende Stellung haben und Verwechslungsgefahr im weiteren Sinne begründen.<br><br>Normen: <a href=""https://www.gesetze-im-internet.de/markeng/__14.html"" target=""_blank"" rel=""noopener"" class=""lawlink"">§ 14 Abs. 2 Nr. 2 MarkenG</a><br>Fundstelle: GRUR 2008, 258"	Rechtsprechung BGH Verwechslungsgefahr Zusammengesetzte_Zeichen
Welche Entscheidung (BGH) steht für folgenden Grundsatz?<br><br>Ein Bestandteil, der in einem zusammengesetzten Zeichen neben einem bekannten Stammbestandteil ('T-') die konkrete Dienstleistung bezeichnet, kann auch bei geringer Kennzeichnungskraft eine selbständig kennzeichnende Stellung haben und Verwechslungsgefahr im weiteren Sinne begründen.	BGH „INTERCONNECT/T-InterConnect“ – I ZR 132/04 (2007), GRUR 2008, 258	Rechtsprechung Umkehr BGH Verwechslungsgefahr Zusammengesetzte_Zeichen
BGH „METROBUS“ (I ZR 167/06, 2009) – Kernaussage?	"Keine Verwechslungsgefahr zwischen 'METRO' und 'METROBUS' für Verkehrsdienstleistungen: 'Metro' wird in 'Metrobus' als beschreibender Hinweis auf ein städtisches Verkehrsmittel verstanden und prägt das Zeichen nicht; auch keine selbständig kennzeichnende Stellung. Schutz der bekannten Marke scheitert an fehlender gedanklicher Verknüpfung.<br><br>Normen: <a href=""https://www.gesetze-im-internet.de/markeng/__14.html"" target=""_blank"" rel=""noopener"" class=""lawlink"">§ 14 Abs. 2 Nr. 2</a>, <a href=""https://www.gesetze-im-internet.de/markeng/__14.html"" target=""_blank"" rel=""noopener"" class=""lawlink"">§ 14 Abs. 2 Nr. 3</a>, <a href=""https://www.gesetze-im-internet.de/markeng/__15.html"" target=""_blank"" rel=""noopener"" class=""lawlink"">§ 15 MarkenG</a><br>Fundstelle: GRUR 2009, 484"	Rechtsprechung BGH Verwechslungsgefahr
Welche Entscheidung (BGH) steht für folgenden Grundsatz?<br><br>Keine Verwechslungsgefahr zwischen 'METRO' und 'METROBUS' für Verkehrsdienstleistungen: 'Metro' wird in 'Metrobus' als beschreibender Hinweis auf ein städtisches Verkehrsmittel verstanden und prägt das Zeichen nicht; auch keine selbständig kennzeichnende Stellung. Schutz der bekannten Marke scheitert an fehlender gedanklicher Verknüpfung.	BGH „METROBUS“ – I ZR 167/06 (2009), GRUR 2009, 484	Rechtsprechung Umkehr BGH Verwechslungsgefahr
BGH „Kinder II“ (I ZR 94/04, 2007) – Kernaussage?	"Der Wortbestandteil 'Kinder' ist für Süßwaren glatt beschreibend; er hat seine Schutzfähigkeit erst durch Verkehrsdurchsetzung erlangt und besitzt daher nur durchschnittliche, nicht gesteigerte Kennzeichnungskraft. Die durch Verkehrsdurchsetzung erworbene Kennzeichnungskraft beschränkt sich auf die konkrete durchgesetzte Form.<br><br>Normen: <a href=""https://www.gesetze-im-internet.de/markeng/__14.html"" target=""_blank"" rel=""noopener"" class=""lawlink"">§ 14 Abs. 2 Nr. 2</a>, <a href=""https://www.gesetze-im-internet.de/markeng/__8.html"" target=""_blank"" rel=""noopener"" class=""lawlink"">§ 8 Abs. 3 MarkenG</a><br>Fundstelle: GRUR 2007, 1066"	Rechtsprechung BGH Kennzeichnungskraft Verkehrsdurchsetzung
Welche Entscheidung (BGH) steht für folgenden Grundsatz?<br><br>Der Wortbestandteil 'Kinder' ist für Süßwaren glatt beschreibend; er hat seine Schutzfähigkeit erst durch Verkehrsdurchsetzung erlangt und besitzt daher nur durchschnittliche, nicht gesteigerte Kennzeichnungskraft. Die durch Verkehrsdurchsetzung erworbene Kennzeichnungskraft beschränkt sich auf die konkrete durchgesetzte Form.	BGH „Kinder II“ – I ZR 94/04 (2007), GRUR 2007, 1066	Rechtsprechung Umkehr BGH Kennzeichnungskraft Verkehrsdurchsetzung
BGH „Maalox/Melox-GRY“ (I ZB 52/09, 2011) – Kernaussage?	"Setzen sich die angesprochenen Verkehrskreise aus mehreren Gruppen (Fachkreise und Endverbraucher) zusammen, genügt für die Verwechslungsgefahr, dass sie bei einer der Gruppen besteht. Die Zeichen 'Maalox' und 'Melox-GRY' sind klanglich und schriftbildlich hinreichend verschieden.<br><br>Normen: <a href=""https://www.gesetze-im-internet.de/markeng/__9.html"" target=""_blank"" rel=""noopener"" class=""lawlink"">§ 9 Abs. 1 Nr. 2 MarkenG</a><br>Fundstelle: GRUR 2012, 64"	Rechtsprechung BGH Verwechslungsgefahr Verkehrskreise
Welche Entscheidung (BGH) steht für folgenden Grundsatz?<br><br>Setzen sich die angesprochenen Verkehrskreise aus mehreren Gruppen (Fachkreise und Endverbraucher) zusammen, genügt für die Verwechslungsgefahr, dass sie bei einer der Gruppen besteht. Die Zeichen 'Maalox' und 'Melox-GRY' sind klanglich und schriftbildlich hinreichend verschieden.	BGH „Maalox/Melox-GRY“ – I ZB 52/09 (2011), GRUR 2012, 64	Rechtsprechung Umkehr BGH Verwechslungsgefahr Verkehrskreise
BGH „Goldbären“ (I ZR 105/14, 2015) – Kernaussage?	"Beim Vergleich einer Wortmarke ('Goldbären') mit einer dreidimensionalen Produktgestaltung (Lindt-Teddy) kann Zeichenähnlichkeit nur in begrifflicher Hinsicht bestehen. Sie setzt voraus, dass die Wortmarke aus Sicht des Verkehrs die naheliegende, ungezwungene und erschöpfende Bezeichnung der Gestaltung ist – strenger Maßstab, hier verneint.<br><br>Normen: <a href=""https://www.gesetze-im-internet.de/markeng/__14.html"" target=""_blank"" rel=""noopener"" class=""lawlink"">§ 14 Abs. 2 Nr. 2</a>, <a href=""https://www.gesetze-im-internet.de/markeng/__14.html"" target=""_blank"" rel=""noopener"" class=""lawlink"">§ 14 Abs. 2 Nr. 3 MarkenG</a><br>Fundstelle: GRUR 2016, 197"	Rechtsprechung BGH Zeichenähnlichkeit Bekanntheitsschutz
Welche Entscheidung (BGH) steht für folgenden Grundsatz?<br><br>Beim Vergleich einer Wortmarke ('Goldbären') mit einer dreidimensionalen Produktgestaltung (Lindt-Teddy) kann Zeichenähnlichkeit nur in begrifflicher Hinsicht bestehen. Sie setzt voraus, dass die Wortmarke aus Sicht des Verkehrs die naheliegende, ungezwungene und erschöpfende Bezeichnung der Gestaltung ist – strenger Maßstab, hier verneint.	BGH „Goldbären“ – I ZR 105/14 (2015), GRUR 2016, 197	Rechtsprechung Umkehr BGH Zeichenähnlichkeit Bekanntheitsschutz
BGH „coccodrillo (Lacoste-Krokodil)“ (I ZB 40/03, 2005) – Kernaussage?	"Bei Bildmarken kann Verwechslungsgefahr auf einer Übereinstimmung im Bedeutungsgehalt beruhen (Krokodil), wenn die ältere Marke hohe Kennzeichnungskraft besitzt. Die gesteigerte Kennzeichnungskraft (Lacoste-Krokodil für Bekleidung) erweitert den Schutzbereich auch gegenüber unterschiedlich gestalteten Motiven.<br><br>Normen: <a href=""https://www.gesetze-im-internet.de/markeng/__9.html"" target=""_blank"" rel=""noopener"" class=""lawlink"">§ 9 Abs. 1 Nr. 2 MarkenG</a><br>Fundstelle: GRUR 2006, 60"	Rechtsprechung BGH Kennzeichnungskraft Bildmarke
Welche Entscheidung (BGH) steht für folgenden Grundsatz?<br><br>Bei Bildmarken kann Verwechslungsgefahr auf einer Übereinstimmung im Bedeutungsgehalt beruhen (Krokodil), wenn die ältere Marke hohe Kennzeichnungskraft besitzt. Die gesteigerte Kennzeichnungskraft (Lacoste-Krokodil für Bekleidung) erweitert den Schutzbereich auch gegenüber unterschiedlich gestalteten Motiven.	BGH „coccodrillo (Lacoste-Krokodil)“ – I ZB 40/03 (2005), GRUR 2006, 60	Rechtsprechung Umkehr BGH Kennzeichnungskraft Bildmarke
BGH „Mustang“ (I ZR 204/01, 2004) – Kernaussage?	"Wird eine ältere Marke ('MUSTANG') als Bestandteil in ein zusammengesetztes Zeichen ('Sixtyseven by Mustang') übernommen, kann sie dort eine selbständig kennzeichnende Stellung behalten, ohne den Gesamteindruck zu prägen. Eine Verwechslungsgefahr im weiteren Sinne (Annahme wirtschaftlicher Verbindungen) kommt in Betracht, wenn das ältere Zeichen zugleich Unternehmenskennzeichen ist; sie bleibt die Ausnahme.<br><br>Normen: <a href=""https://www.gesetze-im-internet.de/markeng/__14.html"" target=""_blank"" rel=""noopener"" class=""lawlink"">§ 14 Abs. 2 Nr. 2</a>, <a href=""https://www.gesetze-im-internet.de/markeng/__15.html"" target=""_blank"" rel=""noopener"" class=""lawlink"">§ 15 MarkenG</a><br>Fundstelle: GRUR 2004, 865"	Rechtsprechung BGH Verwechslungsgefahr
Welche Entscheidung (BGH) steht für folgenden Grundsatz?<br><br>Wird eine ältere Marke ('MUSTANG') als Bestandteil in ein zusammengesetztes Zeichen ('Sixtyseven by Mustang') übernommen, kann sie dort eine selbständig kennzeichnende Stellung behalten, ohne den Gesamteindruck zu prägen. Eine Verwechslungsgefahr im weiteren Sinne (Annahme wirtschaftlicher Verbindungen) kommt in Betracht, wenn das ältere Zeichen zugleich Unternehmenskennzeichen ist; sie bleibt die Ausnahme.	BGH „Mustang“ – I ZR 204/01 (2004), GRUR 2004, 865	Rechtsprechung Umkehr BGH Verwechslungsgefahr
BGH „Springende Raubkatze“ (I ZB 22/93, 1995) – Kernaussage?	"Grundentscheidung zur Prägetheorie: Bei mehrgliedrigen Zeichen ist auf den Gesamteindruck abzustellen; ein einzelner Bestandteil kann den Gesamteindruck aber prägen, wenn die übrigen Bestandteile für den Verkehr in den Hintergrund treten. Ein rein beschreibender Bestandteil prägt nicht.<br><br>Normen: <a href=""https://www.gesetze-im-internet.de/markeng/__9.html"" target=""_blank"" rel=""noopener"" class=""lawlink"">§ 9 Abs. 1 Nr. 2 MarkenG</a><br>Fundstelle: GRUR 1996, 198"	Rechtsprechung BGH Prägetheorie
Welche Entscheidung (BGH) steht für folgenden Grundsatz?<br><br>Grundentscheidung zur Prägetheorie: Bei mehrgliedrigen Zeichen ist auf den Gesamteindruck abzustellen; ein einzelner Bestandteil kann den Gesamteindruck aber prägen, wenn die übrigen Bestandteile für den Verkehr in den Hintergrund treten. Ein rein beschreibender Bestandteil prägt nicht.	BGH „Springende Raubkatze“ – I ZB 22/93 (1995), GRUR 1996, 198	Rechtsprechung Umkehr BGH Prägetheorie
BGH „DESPERADOS/DESPERADO“ (I ZB 63/12, 2013) – Kernaussage?	"Zur Warenähnlichkeit (Bier vs. Spirituosen/alkoholfreie Getränke): Maßgeblich sind Herstellungsstätten, Vertriebswege, stoffliche Beschaffenheit, Verwendungszweck sowie ob die Waren einander ergänzen oder miteinander konkurrieren; die Verkehrsauffassung über eine gemeinsame betriebliche Herkunft ist entscheidend.<br><br>Normen: <a href=""https://www.gesetze-im-internet.de/markeng/__9.html"" target=""_blank"" rel=""noopener"" class=""lawlink"">§ 9 Abs. 1 Nr. 2 MarkenG</a><br>Fundstelle: GRUR 2014, 488"	Rechtsprechung BGH Warenähnlichkeit
Welche Entscheidung (BGH) steht für folgenden Grundsatz?<br><br>Zur Warenähnlichkeit (Bier vs. Spirituosen/alkoholfreie Getränke): Maßgeblich sind Herstellungsstätten, Vertriebswege, stoffliche Beschaffenheit, Verwendungszweck sowie ob die Waren einander ergänzen oder miteinander konkurrieren; die Verkehrsauffassung über eine gemeinsame betriebliche Herkunft ist entscheidend.	BGH „DESPERADOS/DESPERADO“ – I ZB 63/12 (2013), GRUR 2014, 488	Rechtsprechung Umkehr BGH Warenähnlichkeit
BGH „Bogner B/Barbie B“ (I ZR 50/11, 2012) – Kernaussage?	"Einzelbuchstabenmarken haben originär durchschnittliche Kennzeichnungskraft, sofern kein beschreibender Bezug besteht. Bei der Zeichenähnlichkeit zweier Buchstabenmarken kommt es maßgeblich auf die graphische Gestaltung an.<br><br>Normen: <a href=""https://www.gesetze-im-internet.de/markeng/__14.html"" target=""_blank"" rel=""noopener"" class=""lawlink"">§ 14 Abs. 2 Nr. 2 MarkenG</a><br>Fundstelle: GRUR 2012, 930"	Rechtsprechung BGH Kennzeichnungskraft Buchstabenmarke
Welche Entscheidung (BGH) steht für folgenden Grundsatz?<br><br>Einzelbuchstabenmarken haben originär durchschnittliche Kennzeichnungskraft, sofern kein beschreibender Bezug besteht. Bei der Zeichenähnlichkeit zweier Buchstabenmarken kommt es maßgeblich auf die graphische Gestaltung an.	BGH „Bogner B/Barbie B“ – I ZR 50/11 (2012), GRUR 2012, 930	Rechtsprechung Umkehr BGH Kennzeichnungskraft Buchstabenmarke
BGH „IPS/ISP“ (I ZR 161/13, 2015) – Kernaussage?	"Die Ähnlichkeit von Buchstabenfolgen ist nach Klang, Schriftbild und Sinngehalt zu beurteilen; eine Übereinstimmung in nur einer Hinsicht kann Verwechslungsgefahr begründen. Kennzeichnungsschwäche einer Buchstabenfolge wegen beschreibender Anklänge ist zu berücksichtigen.<br><br>Normen: <a href=""https://www.gesetze-im-internet.de/markeng/__14.html"" target=""_blank"" rel=""noopener"" class=""lawlink"">§ 14 Abs. 2 Nr. 2 MarkenG</a><br>Fundstelle: GRUR 2015, 1004"	Rechtsprechung BGH Zeichenähnlichkeit
Welche Entscheidung (BGH) steht für folgenden Grundsatz?<br><br>Die Ähnlichkeit von Buchstabenfolgen ist nach Klang, Schriftbild und Sinngehalt zu beurteilen; eine Übereinstimmung in nur einer Hinsicht kann Verwechslungsgefahr begründen. Kennzeichnungsschwäche einer Buchstabenfolge wegen beschreibender Anklänge ist zu berücksichtigen.	BGH „IPS/ISP“ – I ZR 161/13 (2015), GRUR 2015, 1004	Rechtsprechung Umkehr BGH Zeichenähnlichkeit
EuGH „General Motors/Yplon (Chevy)“ (C-375/97, 1999) – Kernaussage?	"Eine Marke ist bekannt, wenn sie einem bedeutenden Teil des Publikums bekannt ist, das von den durch die Marke erfassten Waren oder Dienstleistungen betroffen ist. Feste Prozentsätze gibt es nicht; zu berücksichtigen sind Marktanteil, Intensität, geographische Ausdehnung, Dauer der Benutzung und Werbeaufwand. Bekanntheit in einem wesentlichen Teil des Gebiets genügt.<br><br>Normen: <a href=""https://www.gesetze-im-internet.de/markeng/__14.html"" target=""_blank"" rel=""noopener"" class=""lawlink"">§ 14 Abs. 2 Nr. 3 MarkenG</a><br>Fundstelle: GRUR Int. 2000, 73"	Rechtsprechung EuGH Bekanntheitsschutz
Welche Entscheidung (EuGH) steht für folgenden Grundsatz?<br><br>Eine Marke ist bekannt, wenn sie einem bedeutenden Teil des Publikums bekannt ist, das von den durch die Marke erfassten Waren oder Dienstleistungen betroffen ist. Feste Prozentsätze gibt es nicht; zu berücksichtigen sind Marktanteil, Intensität, geographische Ausdehnung, Dauer der Benutzung und Werbeaufwand. Bekanntheit in einem wesentlichen Teil des Gebiets genügt.	EuGH „General Motors/Yplon (Chevy)“ – C-375/97 (1999), GRUR Int. 2000, 73	Rechtsprechung Umkehr EuGH Bekanntheitsschutz
EuGH „Intel/CPM (INTELMARK)“ (C-252/07, 2008) – Kernaussage?	"Die gedankliche Verknüpfung zwischen den Zeichen ist notwendige, aber nicht hinreichende Voraussetzung des Bekanntheitsschutzes. Eine Beeinträchtigung der Unterscheidungskraft (Verwässerung) erfordert den Nachweis einer Änderung des wirtschaftlichen Verhaltens des Durchschnittsverbrauchers oder die ernsthafte Gefahr einer solchen Änderung.<br><br>Normen: <a href=""https://www.gesetze-im-internet.de/markeng/__14.html"" target=""_blank"" rel=""noopener"" class=""lawlink"">§ 14 Abs. 2 Nr. 3 MarkenG</a><br>Fundstelle: GRUR 2009, 56"	Rechtsprechung EuGH Bekanntheitsschutz Verwässerung
Welche Entscheidung (EuGH) steht für folgenden Grundsatz?<br><br>Die gedankliche Verknüpfung zwischen den Zeichen ist notwendige, aber nicht hinreichende Voraussetzung des Bekanntheitsschutzes. Eine Beeinträchtigung der Unterscheidungskraft (Verwässerung) erfordert den Nachweis einer Änderung des wirtschaftlichen Verhaltens des Durchschnittsverbrauchers oder die ernsthafte Gefahr einer solchen Änderung.	EuGH „Intel/CPM (INTELMARK)“ – C-252/07 (2008), GRUR 2009, 56	Rechtsprechung Umkehr EuGH Bekanntheitsschutz Verwässerung
BGH „Lila-Postkarte“ (I ZR 159/02, 2005) – Kernaussage?	"Die Verwendung der bekannten Milka-Marken (Farbe Lila, 'Milka') auf einer satirischen Postkarte ist markenmäßige Benutzung. Die Ausnutzung der Unterscheidungskraft/Wertschätzung ist aber nicht 'ohne rechtfertigenden Grund in unlauterer Weise' erfolgt, wenn die Kunstfreiheit (<a href=""https://www.gesetze-im-internet.de/gg/art_5.html"" target=""_blank"" rel=""noopener"" class=""lawlink"">Art. 5 Abs. 3 GG</a>) überwiegt und die Marke nicht herabgesetzt wird.<br><br>Normen: <a href=""https://www.gesetze-im-internet.de/markeng/__14.html"" target=""_blank"" rel=""noopener"" class=""lawlink"">§ 14 Abs. 2 Nr. 3 MarkenG</a><br>Fundstelle: GRUR 2005, 583"	Rechtsprechung BGH Bekanntheitsschutz Kunstfreiheit
"Welche Entscheidung (BGH) steht für folgenden Grundsatz?<br><br>Die Verwendung der bekannten Milka-Marken (Farbe Lila, 'Milka') auf einer satirischen Postkarte ist markenmäßige Benutzung. Die Ausnutzung der Unterscheidungskraft/Wertschätzung ist aber nicht 'ohne rechtfertigenden Grund in unlauterer Weise' erfolgt, wenn die Kunstfreiheit (<a href=""https://www.gesetze-im-internet.de/gg/art_5.html"" target=""_blank"" rel=""noopener"" class=""lawlink"">Art. 5 Abs. 3 GG</a>) überwiegt und die Marke nicht herabgesetzt wird."	BGH „Lila-Postkarte“ – I ZR 159/02 (2005), GRUR 2005, 583	Rechtsprechung Umkehr BGH Bekanntheitsschutz Kunstfreiheit
BGH „Springender Pudel“ (I ZR 59/13, 2015) – Kernaussage?	"Die Parodie einer bekannten Marke (springender Pudel statt Puma-Raubkatze) nutzt deren Unterscheidungskraft in unlauterer Weise aus, wenn der Verkehr die Zeichen gedanklich verknüpft und der Parodist von der Aufmerksamkeit der bekannten Marke profitiert. Kunst- und Meinungsfreiheit rechtfertigen nicht die Eintragung als eigene Marke; der Inhaber der bekannten Marke kann die Löschung verlangen.<br><br>Normen: <a href=""https://www.gesetze-im-internet.de/markeng/__14.html"" target=""_blank"" rel=""noopener"" class=""lawlink"">§ 14 Abs. 2 Nr. 3</a>, <a href=""https://www.gesetze-im-internet.de/markeng/__51.html"" target=""_blank"" rel=""noopener"" class=""lawlink"">§ 51</a>, <a href=""https://www.gesetze-im-internet.de/markeng/__9.html"" target=""_blank"" rel=""noopener"" class=""lawlink"">§ 9 Abs. 1 Nr. 3 MarkenG</a><br>Fundstelle: GRUR 2015, 1114"	Rechtsprechung BGH Bekanntheitsschutz Markenparodie
Welche Entscheidung (BGH) steht für folgenden Grundsatz?<br><br>Die Parodie einer bekannten Marke (springender Pudel statt Puma-Raubkatze) nutzt deren Unterscheidungskraft in unlauterer Weise aus, wenn der Verkehr die Zeichen gedanklich verknüpft und der Parodist von der Aufmerksamkeit der bekannten Marke profitiert. Kunst- und Meinungsfreiheit rechtfertigen nicht die Eintragung als eigene Marke; der Inhaber der bekannten Marke kann die Löschung verlangen.	BGH „Springender Pudel“ – I ZR 59/13 (2015), GRUR 2015, 1114	Rechtsprechung Umkehr BGH Bekanntheitsschutz Markenparodie
BGH „OTTO Cap“ (I ZR 49/12, 2013) – Kernaussage?	"Der Bekanntheitsschutz gilt auch bei Waren-/Dienstleistungsidentität oder -ähnlichkeit (richtlinienkonforme Auslegung). Unlautere Ausnutzung der Unterscheidungskraft ('OTTO' für Caps): Der Verkehr verknüpft die Zeichen gedanklich; der Versandhändler kann die Verwendung für Bekleidung verbieten, auch ohne Verwechslungsgefahr.<br><br>Normen: <a href=""https://www.gesetze-im-internet.de/markeng/__14.html"" target=""_blank"" rel=""noopener"" class=""lawlink"">§ 14 Abs. 2 Nr. 2</a>, <a href=""https://www.gesetze-im-internet.de/markeng/__14.html"" target=""_blank"" rel=""noopener"" class=""lawlink"">§ 14 Abs. 2 Nr. 3 MarkenG</a><br>Fundstelle: GRUR 2014, 378"	Rechtsprechung BGH Bekanntheitsschutz
Welche Entscheidung (BGH) steht für folgenden Grundsatz?<br><br>Der Bekanntheitsschutz gilt auch bei Waren-/Dienstleistungsidentität oder -ähnlichkeit (richtlinienkonforme Auslegung). Unlautere Ausnutzung der Unterscheidungskraft ('OTTO' für Caps): Der Verkehr verknüpft die Zeichen gedanklich; der Versandhändler kann die Verwendung für Bekleidung verbieten, auch ohne Verwechslungsgefahr.	BGH „OTTO Cap“ – I ZR 49/12 (2013), GRUR 2014, 378	Rechtsprechung Umkehr BGH Bekanntheitsschutz
BGH „ÖKO-TEST II“ (I ZR 117/17, 2019) – Kernaussage?	"Die Verwendung des bekannten ÖKO-TEST-Siegels in der Produktwerbung ohne Lizenz nutzt die Wertschätzung der bekannten Marke unlauter aus, auch wenn das Testsiegel für Dienstleistungen (Verbraucherinformation) und nicht für die beworbenen Waren eingetragen ist (im Anschluss an EuGH C-690/17).<br><br>Normen: <a href=""https://www.gesetze-im-internet.de/markeng/__14.html"" target=""_blank"" rel=""noopener"" class=""lawlink"">§ 14 Abs. 2 Nr. 3 MarkenG</a><br>Fundstelle: GRUR 2020, 405"	Rechtsprechung BGH Bekanntheitsschutz Testsiegel
Welche Entscheidung (BGH) steht für folgenden Grundsatz?<br><br>Die Verwendung des bekannten ÖKO-TEST-Siegels in der Produktwerbung ohne Lizenz nutzt die Wertschätzung der bekannten Marke unlauter aus, auch wenn das Testsiegel für Dienstleistungen (Verbraucherinformation) und nicht für die beworbenen Waren eingetragen ist (im Anschluss an EuGH C-690/17).	BGH „ÖKO-TEST II“ – I ZR 117/17 (2019), GRUR 2020, 405	Rechtsprechung Umkehr BGH Bekanntheitsschutz Testsiegel
BGH „VOLKSWAGEN/Volks.Inspektion“ (I ZR 214/11, 2013) – Kernaussage?	"Zur Beeinträchtigung/Ausnutzung der bekannten Marke VOLKSWAGEN durch 'Volks.Inspektion' u.a. (ATU): Verwechslungsgefahr wurde verneint; für den Bekanntheitsschutz genügt die gedankliche Verknüpfung, die bei Übernahme des charakteristischen Bestandteils 'Volks' in Verbindung mit Kfz-Dienstleistungen naheliegt – Zurückverweisung.<br><br>Normen: <a href=""https://www.gesetze-im-internet.de/markeng/__14.html"" target=""_blank"" rel=""noopener"" class=""lawlink"">§ 14 Abs. 2 Nr. 2</a>, <a href=""https://www.gesetze-im-internet.de/markeng/__14.html"" target=""_blank"" rel=""noopener"" class=""lawlink"">§ 14 Abs. 2 Nr. 3 MarkenG</a><br>Fundstelle: GRUR 2013, 1239"	Rechtsprechung BGH Bekanntheitsschutz
Welche Entscheidung (BGH) steht für folgenden Grundsatz?<br><br>Zur Beeinträchtigung/Ausnutzung der bekannten Marke VOLKSWAGEN durch 'Volks.Inspektion' u.a. (ATU): Verwechslungsgefahr wurde verneint; für den Bekanntheitsschutz genügt die gedankliche Verknüpfung, die bei Übernahme des charakteristischen Bestandteils 'Volks' in Verbindung mit Kfz-Dienstleistungen naheliegt – Zurückverweisung.	BGH „VOLKSWAGEN/Volks.Inspektion“ – I ZR 214/11 (2013), GRUR 2013, 1239	Rechtsprechung Umkehr BGH Bekanntheitsschutz
BGH „TÜV II“ (I ZR 108/09, 2011) – Kernaussage?	"Die Verwendung der bekannten Marke 'TÜV' durch einen Wettbewerber ('TÜV-Service' ohne Berechtigung) nutzt die Unterscheidungskraft und Wertschätzung in unlauterer Weise aus; eine Rechtfertigung als beschreibende Angabe (<a href=""https://www.gesetze-im-internet.de/markeng/__23.html"" target=""_blank"" rel=""noopener"" class=""lawlink"">§ 23 Nr. 2</a>) scheidet aus, wenn 'TÜV' nicht generisch für Prüfdienstleistungen geworden ist.<br><br>Normen: <a href=""https://www.gesetze-im-internet.de/markeng/__14.html"" target=""_blank"" rel=""noopener"" class=""lawlink"">§ 14 Abs. 2 Nr. 3</a>, <a href=""https://www.gesetze-im-internet.de/markeng/__23.html"" target=""_blank"" rel=""noopener"" class=""lawlink"">§ 23 MarkenG</a><br>Fundstelle: GRUR 2011, 1043"	Rechtsprechung BGH Bekanntheitsschutz
"Welche Entscheidung (BGH) steht für folgenden Grundsatz?<br><br>Die Verwendung der bekannten Marke 'TÜV' durch einen Wettbewerber ('TÜV-Service' ohne Berechtigung) nutzt die Unterscheidungskraft und Wertschätzung in unlauterer Weise aus; eine Rechtfertigung als beschreibende Angabe (<a href=""https://www.gesetze-im-internet.de/markeng/__23.html"" target=""_blank"" rel=""noopener"" class=""lawlink"">§ 23 Nr. 2</a>) scheidet aus, wenn 'TÜV' nicht generisch für Prüfdienstleistungen geworden ist."	BGH „TÜV II“ – I ZR 108/09 (2011), GRUR 2011, 1043	Rechtsprechung Umkehr BGH Bekanntheitsschutz
EuGH „Gillette/LA-Laboratories“ (C-228/03, 2005) – Kernaussage?	"Die Benutzung einer fremden Marke als Bestimmungshinweis (Rasierklingen 'passend für Gillette Sensor') ist notwendig, wenn sie praktisch das einzige Mittel ist, dem Publikum eine verständliche und vollständige Information über die Bestimmung zu geben. Sie muss den anständigen Gepflogenheiten entsprechen: keine Verbindung suggerieren, Wertschätzung nicht unlauter ausnutzen, Marke nicht herabsetzen, kein Imitat.<br><br>Normen: <a href=""https://www.gesetze-im-internet.de/markeng/__23.html"" target=""_blank"" rel=""noopener"" class=""lawlink"">§ 23 Abs. 1 Nr. 3 MarkenG</a><br>Fundstelle: GRUR 2005, 509"	Rechtsprechung EuGH §_23 Ersatzteil
Welche Entscheidung (EuGH) steht für folgenden Grundsatz?<br><br>Die Benutzung einer fremden Marke als Bestimmungshinweis (Rasierklingen 'passend für Gillette Sensor') ist notwendig, wenn sie praktisch das einzige Mittel ist, dem Publikum eine verständliche und vollständige Information über die Bestimmung zu geben. Sie muss den anständigen Gepflogenheiten entsprechen: keine Verbindung suggerieren, Wertschätzung nicht unlauter ausnutzen, Marke nicht herabsetzen, kein Imitat.	EuGH „Gillette/LA-Laboratories“ – C-228/03 (2005), GRUR 2005, 509	Rechtsprechung Umkehr EuGH §_23 Ersatzteil
BGH „Staubsaugerfiltertüten“ (I ZR 34/02, 2005) – Kernaussage?	"Die Angabe 'Filtertüte passend für Vorwerk Kobold 130' ist als notwendiger Bestimmungshinweis zulässig, wenn der Zusatz 'passend für' deutlich hervorgehoben ist und die eigene Marke des Anbieters im Vordergrund steht, so dass keine Verbindung zum Markeninhaber suggeriert wird.<br><br>Normen: <a href=""https://www.gesetze-im-internet.de/markeng/__23.html"" target=""_blank"" rel=""noopener"" class=""lawlink"">§ 23 Abs. 1 Nr. 3 MarkenG</a><br>Fundstelle: GRUR 2005, 423"	Rechtsprechung BGH §_23 Ersatzteil
Welche Entscheidung (BGH) steht für folgenden Grundsatz?<br><br>Die Angabe 'Filtertüte passend für Vorwerk Kobold 130' ist als notwendiger Bestimmungshinweis zulässig, wenn der Zusatz 'passend für' deutlich hervorgehoben ist und die eigene Marke des Anbieters im Vordergrund steht, so dass keine Verbindung zum Markeninhaber suggeriert wird.	BGH „Staubsaugerfiltertüten“ – I ZR 34/02 (2005), GRUR 2005, 423	Rechtsprechung Umkehr BGH §_23 Ersatzteil
BGH „Kühlergrill“ (I ZR 61/18, 2019) – Kernaussage?	"Ein Kühlergrill mit einer Aufnahme, die die Form des Audi-Emblems (Ringe) hat, benutzt die Marke markenmäßig. Die Schranke des <a href=""https://www.gesetze-im-internet.de/markeng/__23.html"" target=""_blank"" rel=""noopener"" class=""lawlink"">§ 23 Nr. 3</a> greift nicht, weil die Nachbildung des Emblems zur Angabe der Bestimmung als Ersatzteil nicht notwendig ist – eine neutrale Halterung genügt.<br><br>Normen: <a href=""https://www.gesetze-im-internet.de/markeng/__14.html"" target=""_blank"" rel=""noopener"" class=""lawlink"">§ 14 Abs. 2 Nr. 1</a>, <a href=""https://www.gesetze-im-internet.de/markeng/__23.html"" target=""_blank"" rel=""noopener"" class=""lawlink"">§ 23 Abs. 1 Nr. 3 MarkenG</a><br>Fundstelle: GRUR 2019, 953"	Rechtsprechung BGH §_23 Ersatzteil
"Welche Entscheidung (BGH) steht für folgenden Grundsatz?<br><br>Ein Kühlergrill mit einer Aufnahme, die die Form des Audi-Emblems (Ringe) hat, benutzt die Marke markenmäßig. Die Schranke des <a href=""https://www.gesetze-im-internet.de/markeng/__23.html"" target=""_blank"" rel=""noopener"" class=""lawlink"">§ 23 Nr. 3</a> greift nicht, weil die Nachbildung des Emblems zur Angabe der Bestimmung als Ersatzteil nicht notwendig ist – eine neutrale Halterung genügt."	BGH „Kühlergrill“ – I ZR 61/18 (2019), GRUR 2019, 953	Rechtsprechung Umkehr BGH §_23 Ersatzteil
BGH „GROSSE INSPEKTION FÜR ALLE“ (I ZR 33/10, 2011) – Kernaussage?	"Die Verwendung der Wort-Bild-Marke (VW-Logo) einer Kfz-Werkstatt in der Werbung für Inspektionen ist nicht nach <a href=""https://www.gesetze-im-internet.de/markeng/__23.html"" target=""_blank"" rel=""noopener"" class=""lawlink"">§ 23 Nr. 3</a> gerechtfertigt, wenn die Angabe der Bestimmung auch durch die Wortmarke 'VW' möglich wäre; die Verwendung des Bildzeichens ist nicht notwendig und verstößt gegen die anständigen Gepflogenheiten.<br><br>Normen: <a href=""https://www.gesetze-im-internet.de/markeng/__14.html"" target=""_blank"" rel=""noopener"" class=""lawlink"">§ 14 Abs. 2 Nr. 1</a>, <a href=""https://www.gesetze-im-internet.de/markeng/__23.html"" target=""_blank"" rel=""noopener"" class=""lawlink"">§ 23 Abs. 1 Nr. 3 MarkenG</a><br>Fundstelle: GRUR 2011, 1135"	Rechtsprechung BGH §_23
"Welche Entscheidung (BGH) steht für folgenden Grundsatz?<br><br>Die Verwendung der Wort-Bild-Marke (VW-Logo) einer Kfz-Werkstatt in der Werbung für Inspektionen ist nicht nach <a href=""https://www.gesetze-im-internet.de/markeng/__23.html"" target=""_blank"" rel=""noopener"" class=""lawlink"">§ 23 Nr. 3</a> gerechtfertigt, wenn die Angabe der Bestimmung auch durch die Wortmarke 'VW' möglich wäre; die Verwendung des Bildzeichens ist nicht notwendig und verstößt gegen die anständigen Gepflogenheiten."	BGH „GROSSE INSPEKTION FÜR ALLE“ – I ZR 33/10 (2011), GRUR 2011, 1135	Rechtsprechung Umkehr BGH §_23
EuGH „Bristol-Myers Squibb/Paranova“ (C-427/93 u.a., 1996) – Kernaussage?	"Der Markeninhaber kann sich dem Vertrieb umgepackter Arzneimittel (Parallelimport) nicht widersetzen, wenn (1) das Umpacken zur Vermarktung im Einfuhrstaat erforderlich ist, (2) der Originalzustand nicht beeinträchtigt wird, (3) Umpacker und Hersteller angegeben sind, (4) die Aufmachung den Ruf nicht schädigt und (5) der Inhaber vorab unterrichtet wird (BMS-Kriterien).<br><br>Normen: <a href=""https://www.gesetze-im-internet.de/markeng/__24.html"" target=""_blank"" rel=""noopener"" class=""lawlink"">§ 24 Abs. 2 MarkenG</a><br>Fundstelle: GRUR Int. 1996, 1144"	Rechtsprechung EuGH Erschöpfung Parallelimport
Welche Entscheidung (EuGH) steht für folgenden Grundsatz?<br><br>Der Markeninhaber kann sich dem Vertrieb umgepackter Arzneimittel (Parallelimport) nicht widersetzen, wenn (1) das Umpacken zur Vermarktung im Einfuhrstaat erforderlich ist, (2) der Originalzustand nicht beeinträchtigt wird, (3) Umpacker und Hersteller angegeben sind, (4) die Aufmachung den Ruf nicht schädigt und (5) der Inhaber vorab unterrichtet wird (BMS-Kriterien).	EuGH „Bristol-Myers Squibb/Paranova“ – C-427/93 u.a. (1996), GRUR Int. 1996, 1144	Rechtsprechung Umkehr EuGH Erschöpfung Parallelimport
EuGH „Van Doren + Q. (stüssy)“ (C-244/00, 2003) – Kernaussage?	"Grundsätzlich trägt der Dritte, der sich auf Erschöpfung beruft, die Beweislast für das Inverkehrbringen im EWR mit Zustimmung des Inhabers. Bei einem ausschließlichen Vertriebssystem und tatsächlicher Gefahr der Marktabschottung muss jedoch der Markeninhaber beweisen, dass die Ware außerhalb des EWR in Verkehr gebracht wurde.<br><br>Normen: <a href=""https://www.gesetze-im-internet.de/markeng/__24.html"" target=""_blank"" rel=""noopener"" class=""lawlink"">§ 24 Abs. 1 MarkenG</a><br>Fundstelle: GRUR 2003, 512"	Rechtsprechung EuGH Erschöpfung Beweislast
Welche Entscheidung (EuGH) steht für folgenden Grundsatz?<br><br>Grundsätzlich trägt der Dritte, der sich auf Erschöpfung beruft, die Beweislast für das Inverkehrbringen im EWR mit Zustimmung des Inhabers. Bei einem ausschließlichen Vertriebssystem und tatsächlicher Gefahr der Marktabschottung muss jedoch der Markeninhaber beweisen, dass die Ware außerhalb des EWR in Verkehr gebracht wurde.	EuGH „Van Doren + Q. (stüssy)“ – C-244/00 (2003), GRUR 2003, 512	Rechtsprechung Umkehr EuGH Erschöpfung Beweislast
BGH „stüssy II“ (I ZR 193/97, 2003) – Kernaussage?	"Umsetzung von Van Doren: Der Beklagte trägt grundsätzlich die Beweislast für die Erschöpfung; eine Beweislastumkehr zugunsten des Beklagten tritt ein, wenn der Markeninhaber ein ausschließliches Vertriebssystem betreibt und bei Offenlegung der Bezugsquelle Marktabschottung droht.<br><br>Normen: <a href=""https://www.gesetze-im-internet.de/markeng/__24.html"" target=""_blank"" rel=""noopener"" class=""lawlink"">§ 24 Abs. 1 MarkenG</a><br>Fundstelle: GRUR 2004, 156"	Rechtsprechung BGH Erschöpfung Beweislast
Welche Entscheidung (BGH) steht für folgenden Grundsatz?<br><br>Umsetzung von Van Doren: Der Beklagte trägt grundsätzlich die Beweislast für die Erschöpfung; eine Beweislastumkehr zugunsten des Beklagten tritt ein, wenn der Markeninhaber ein ausschließliches Vertriebssystem betreibt und bei Offenlegung der Bezugsquelle Marktabschottung droht.	BGH „stüssy II“ – I ZR 193/97 (2003), GRUR 2004, 156	Rechtsprechung Umkehr BGH Erschöpfung Beweislast
BGH „Converse I“ (I ZR 52/10, 2012) – Kernaussage?	"Behauptet der Beklagte, es handle sich um Originalware, für die Erschöpfung eingetreten sei, und bestreitet der Markeninhaber die Echtheit, trägt der Beklagte die Beweislast für die Echtheit und das Inverkehrbringen im EWR, sofern keine Gefahr der Marktabschottung besteht.<br><br>Normen: <a href=""https://www.gesetze-im-internet.de/markeng/__24.html"" target=""_blank"" rel=""noopener"" class=""lawlink"">§ 24 Abs. 1 MarkenG</a><br>Fundstelle: GRUR 2012, 626"	Rechtsprechung BGH Erschöpfung Beweislast
Welche Entscheidung (BGH) steht für folgenden Grundsatz?<br><br>Behauptet der Beklagte, es handle sich um Originalware, für die Erschöpfung eingetreten sei, und bestreitet der Markeninhaber die Echtheit, trägt der Beklagte die Beweislast für die Echtheit und das Inverkehrbringen im EWR, sofern keine Gefahr der Marktabschottung besteht.	BGH „Converse I“ – I ZR 52/10 (2012), GRUR 2012, 626	Rechtsprechung Umkehr BGH Erschöpfung Beweislast
BGH „Converse II“ (I ZR 137/10, 2012) – Kernaussage?	"Stammt die Ware von einem ehemaligen Lizenznehmer des Markeninhabers im EWR, gilt: Das Inverkehrbringen durch einen Lizenznehmer unter Verstoß gegen den Lizenzvertrag (<a href=""https://www.gesetze-im-internet.de/markeng/__30.html"" target=""_blank"" rel=""noopener"" class=""lawlink"">§ 30 Abs. 2</a>) erfolgt ohne Zustimmung; Erschöpfung tritt nicht ein. Keine Beweislastumkehr ohne Marktabschottungsgefahr.<br><br>Normen: <a href=""https://www.gesetze-im-internet.de/markeng/__24.html"" target=""_blank"" rel=""noopener"" class=""lawlink"">§ 24 Abs. 1 MarkenG</a><br>Fundstelle: GRUR 2012, 630"	Rechtsprechung BGH Erschöpfung Lizenz
"Welche Entscheidung (BGH) steht für folgenden Grundsatz?<br><br>Stammt die Ware von einem ehemaligen Lizenznehmer des Markeninhabers im EWR, gilt: Das Inverkehrbringen durch einen Lizenznehmer unter Verstoß gegen den Lizenzvertrag (<a href=""https://www.gesetze-im-internet.de/markeng/__30.html"" target=""_blank"" rel=""noopener"" class=""lawlink"">§ 30 Abs. 2</a>) erfolgt ohne Zustimmung; Erschöpfung tritt nicht ein. Keine Beweislastumkehr ohne Marktabschottungsgefahr."	BGH „Converse II“ – I ZR 137/10 (2012), GRUR 2012, 630	Rechtsprechung Umkehr BGH Erschöpfung Lizenz
EuGH „Parfums Christian Dior/Evora“ (C-337/95, 1997) – Kernaussage?	"Nach Erschöpfung darf der Wiederverkäufer die Marke auch in seiner Werbung benutzen. Ein berechtigter Grund i.S.d. <a href=""https://www.gesetze-im-internet.de/markeng/__24.html"" target=""_blank"" rel=""noopener"" class=""lawlink"">§ 24 Abs. 2</a> liegt nur vor, wenn die Werbung den Ruf der Marke (Luxusimage) erheblich schädigt – Abwägung zwischen dem berechtigten Interesse des Inhabers und dem Interesse des Händlers an branchenüblicher Werbung.<br><br>Normen: <a href=""https://www.gesetze-im-internet.de/markeng/__24.html"" target=""_blank"" rel=""noopener"" class=""lawlink"">§ 24 Abs. 2 MarkenG</a><br>Fundstelle: GRUR Int. 1998, 140"	Rechtsprechung EuGH Erschöpfung Werbung
"Welche Entscheidung (EuGH) steht für folgenden Grundsatz?<br><br>Nach Erschöpfung darf der Wiederverkäufer die Marke auch in seiner Werbung benutzen. Ein berechtigter Grund i.S.d. <a href=""https://www.gesetze-im-internet.de/markeng/__24.html"" target=""_blank"" rel=""noopener"" class=""lawlink"">§ 24 Abs. 2</a> liegt nur vor, wenn die Werbung den Ruf der Marke (Luxusimage) erheblich schädigt – Abwägung zwischen dem berechtigten Interesse des Inhabers und dem Interesse des Händlers an branchenüblicher Werbung."	EuGH „Parfums Christian Dior/Evora“ – C-337/95 (1997), GRUR Int. 1998, 140	Rechtsprechung Umkehr EuGH Erschöpfung Werbung
EuGH „Ansul/Ajax“ (C-40/01, 2003) – Kernaussage?	"Ernsthafte Benutzung liegt vor, wenn die Marke entsprechend ihrer Hauptfunktion benutzt wird, um für die Waren einen Absatzmarkt zu erschließen oder zu sichern; rein symbolische Benutzung zur Rechtserhaltung genügt nicht. Auch die Benutzung für Ersatzteile oder im Rahmen des Kundendienstes kann ausreichen.<br><br>Normen: <a href=""https://www.gesetze-im-internet.de/markeng/__26.html"" target=""_blank"" rel=""noopener"" class=""lawlink"">§ 26 Abs. 1 MarkenG</a><br>Fundstelle: GRUR 2003, 425"	Rechtsprechung EuGH Benutzungszwang
Welche Entscheidung (EuGH) steht für folgenden Grundsatz?<br><br>Ernsthafte Benutzung liegt vor, wenn die Marke entsprechend ihrer Hauptfunktion benutzt wird, um für die Waren einen Absatzmarkt zu erschließen oder zu sichern; rein symbolische Benutzung zur Rechtserhaltung genügt nicht. Auch die Benutzung für Ersatzteile oder im Rahmen des Kundendienstes kann ausreichen.	EuGH „Ansul/Ajax“ – C-40/01 (2003), GRUR 2003, 425	Rechtsprechung Umkehr EuGH Benutzungszwang
BGH „VOODOO“ (I ZR 106/11, 2013) – Kernaussage?	"Ernsthafte Benutzung setzt keinen Mindestumfang voraus; entscheidend ist, ob die Benutzung wirtschaftlich sinnvoll ist, um Marktanteile zu gewinnen oder zu halten. Bei einer Wortmarke reicht die Benutzung auf Etiketten und in Katalogen mit tatsächlichem Absatz; die Beweislast trägt im Verletzungsprozess der Markeninhaber, wenn die Einrede erhoben wird.<br><br>Normen: <a href=""https://www.gesetze-im-internet.de/markeng/__25.html"" target=""_blank"" rel=""noopener"" class=""lawlink"">§ 25</a>, <a href=""https://www.gesetze-im-internet.de/markeng/__26.html"" target=""_blank"" rel=""noopener"" class=""lawlink"">§ 26 Abs. 1</a>, <a href=""https://www.gesetze-im-internet.de/markeng/__49.html"" target=""_blank"" rel=""noopener"" class=""lawlink"">§ 49 MarkenG</a><br>Fundstelle: GRUR 2013, 925"	Rechtsprechung BGH Benutzungszwang
Welche Entscheidung (BGH) steht für folgenden Grundsatz?<br><br>Ernsthafte Benutzung setzt keinen Mindestumfang voraus; entscheidend ist, ob die Benutzung wirtschaftlich sinnvoll ist, um Marktanteile zu gewinnen oder zu halten. Bei einer Wortmarke reicht die Benutzung auf Etiketten und in Katalogen mit tatsächlichem Absatz; die Beweislast trägt im Verletzungsprozess der Markeninhaber, wenn die Einrede erhoben wird.	BGH „VOODOO“ – I ZR 106/11 (2013), GRUR 2013, 925	Rechtsprechung Umkehr BGH Benutzungszwang
BGH „LOTTOCARD“ (I ZR 167/05, 2008) – Kernaussage?	"Einer Marke ('LOTTO' für Lotteriedienstleistungen) kann die rechtserhaltende Benutzung nicht mit der Begründung abgesprochen werden, sie werde nur beschreibend verstanden; es genügt, dass der Verkehr die konkrete Verwendung als Marke auffasst. Die Verwendung in Kombination mit anderen Zeichen ('LOTTOCARD') kann rechtserhaltend sein, wenn 'LOTTO' seine kennzeichnende Eigenständigkeit behält.<br><br>Normen: <a href=""https://www.gesetze-im-internet.de/markeng/__26.html"" target=""_blank"" rel=""noopener"" class=""lawlink"">§ 26 Abs. 1</a>, <a href=""https://www.gesetze-im-internet.de/markeng/__26.html"" target=""_blank"" rel=""noopener"" class=""lawlink"">§ 26 Abs. 3 MarkenG</a><br>Fundstelle: GRUR 2009, 60"	Rechtsprechung BGH Benutzungszwang
Welche Entscheidung (BGH) steht für folgenden Grundsatz?<br><br>Einer Marke ('LOTTO' für Lotteriedienstleistungen) kann die rechtserhaltende Benutzung nicht mit der Begründung abgesprochen werden, sie werde nur beschreibend verstanden; es genügt, dass der Verkehr die konkrete Verwendung als Marke auffasst. Die Verwendung in Kombination mit anderen Zeichen ('LOTTOCARD') kann rechtserhaltend sein, wenn 'LOTTO' seine kennzeichnende Eigenständigkeit behält.	BGH „LOTTOCARD“ – I ZR 167/05 (2008), GRUR 2009, 60	Rechtsprechung Umkehr BGH Benutzungszwang
BGH „Probiotik“ (I ZR 38/13, 2014) – Kernaussage?	"Wird eine Wortmarke graphisch gestaltet oder mit Bildelementen ergänzt, ist zu prüfen, ob die Zusätze einen Bezug zur Herkunftsfunktion haben oder nur allgemeine Sachhinweise/Werbemittel sind; letztere verändern den kennzeichnenden Charakter nicht (<a href=""https://www.gesetze-im-internet.de/markeng/__26.html"" target=""_blank"" rel=""noopener"" class=""lawlink"">§ 26 Abs. 3</a>).<br><br>Normen: <a href=""https://www.gesetze-im-internet.de/markeng/__26.html"" target=""_blank"" rel=""noopener"" class=""lawlink"">§ 26 Abs. 3 MarkenG</a><br>Fundstelle: GRUR 2014, 662"	Rechtsprechung BGH Benutzungszwang Abweichende_Form
"Welche Entscheidung (BGH) steht für folgenden Grundsatz?<br><br>Wird eine Wortmarke graphisch gestaltet oder mit Bildelementen ergänzt, ist zu prüfen, ob die Zusätze einen Bezug zur Herkunftsfunktion haben oder nur allgemeine Sachhinweise/Werbemittel sind; letztere verändern den kennzeichnenden Charakter nicht (<a href=""https://www.gesetze-im-internet.de/markeng/__26.html"" target=""_blank"" rel=""noopener"" class=""lawlink"">§ 26 Abs. 3</a>)."	BGH „Probiotik“ – I ZR 38/13 (2014), GRUR 2014, 662	Rechtsprechung Umkehr BGH Benutzungszwang Abweichende_Form
BGH „Dorzo“ (I ZB 6/16, 2017) – Kernaussage?	"Die Benutzung 'Dorzo-Vision' für die Marke 'Dorzo' ist nicht rechtserhaltend, wenn der Verkehr die Kombination als einheitliches Zeichen wahrnimmt und 'Dorzo' nicht mehr als eigenständigen Herkunftshinweis erkennt: Der kennzeichnende Charakter ist dann verändert.<br><br>Normen: <a href=""https://www.gesetze-im-internet.de/markeng/__26.html"" target=""_blank"" rel=""noopener"" class=""lawlink"">§ 26 Abs. 3 MarkenG</a><br>Fundstelle: GRUR 2017, 1043"	Rechtsprechung BGH Benutzungszwang Abweichende_Form
Welche Entscheidung (BGH) steht für folgenden Grundsatz?<br><br>Die Benutzung 'Dorzo-Vision' für die Marke 'Dorzo' ist nicht rechtserhaltend, wenn der Verkehr die Kombination als einheitliches Zeichen wahrnimmt und 'Dorzo' nicht mehr als eigenständigen Herkunftshinweis erkennt: Der kennzeichnende Charakter ist dann verändert.	BGH „Dorzo“ – I ZB 6/16 (2017), GRUR 2017, 1043	Rechtsprechung Umkehr BGH Benutzungszwang Abweichende_Form
BGH „Castell/VIN CASTEL“ (I ZR 112/10, 2012) – Kernaussage?	"Zum Schutz eines Firmenbestandteils ('Castell') als Unternehmenskennzeichen nach <a href=""https://www.gesetze-im-internet.de/markeng/__5.html"" target=""_blank"" rel=""noopener"" class=""lawlink"">§ 5 Abs. 2</a>: Erforderlich ist ein unterscheidungskräftiger Bestandteil, der sich seiner Natur nach als schlagwortartiger Hinweis auf das Unternehmen eignet. Zur rechtserhaltenden Benutzung einer Marke in Kombination mit weiteren Bestandteilen ('Castell' in 'Castell Castell'): unschädlich, wenn der Verkehr die Marke als eigenständigen Herkunftshinweis erkennt.<br><br>Normen: <a href=""https://www.gesetze-im-internet.de/markeng/__26.html"" target=""_blank"" rel=""noopener"" class=""lawlink"">§ 26 Abs. 3</a>, <a href=""https://www.gesetze-im-internet.de/markeng/__5.html"" target=""_blank"" rel=""noopener"" class=""lawlink"">§ 5 Abs. 2 MarkenG</a><br>Fundstelle: GRUR 2013, 68"	Rechtsprechung BGH Benutzungszwang
"Welche Entscheidung (BGH) steht für folgenden Grundsatz?<br><br>Zum Schutz eines Firmenbestandteils ('Castell') als Unternehmenskennzeichen nach <a href=""https://www.gesetze-im-internet.de/markeng/__5.html"" target=""_blank"" rel=""noopener"" class=""lawlink"">§ 5 Abs. 2</a>: Erforderlich ist ein unterscheidungskräftiger Bestandteil, der sich seiner Natur nach als schlagwortartiger Hinweis auf das Unternehmen eignet. Zur rechtserhaltenden Benutzung einer Marke in Kombination mit weiteren Bestandteilen ('Castell' in 'Castell Castell'): unschädlich, wenn der Verkehr die Marke als eigenständigen Herkunftshinweis erkennt."	BGH „Castell/VIN CASTEL“ – I ZR 112/10 (2012), GRUR 2013, 68	Rechtsprechung Umkehr BGH Benutzungszwang
BGH „wetter.de“ (I ZR 202/14, 2016) – Kernaussage?	"Apps und Internet-Informationsangebote können titelschutzfähige Werke i.S.d. <a href=""https://www.gesetze-im-internet.de/markeng/__5.html"" target=""_blank"" rel=""noopener"" class=""lawlink"">§ 5 Abs. 3</a> sein. 'wetter.de' fehlt jedoch die originäre Unterscheidungskraft, weil die Bezeichnung nur den Inhalt (Wetterinformationen) beschreibt; eine Verkehrsgewöhnung an beschreibende Titel wie bei Zeitschriften ist für Apps/Domains nicht festgestellt.<br><br>Normen: <a href=""https://www.gesetze-im-internet.de/markeng/__15.html"" target=""_blank"" rel=""noopener"" class=""lawlink"">§ 15</a>, <a href=""https://www.gesetze-im-internet.de/markeng/__5.html"" target=""_blank"" rel=""noopener"" class=""lawlink"">§ 5 Abs. 3 MarkenG</a><br>Fundstelle: GRUR 2016, 939"	Rechtsprechung BGH Werktitel Domain App
"Welche Entscheidung (BGH) steht für folgenden Grundsatz?<br><br>Apps und Internet-Informationsangebote können titelschutzfähige Werke i.S.d. <a href=""https://www.gesetze-im-internet.de/markeng/__5.html"" target=""_blank"" rel=""noopener"" class=""lawlink"">§ 5 Abs. 3</a> sein. 'wetter.de' fehlt jedoch die originäre Unterscheidungskraft, weil die Bezeichnung nur den Inhalt (Wetterinformationen) beschreibt; eine Verkehrsgewöhnung an beschreibende Titel wie bei Zeitschriften ist für Apps/Domains nicht festgestellt."	BGH „wetter.de“ – I ZR 202/14 (2016), GRUR 2016, 939	Rechtsprechung Umkehr BGH Werktitel Domain App
BGH „Das Omen“ (I ZR 97/17, 2019) – Kernaussage?	"Der Titel eines Musikstücks ('Das Omen (Teil 1)') genießt Werktitelschutz; Inhaber ist, wem das Werk zuzuordnen ist (Komponist/Textdichter). Die Verwechslungsgefahr ist unter Berücksichtigung der Besonderheiten des Werks (Werkähnlichkeit) zu prüfen.<br><br>Normen: <a href=""https://www.gesetze-im-internet.de/markeng/__15.html"" target=""_blank"" rel=""noopener"" class=""lawlink"">§ 15 Abs. 2</a>, <a href=""https://www.gesetze-im-internet.de/markeng/__5.html"" target=""_blank"" rel=""noopener"" class=""lawlink"">§ 5 Abs. 3 MarkenG</a><br>Fundstelle: GRUR 2019, 535"	Rechtsprechung BGH Werktitel
Welche Entscheidung (BGH) steht für folgenden Grundsatz?<br><br>Der Titel eines Musikstücks ('Das Omen (Teil 1)') genießt Werktitelschutz; Inhaber ist, wem das Werk zuzuordnen ist (Komponist/Textdichter). Die Verwechslungsgefahr ist unter Berücksichtigung der Besonderheiten des Werks (Werkähnlichkeit) zu prüfen.	BGH „Das Omen“ – I ZR 97/17 (2019), GRUR 2019, 535	Rechtsprechung Umkehr BGH Werktitel
BGH „Augsburger Puppenkiste“ (I ZR 200/06, 2008) – Kernaussage?	"Keine Verwechslungsgefahr zwischen 'Augsburger Puppenkiste' und 'Leipziger Puppenkiste': Die Ortsangaben prägen die Gesamtbezeichnungen mit, der gemeinsame Bestandteil 'Puppenkiste' ist kennzeichnungsschwach. Werktitel schützen grundsätzlich nur gegen unmittelbare Werkverwechslung; eine Verwechslungsgefahr im weiteren Sinne kommt nur bei bekannten Titeln mit Herkunftshinweisfunktion in Betracht.<br><br>Normen: <a href=""https://www.gesetze-im-internet.de/markeng/__15.html"" target=""_blank"" rel=""noopener"" class=""lawlink"">§ 15 Abs. 2</a>, <a href=""https://www.gesetze-im-internet.de/markeng/__5.html"" target=""_blank"" rel=""noopener"" class=""lawlink"">§ 5 Abs. 3 MarkenG</a><br>Fundstelle: GRUR 2009, 772"	Rechtsprechung BGH Werktitel
Welche Entscheidung (BGH) steht für folgenden Grundsatz?<br><br>Keine Verwechslungsgefahr zwischen 'Augsburger Puppenkiste' und 'Leipziger Puppenkiste': Die Ortsangaben prägen die Gesamtbezeichnungen mit, der gemeinsame Bestandteil 'Puppenkiste' ist kennzeichnungsschwach. Werktitel schützen grundsätzlich nur gegen unmittelbare Werkverwechslung; eine Verwechslungsgefahr im weiteren Sinne kommt nur bei bekannten Titeln mit Herkunftshinweisfunktion in Betracht.	BGH „Augsburger Puppenkiste“ – I ZR 200/06 (2008), GRUR 2009, 772	Rechtsprechung Umkehr BGH Werktitel
BGH „Peek & Cloppenburg“ (I ZR 174/07, 2010) – Kernaussage?	"Recht der Gleichnamigen: Zwei seit langem koexistierende Unternehmen gleichen Namens müssen die Verwechslungsgefahr durch aufklärende Zusätze (Ortsangabe) reduzieren; bundesweite Werbung ist zulässig, wenn ein deutlicher, nicht notwendig gleich großer Hinweis auf die Unternehmensidentität erfolgt.<br><br>Normen: <a href=""https://www.gesetze-im-internet.de/markeng/__15.html"" target=""_blank"" rel=""noopener"" class=""lawlink"">§ 15 Abs. 2</a>, <a href=""https://www.gesetze-im-internet.de/markeng/__23.html"" target=""_blank"" rel=""noopener"" class=""lawlink"">§ 23 Abs. 1 Nr. 1</a>, <a href=""https://www.gesetze-im-internet.de/markeng/__5.html"" target=""_blank"" rel=""noopener"" class=""lawlink"">§ 5 Abs. 2 MarkenG</a><br>Fundstelle: GRUR 2010, 738"	Rechtsprechung BGH Unternehmenskennzeichen Gleichnamigkeit
Welche Entscheidung (BGH) steht für folgenden Grundsatz?<br><br>Recht der Gleichnamigen: Zwei seit langem koexistierende Unternehmen gleichen Namens müssen die Verwechslungsgefahr durch aufklärende Zusätze (Ortsangabe) reduzieren; bundesweite Werbung ist zulässig, wenn ein deutlicher, nicht notwendig gleich großer Hinweis auf die Unternehmensidentität erfolgt.	BGH „Peek & Cloppenburg“ – I ZR 174/07 (2010), GRUR 2010, 738	Rechtsprechung Umkehr BGH Unternehmenskennzeichen Gleichnamigkeit
BGH „Baumann II“ (I ZR 241/14, 2016) – Kernaussage?	"Der Schutz eines Unternehmenskennzeichens entsteht mit Benutzungsaufnahme; die Priorität bestimmt sich nach <a href=""https://www.gesetze-im-internet.de/markeng/__6.html"" target=""_blank"" rel=""noopener"" class=""lawlink"">§ 6</a>. Zur Verwirkung und zum Fortbestand des Kennzeichenrechts bei Änderungen der Firma; bei mehreren Bestandteilen kann der prägende Bestandteil ('Baumann') selbständig geschützt sein.<br><br>Normen: <a href=""https://www.gesetze-im-internet.de/markeng/__15.html"" target=""_blank"" rel=""noopener"" class=""lawlink"">§ 15</a>, <a href=""https://www.gesetze-im-internet.de/markeng/__21.html"" target=""_blank"" rel=""noopener"" class=""lawlink"">§ 21</a>, <a href=""https://www.gesetze-im-internet.de/markeng/__5.html"" target=""_blank"" rel=""noopener"" class=""lawlink"">§ 5 Abs. 2 MarkenG</a><br>Fundstelle: GRUR 2016, 965"	Rechtsprechung BGH Unternehmenskennzeichen
"Welche Entscheidung (BGH) steht für folgenden Grundsatz?<br><br>Der Schutz eines Unternehmenskennzeichens entsteht mit Benutzungsaufnahme; die Priorität bestimmt sich nach <a href=""https://www.gesetze-im-internet.de/markeng/__6.html"" target=""_blank"" rel=""noopener"" class=""lawlink"">§ 6</a>. Zur Verwirkung und zum Fortbestand des Kennzeichenrechts bei Änderungen der Firma; bei mehreren Bestandteilen kann der prägende Bestandteil ('Baumann') selbständig geschützt sein."	BGH „Baumann II“ – I ZR 241/14 (2016), GRUR 2016, 965	Rechtsprechung Umkehr BGH Unternehmenskennzeichen
BGH „soco.de“ (I ZR 135/01, 2004) – Kernaussage?	"Ein Domainname kann als Unternehmenskennzeichen geschützt sein, wenn der Verkehr ihn als Hinweis auf ein Unternehmen versteht. Der Schutz einer Domain als Kennzeichen entsteht erst mit Benutzungsaufnahme im geschäftlichen Verkehr, nicht schon mit der Registrierung.<br><br>Normen: <a href=""https://www.gesetze-im-internet.de/markeng/__15.html"" target=""_blank"" rel=""noopener"" class=""lawlink"">§ 15</a>, <a href=""https://www.gesetze-im-internet.de/markeng/__5.html"" target=""_blank"" rel=""noopener"" class=""lawlink"">§ 5 Abs. 2 MarkenG</a><br>Fundstelle: GRUR 2005, 262"	Rechtsprechung BGH Unternehmenskennzeichen Domain
Welche Entscheidung (BGH) steht für folgenden Grundsatz?<br><br>Ein Domainname kann als Unternehmenskennzeichen geschützt sein, wenn der Verkehr ihn als Hinweis auf ein Unternehmen versteht. Der Schutz einer Domain als Kennzeichen entsteht erst mit Benutzungsaufnahme im geschäftlichen Verkehr, nicht schon mit der Registrierung.	BGH „soco.de“ – I ZR 135/01 (2004), GRUR 2005, 262	Rechtsprechung Umkehr BGH Unternehmenskennzeichen Domain
BGH „shell.de“ (I ZR 138/99, 2001) – Kernaussage?	"Bei Gleichnamigkeit (Privatperson Shell vs. Shell-Konzern) gilt für Domains grundsätzlich Priorität der Registrierung. Ausnahme bei überragender Bekanntheit eines Namensträgers: Der Verkehr erwartet unter 'shell.de' den bekannten Konzern; der Privatmann muss einen unterscheidenden Zusatz wählen.<br><br>Normen: <a href=""https://www.gesetze-im-internet.de/markeng/__15.html"" target=""_blank"" rel=""noopener"" class=""lawlink"">§ 15</a>, <a href=""https://www.gesetze-im-internet.de/markeng/__5.html"" target=""_blank"" rel=""noopener"" class=""lawlink"">§ 5 Abs. 2 MarkenG</a><br>Fundstelle: GRUR 2002, 622"	Rechtsprechung BGH Domain Namensrecht
Welche Entscheidung (BGH) steht für folgenden Grundsatz?<br><br>Bei Gleichnamigkeit (Privatperson Shell vs. Shell-Konzern) gilt für Domains grundsätzlich Priorität der Registrierung. Ausnahme bei überragender Bekanntheit eines Namensträgers: Der Verkehr erwartet unter 'shell.de' den bekannten Konzern; der Privatmann muss einen unterscheidenden Zusatz wählen.	BGH „shell.de“ – I ZR 138/99 (2001), GRUR 2002, 622	Rechtsprechung Umkehr BGH Domain Namensrecht
BGH „defacto“ (I ZR 230/99, 2002) – Kernaussage?	"Für die Verwechslungsgefahr bei Unternehmenskennzeichen kommt es auf die Branchennähe, die Kennzeichnungskraft des älteren Zeichens und die Zeichenähnlichkeit an (Wechselwirkung). Firmenschlagworte ('defacto') sind selbständig schutzfähig, wenn sie ihrer Natur nach geeignet sind, als Schlagwort zu wirken.<br><br>Normen: <a href=""https://www.gesetze-im-internet.de/markeng/__15.html"" target=""_blank"" rel=""noopener"" class=""lawlink"">§ 15 Abs. 2</a>, <a href=""https://www.gesetze-im-internet.de/markeng/__5.html"" target=""_blank"" rel=""noopener"" class=""lawlink"">§ 5 Abs. 2 MarkenG</a><br>Fundstelle: GRUR 2002, 898"	Rechtsprechung BGH Unternehmenskennzeichen
Welche Entscheidung (BGH) steht für folgenden Grundsatz?<br><br>Für die Verwechslungsgefahr bei Unternehmenskennzeichen kommt es auf die Branchennähe, die Kennzeichnungskraft des älteren Zeichens und die Zeichenähnlichkeit an (Wechselwirkung). Firmenschlagworte ('defacto') sind selbständig schutzfähig, wenn sie ihrer Natur nach geeignet sind, als Schlagwort zu wirken.	BGH „defacto“ – I ZR 230/99 (2002), GRUR 2002, 898	Rechtsprechung Umkehr BGH Unternehmenskennzeichen
BGH „Hard Rock Cafe“ (I ZR 188/11, 2013) – Kernaussage?	"Verwirkung nach <a href=""https://www.gesetze-im-internet.de/markeng/__21.html"" target=""_blank"" rel=""noopener"" class=""lawlink"">§ 21 Abs. 4 MarkenG</a> i.V.m. <a href=""https://www.gesetze-im-internet.de/bgb/__242.html"" target=""_blank"" rel=""noopener"" class=""lawlink"">§ 242 BGB</a>: Bei wiederholten, gleichartigen Verletzungshandlungen entsteht mit jeder Handlung ein neuer Unterlassungsanspruch, so dass Verwirkung nur bei Duldung des konkreten Zustands in Betracht kommt. Aufgabe der Vorrangthese: Lauterkeitsrechtliche Ansprüche (<a href=""https://www.gesetze-im-internet.de/uwg_2004/__5.html"" target=""_blank"" rel=""noopener"" class=""lawlink"">§ 5 Abs. 2 UWG</a>) bestehen neben markenrechtlichen; Wertungswidersprüche sind zu vermeiden.<br><br>Normen: <a href=""https://www.gesetze-im-internet.de/markeng/__14.html"" target=""_blank"" rel=""noopener"" class=""lawlink"">§ 14 Abs. 5</a>, <a href=""https://www.gesetze-im-internet.de/markeng/__21.html"" target=""_blank"" rel=""noopener"" class=""lawlink"">§ 21 MarkenG</a><br>Fundstelle: GRUR 2013, 1161"	Rechtsprechung BGH Verwirkung UWG
"Welche Entscheidung (BGH) steht für folgenden Grundsatz?<br><br>Verwirkung nach <a href=""https://www.gesetze-im-internet.de/markeng/__21.html"" target=""_blank"" rel=""noopener"" class=""lawlink"">§ 21 Abs. 4 MarkenG</a> i.V.m. <a href=""https://www.gesetze-im-internet.de/bgb/__242.html"" target=""_blank"" rel=""noopener"" class=""lawlink"">§ 242 BGB</a>: Bei wiederholten, gleichartigen Verletzungshandlungen entsteht mit jeder Handlung ein neuer Unterlassungsanspruch, so dass Verwirkung nur bei Duldung des konkreten Zustands in Betracht kommt. Aufgabe der Vorrangthese: Lauterkeitsrechtliche Ansprüche (<a href=""https://www.gesetze-im-internet.de/uwg_2004/__5.html"" target=""_blank"" rel=""noopener"" class=""lawlink"">§ 5 Abs. 2 UWG</a>) bestehen neben markenrechtlichen; Wertungswidersprüche sind zu vermeiden."	BGH „Hard Rock Cafe“ – I ZR 188/11 (2013), GRUR 2013, 1161	Rechtsprechung Umkehr BGH Verwirkung UWG
BGH „Internet-Versteigerung II“ (I ZR 35/04, 2007) – Kernaussage?	"Der Betreiber einer Internet-Handelsplattform (eBay) haftet als Störer auf Unterlassung, wenn er nach Hinweis auf eine klare Markenverletzung das Angebot nicht sperrt und keine zumutbaren Vorkehrungen gegen gleichartige Verletzungen trifft. Die Haftungsprivilegierung des TMG gilt nicht für Unterlassungsansprüche.<br><br>Normen: <a href=""https://www.gesetze-im-internet.de/markeng/__14.html"" target=""_blank"" rel=""noopener"" class=""lawlink"">§ 14 Abs. 5 MarkenG</a><br>Fundstelle: GRUR 2007, 708"	Rechtsprechung BGH Störerhaftung Plattform
Welche Entscheidung (BGH) steht für folgenden Grundsatz?<br><br>Der Betreiber einer Internet-Handelsplattform (eBay) haftet als Störer auf Unterlassung, wenn er nach Hinweis auf eine klare Markenverletzung das Angebot nicht sperrt und keine zumutbaren Vorkehrungen gegen gleichartige Verletzungen trifft. Die Haftungsprivilegierung des TMG gilt nicht für Unterlassungsansprüche.	BGH „Internet-Versteigerung II“ – I ZR 35/04 (2007), GRUR 2007, 708	Rechtsprechung Umkehr BGH Störerhaftung Plattform
BGH „Kinderhochstühle im Internet“ (I ZR 139/08, 2010) – Kernaussage?	"Ein Plattformbetreiber muss nicht alle Angebote mit einer Marke manuell auf Fälschungen prüfen; Prüfpflichten bestehen erst nach konkretem Hinweis und im zumutbaren Umfang. Teilnehmerhaftung (Beihilfe) setzt Vorsatz bezüglich der Haupttat voraus; die Störerhaftung wurde für das Lauterkeitsrecht aufgegeben, im Markenrecht beibehalten.<br><br>Normen: <a href=""https://www.gesetze-im-internet.de/markeng/__14.html"" target=""_blank"" rel=""noopener"" class=""lawlink"">§ 14 Abs. 2 Nr. 2</a>, <a href=""https://www.gesetze-im-internet.de/markeng/__14.html"" target=""_blank"" rel=""noopener"" class=""lawlink"">§ 14 Abs. 5 MarkenG</a><br>Fundstelle: GRUR 2011, 152"	Rechtsprechung BGH Störerhaftung Plattform
Welche Entscheidung (BGH) steht für folgenden Grundsatz?<br><br>Ein Plattformbetreiber muss nicht alle Angebote mit einer Marke manuell auf Fälschungen prüfen; Prüfpflichten bestehen erst nach konkretem Hinweis und im zumutbaren Umfang. Teilnehmerhaftung (Beihilfe) setzt Vorsatz bezüglich der Haupttat voraus; die Störerhaftung wurde für das Lauterkeitsrecht aufgegeben, im Markenrecht beibehalten.	BGH „Kinderhochstühle im Internet“ – I ZR 139/08 (2010), GRUR 2011, 152	Rechtsprechung Umkehr BGH Störerhaftung Plattform
BGH „BTK“ (I ZR 169/07, 2009) – Kernaussage?	"Zur Schadensberechnung nach der Lizenzanalogie bei Kennzeichenverletzungen: Der Verletzer schuldet, was vernünftige Vertragsparteien als Lizenzgebühr vereinbart hätten; maßgeblich sind Bekanntheit und Ruf des Kennzeichens, Grad der Verwechslungsgefahr und Umfang der Benutzung.<br><br>Normen: <a href=""https://www.gesetze-im-internet.de/markeng/__14.html"" target=""_blank"" rel=""noopener"" class=""lawlink"">§ 14 Abs. 6 MarkenG</a><br>Fundstelle: GRUR 2010, 239"	Rechtsprechung BGH Schadensersatz
Welche Entscheidung (BGH) steht für folgenden Grundsatz?<br><br>Zur Schadensberechnung nach der Lizenzanalogie bei Kennzeichenverletzungen: Der Verletzer schuldet, was vernünftige Vertragsparteien als Lizenzgebühr vereinbart hätten; maßgeblich sind Bekanntheit und Ruf des Kennzeichens, Grad der Verwechslungsgefahr und Umfang der Benutzung.	BGH „BTK“ – I ZR 169/07 (2009), GRUR 2010, 239	Rechtsprechung Umkehr BGH Schadensersatz
BGH „smartbook“ (I ZB 59/12, 2013) – Kernaussage?	"Im Löschungsverfahren wegen absoluter Schutzhindernisse ist auf den Anmeldezeitpunkt abzustellen; die Feststellungslast für das Vorliegen des Schutzhindernisses trägt der Löschungsantragsteller. Verbleibende Zweifel gehen zu Lasten des Antragstellers ('smartbook' für Computer: Schutzhindernis nicht sicher feststellbar).<br><br>Normen: <a href=""https://www.gesetze-im-internet.de/markeng/__50.html"" target=""_blank"" rel=""noopener"" class=""lawlink"">§ 50</a>, <a href=""https://www.gesetze-im-internet.de/markeng/__8.html"" target=""_blank"" rel=""noopener"" class=""lawlink"">§ 8 Abs. 2 Nr. 1</a>, <a href=""https://www.gesetze-im-internet.de/markeng/__8.html"" target=""_blank"" rel=""noopener"" class=""lawlink"">§ 8 Abs. 2 Nr. 2 MarkenG</a><br>Fundstelle: GRUR 2014, 565"	Rechtsprechung BGH Löschung Nichtigkeit
Welche Entscheidung (BGH) steht für folgenden Grundsatz?<br><br>Im Löschungsverfahren wegen absoluter Schutzhindernisse ist auf den Anmeldezeitpunkt abzustellen; die Feststellungslast für das Vorliegen des Schutzhindernisses trägt der Löschungsantragsteller. Verbleibende Zweifel gehen zu Lasten des Antragstellers ('smartbook' für Computer: Schutzhindernis nicht sicher feststellbar).	BGH „smartbook“ – I ZB 59/12 (2013), GRUR 2014, 565	Rechtsprechung Umkehr BGH Löschung Nichtigkeit
EuGH „Interflora/Marks & Spencer“ (C-323/09, 2011) – Kernaussage?	"Keyword-Werbung mit einer bekannten Marke beeinträchtigt die Investitionsfunktion, wenn sie die Nutzung der Marke zum Erwerb/zur Wahrung eines Rufs wesentlich stört. Sie ist als 'Trittbrettfahren' unlauter, wenn Nachahmungen angeboten werden; nicht aber, wenn lediglich eine Alternative zum Markenprodukt angeboten wird (gesunder Wettbewerb).<br><br>Normen: <a href=""https://www.gesetze-im-internet.de/markeng/__14.html"" target=""_blank"" rel=""noopener"" class=""lawlink"">§ 14 Abs. 2 Nr. 1</a>, <a href=""https://www.gesetze-im-internet.de/markeng/__14.html"" target=""_blank"" rel=""noopener"" class=""lawlink"">§ 14 Abs. 2 Nr. 3 MarkenG</a><br>Fundstelle: GRUR 2011, 1124"	Rechtsprechung EuGH Keyword-Advertising Bekanntheitsschutz
Welche Entscheidung (EuGH) steht für folgenden Grundsatz?<br><br>Keyword-Werbung mit einer bekannten Marke beeinträchtigt die Investitionsfunktion, wenn sie die Nutzung der Marke zum Erwerb/zur Wahrung eines Rufs wesentlich stört. Sie ist als 'Trittbrettfahren' unlauter, wenn Nachahmungen angeboten werden; nicht aber, wenn lediglich eine Alternative zum Markenprodukt angeboten wird (gesunder Wettbewerb).	EuGH „Interflora/Marks & Spencer“ – C-323/09 (2011), GRUR 2011, 1124	Rechtsprechung Umkehr EuGH Keyword-Advertising Bekanntheitsschutz
EuGH „Adam Opel/Autec“ (C-48/05, 2007) – Kernaussage?	"Die Anbringung eines für Kraftfahrzeuge und Spielzeug eingetragenen Zeichens auf Modellautos ist nur dann untersagbar, wenn sie die Funktionen der Marke als für Spielzeug eingetragene Marke beeinträchtigt. Für Kraftfahrzeuge liegt keine Benutzung 'für Waren' vor, die identisch oder ähnlich sind.<br><br>Normen: <a href=""https://www.gesetze-im-internet.de/markeng/__14.html"" target=""_blank"" rel=""noopener"" class=""lawlink"">§ 14 Abs. 2 Nr. 1</a>, <a href=""https://www.gesetze-im-internet.de/markeng/__23.html"" target=""_blank"" rel=""noopener"" class=""lawlink"">§ 23 MarkenG</a><br>Fundstelle: GRUR 2007, 318"	Rechtsprechung EuGH Markenmäßige_Benutzung
Welche Entscheidung (EuGH) steht für folgenden Grundsatz?<br><br>Die Anbringung eines für Kraftfahrzeuge und Spielzeug eingetragenen Zeichens auf Modellautos ist nur dann untersagbar, wenn sie die Funktionen der Marke als für Spielzeug eingetragene Marke beeinträchtigt. Für Kraftfahrzeuge liegt keine Benutzung 'für Waren' vor, die identisch oder ähnlich sind.	EuGH „Adam Opel/Autec“ – C-48/05 (2007), GRUR 2007, 318	Rechtsprechung Umkehr EuGH Markenmäßige_Benutzung
EuGH „PAGO/Tirolmilch“ (C-301/07, 2009) – Kernaussage?	"Eine Unionsmarke (damals Gemeinschaftsmarke) ist 'in der Union bekannt', wenn sie einem bedeutenden Teil des Publikums in einem wesentlichen Teil des Unionsgebiets bekannt ist. Das Gebiet eines einzigen Mitgliedstaats (hier: Österreich) kann ein wesentlicher Teil der Union sein.<br><br>Normen: <a href=""https://www.gesetze-im-internet.de/markeng/__125b.html"" target=""_blank"" rel=""noopener"" class=""lawlink"">§ 125b</a>, <a href=""https://www.gesetze-im-internet.de/markeng/__9.html"" target=""_blank"" rel=""noopener"" class=""lawlink"">§ 9 Abs. 1 Nr. 3 MarkenG</a><br>Fundstelle: GRUR 2009, 1158"	Rechtsprechung EuGH Unionsmarke Bekanntheitsschutz
Welche Entscheidung (EuGH) steht für folgenden Grundsatz?<br><br>Eine Unionsmarke (damals Gemeinschaftsmarke) ist 'in der Union bekannt', wenn sie einem bedeutenden Teil des Publikums in einem wesentlichen Teil des Unionsgebiets bekannt ist. Das Gebiet eines einzigen Mitgliedstaats (hier: Österreich) kann ein wesentlicher Teil der Union sein.	EuGH „PAGO/Tirolmilch“ – C-301/07 (2009), GRUR 2009, 1158	Rechtsprechung Umkehr EuGH Unionsmarke Bekanntheitsschutz
EuGH „Iron & Smith/Unilever“ (C-125/14, 2015) – Kernaussage?	"Wird aus einer bekannten Unionsmarke gegen eine jüngere nationale Marke vorgegangen, genügt für die Bekanntheit 'in der Union' die Bekanntheit in einem wesentlichen Teil der Union, der ein einziger Mitgliedstaat sein kann – auch wenn dies nicht der Mitgliedstaat der jüngeren Marke ist. Die Beeinträchtigung/Ausnutzung im Inland setzt aber voraus, dass ein wirtschaftlich nicht unbedeutender Teil des inländischen Publikums die Unionsmarke kennt und die Zeichen gedanklich verknüpft.<br><br>Normen: <a href=""https://www.gesetze-im-internet.de/markeng/__125b.html"" target=""_blank"" rel=""noopener"" class=""lawlink"">§ 125b</a>, <a href=""https://www.gesetze-im-internet.de/markeng/__9.html"" target=""_blank"" rel=""noopener"" class=""lawlink"">§ 9 Abs. 1 Nr. 3 MarkenG</a><br>Fundstelle: GRUR 2015, 1002"	Rechtsprechung EuGH Unionsmarke Bekanntheitsschutz
Welche Entscheidung (EuGH) steht für folgenden Grundsatz?<br><br>Wird aus einer bekannten Unionsmarke gegen eine jüngere nationale Marke vorgegangen, genügt für die Bekanntheit 'in der Union' die Bekanntheit in einem wesentlichen Teil der Union, der ein einziger Mitgliedstaat sein kann – auch wenn dies nicht der Mitgliedstaat der jüngeren Marke ist. Die Beeinträchtigung/Ausnutzung im Inland setzt aber voraus, dass ein wirtschaftlich nicht unbedeutender Teil des inländischen Publikums die Unionsmarke kennt und die Zeichen gedanklich verknüpft.	EuGH „Iron & Smith/Unilever“ – C-125/14 (2015), GRUR 2015, 1002	Rechtsprechung Umkehr EuGH Unionsmarke Bekanntheitsschutz
EuGH „Leno Merken/Hagelkruis (ONEL/OMEL)“ (C-149/11, 2012) – Kernaussage?	"Für die ernsthafte Benutzung einer Unionsmarke (Art. 18 UMV) sind die Grenzen der Mitgliedstaaten außer Betracht zu lassen. Die Benutzung in nur einem Mitgliedstaat kann ausreichen; maßgeblich ist, ob die Benutzung nach Markt, Waren und Umfang geeignet ist, Marktanteile in der Union zu gewinnen oder zu halten.<br><br>Normen: <a href=""https://www.gesetze-im-internet.de/markeng/__125b.html"" target=""_blank"" rel=""noopener"" class=""lawlink"">§ 125b</a>, <a href=""https://www.gesetze-im-internet.de/markeng/__26.html"" target=""_blank"" rel=""noopener"" class=""lawlink"">§ 26 MarkenG</a><br>Fundstelle: GRUR 2013, 182"	Rechtsprechung EuGH Unionsmarke Benutzungszwang
Welche Entscheidung (EuGH) steht für folgenden Grundsatz?<br><br>Für die ernsthafte Benutzung einer Unionsmarke (Art. 18 UMV) sind die Grenzen der Mitgliedstaaten außer Betracht zu lassen. Die Benutzung in nur einem Mitgliedstaat kann ausreichen; maßgeblich ist, ob die Benutzung nach Markt, Waren und Umfang geeignet ist, Marktanteile in der Union zu gewinnen oder zu halten.	EuGH „Leno Merken/Hagelkruis (ONEL/OMEL)“ – C-149/11 (2012), GRUR 2013, 182	Rechtsprechung Umkehr EuGH Unionsmarke Benutzungszwang
EuGH „DHL Express France/Chronopost (WEBSHIPPING)“ (C-235/09, 2011) – Kernaussage?	"Ein von einem Unionsmarkengericht ausgesprochenes Verbot erstreckt sich grundsätzlich auf das gesamte Gebiet der Union; Zwangsmaßnahmen zur Durchsetzung wirken ebenfalls unionsweit. Das Gericht muss die Reichweite beschränken, wenn die Verletzung nur in einem Teil der Union vorliegt oder der Kläger sein Begehren beschränkt.<br><br>Normen: <a href=""https://www.gesetze-im-internet.de/markeng/__125e.html"" target=""_blank"" rel=""noopener"" class=""lawlink"">§ 125e MarkenG</a><br>Fundstelle: GRUR 2011, 518"	Rechtsprechung EuGH Unionsmarke Verfahren
Welche Entscheidung (EuGH) steht für folgenden Grundsatz?<br><br>Ein von einem Unionsmarkengericht ausgesprochenes Verbot erstreckt sich grundsätzlich auf das gesamte Gebiet der Union; Zwangsmaßnahmen zur Durchsetzung wirken ebenfalls unionsweit. Das Gericht muss die Reichweite beschränken, wenn die Verletzung nur in einem Teil der Union vorliegt oder der Kläger sein Begehren beschränkt.	EuGH „DHL Express France/Chronopost (WEBSHIPPING)“ – C-235/09 (2011), GRUR 2011, 518	Rechtsprechung Umkehr EuGH Unionsmarke Verfahren
EuGH „combit Software/Commit Business Solutions“ (C-223/15, 2016) – Kernaussage?	"Stellt das Unionsmarkengericht fest, dass Verwechslungsgefahr in einem Teil der Union (etwa in den deutschsprachigen Mitgliedstaaten) besteht, in einem anderen Teil aber wegen sprachlicher Unterschiede nicht, muss es das Verbot auf die Gebiete beschränken, in denen Verwechslungsgefahr besteht; für die übrigen Gebiete darf der rechtmäßige Handel nicht untersagt werden.<br><br>Normen: <a href=""https://www.gesetze-im-internet.de/markeng/__125e.html"" target=""_blank"" rel=""noopener"" class=""lawlink"">§ 125e MarkenG</a><br>Fundstelle: GRUR 2016, 1166"	Rechtsprechung EuGH Unionsmarke Verfahren Verwechslungsgefahr
Welche Entscheidung (EuGH) steht für folgenden Grundsatz?<br><br>Stellt das Unionsmarkengericht fest, dass Verwechslungsgefahr in einem Teil der Union (etwa in den deutschsprachigen Mitgliedstaaten) besteht, in einem anderen Teil aber wegen sprachlicher Unterschiede nicht, muss es das Verbot auf die Gebiete beschränken, in denen Verwechslungsgefahr besteht; für die übrigen Gebiete darf der rechtmäßige Handel nicht untersagt werden.	EuGH „combit Software/Commit Business Solutions“ – C-223/15 (2016), GRUR 2016, 1166	Rechtsprechung Umkehr EuGH Unionsmarke Verfahren Verwechslungsgefahr
"Was regelt <a href=""https://www.gesetze-im-internet.de/markeng/__1.html"" target=""_blank"" rel=""noopener"" class=""lawlink"">§ 1 MarkenG</a>?"	"Geschützte Marken und sonstige Kennzeichen<br><br>Nach diesem Gesetz werden geschützt:<br><br>1. Marken,<br><br>2. geschäftliche Bezeichnungen,<br><br>3. geographische Herkunftsangaben.<br><br>Zugehörige Begriffe: Geschäftliche Bezeichnungen (<a href=""https://www.gesetze-im-internet.de/markeng/__5.html"" target=""_blank"" rel=""noopener"" class=""lawlink"">§ 5</a>), Marke"	Gesetz
"Was regelt <a href=""https://www.gesetze-im-internet.de/markeng/__2.html"" target=""_blank"" rel=""noopener"" class=""lawlink"">§ 2 MarkenG</a>?"	"Anwendung anderer Vorschriften<br><br>Der Schutz von Marken, geschäftlichen Bezeichnungen und geographischen<br>Herkunftsangaben nach diesem Gesetz schließt die Anwendung anderer<br>Vorschriften zum Schutz dieser Kennzeichen nicht aus.<br><br>Zugehörige Begriffe: Verhältnis MarkenG – UWG – <a href=""https://www.gesetze-im-internet.de/bgb/__12.html"" target=""_blank"" rel=""noopener"" class=""lawlink"">§ 12 BGB</a>"	Gesetz
"Was regelt <a href=""https://www.gesetze-im-internet.de/markeng/__3.html"" target=""_blank"" rel=""noopener"" class=""lawlink"">§ 3 MarkenG</a>?"	"Als Marke schutzfähige Zeichen<br><br>Als Marke können alle Zeichen, insbesondere Wörter einschließlich<br>Personennamen, Abbildungen, Buchstaben, Zahlen, Klänge,<br>dreidimensionale Gestaltungen einschließlich der Form einer Ware oder<br>ihrer Verpackung sowie sonstige Aufmachungen einschließlich Farben und<br>Farbzusammenstellungen geschützt werden, die geeignet sind, Waren oder<br>Dienstleistungen eines Unternehmens von denjenigen anderer Unternehmen<br>zu unterscheiden.<br><br>Zugehörige Begriffe: Abstrakte Farbmarke, Formausschluss (<a href=""https://www.gesetze-im-internet.de/markeng/__3.html"" target=""_blank"" rel=""noopener"" class=""lawlink"">§ 3 Abs. 2</a>), Formmarke / dreidimensionale Marke, Herkunftsfunktion, Marke, Markenfähigkeit (<a href=""https://www.gesetze-im-internet.de/markeng/__3.html"" target=""_blank"" rel=""noopener"" class=""lawlink"">§ 3 Abs. 1</a>)"	Gesetz
"Was regelt <a href=""https://www.gesetze-im-internet.de/markeng/__4.html"" target=""_blank"" rel=""noopener"" class=""lawlink"">§ 4 MarkenG</a>?"	"Entstehung des Markenschutzes<br><br>Der Markenschutz entsteht<br><br>1. durch die Eintragung eines Zeichens als Marke in das vom Deutschen<br> Patent- und Markenamt geführte Register,<br><br>2. durch die Benutzung eines Zeichens im geschäftlichen Verkehr, soweit<br> das Zeichen innerhalb beteiligter Verkehrskreise als Marke<br> Verkehrsgeltung erworben hat, oder<br><br>3. durch die im Sinne des Artikels<br> 6bis der Pariser Verbandsübereinkunft zum Schutz des gewerblichen<br> Eigentums (Pariser Verbandsübereinkunft) notorische Bekanntheit einer<br> Marke.<br><br>Zugehörige Begriffe: Entstehung des Markenschutzes (<a href=""https://www.gesetze-im-internet.de/markeng/__4.html"" target=""_blank"" rel=""noopener"" class=""lawlink"">§ 4</a>), Marke, Notorische Bekanntheit (<a href=""https://www.gesetze-im-internet.de/markeng/__4.html"" target=""_blank"" rel=""noopener"" class=""lawlink"">§ 4 Nr. 3</a>), Verkehrsgeltung (<a href=""https://www.gesetze-im-internet.de/markeng/__4.html"" target=""_blank"" rel=""noopener"" class=""lawlink"">§ 4 Nr. 2</a>)"	Gesetz
"Was regelt <a href=""https://www.gesetze-im-internet.de/markeng/__5.html"" target=""_blank"" rel=""noopener"" class=""lawlink"">§ 5 MarkenG</a>?"	"Geschäftliche Bezeichnungen<br><br>Als geschäftliche Bezeichnungen werden Unternehmenskennzeichen und<br>Werktitel geschützt.<br><br>Zugehörige Begriffe: Domainname als Kennzeichen, Firmenschlagwort / Firmenbestandteil, Geschäftliche Bezeichnungen (<a href=""https://www.gesetze-im-internet.de/markeng/__5.html"" target=""_blank"" rel=""noopener"" class=""lawlink"">§ 5</a>), Unternehmenskennzeichen (<a href=""https://www.gesetze-im-internet.de/markeng/__5.html"" target=""_blank"" rel=""noopener"" class=""lawlink"">§ 5 Abs. 2</a>), Werktitel (<a href=""https://www.gesetze-im-internet.de/markeng/__5.html"" target=""_blank"" rel=""noopener"" class=""lawlink"">§ 5 Abs. 3</a>)"	Gesetz
"Was regelt <a href=""https://www.gesetze-im-internet.de/markeng/__6.html"" target=""_blank"" rel=""noopener"" class=""lawlink"">§ 6 MarkenG</a>?"	"Vorrang und Zeitrang<br><br>Ist im Falle des Zusammentreffens von Rechten im Sinne der §§ <a href=""https://www.gesetze-im-internet.de/markeng/__4.html"" target=""_blank"" rel=""noopener"" class=""lawlink"">4</a>, <a href=""https://www.gesetze-im-internet.de/markeng/__5.html"" target=""_blank"" rel=""noopener"" class=""lawlink"">5</a><br>und <a href=""https://www.gesetze-im-internet.de/markeng/__13.html"" target=""_blank"" rel=""noopener"" class=""lawlink"">13</a> nach diesem Gesetz für die Bestimmung des Vorrangs der Rechte<br>ihr Zeitrang maßgeblich, wird der Zeitrang nach den Absätzen 2 und 3<br>bestimmt.<br><br>Zugehörige Begriffe: Entstehung des Markenschutzes (<a href=""https://www.gesetze-im-internet.de/markeng/__4.html"" target=""_blank"" rel=""noopener"" class=""lawlink"">§ 4</a>), Vorrang und Zeitrang (Prioritätsprinzip)"	Gesetz
"Was regelt <a href=""https://www.gesetze-im-internet.de/markeng/__7.html"" target=""_blank"" rel=""noopener"" class=""lawlink"">§ 7 MarkenG</a>?"	Inhaberschaft<br><br>Inhaber von eingetragenen und angemeldeten Marken können sein:<br><br>1. natürliche Personen,<br><br>2. juristische Personen oder<br><br>3. Personengesellschaften, sofern sie mit der Fähigkeit ausgestattet<br> sind, Rechte zu erwerben und Verbindlichkeiten einzugehen.	Gesetz
"Was regelt <a href=""https://www.gesetze-im-internet.de/markeng/__8.html"" target=""_blank"" rel=""noopener"" class=""lawlink"">§ 8 MarkenG</a>?"	"Absolute Schutzhindernisse<br><br>Von der Eintragung sind als Marke schutzfähige Zeichen im Sinne<br>des <a href=""https://www.gesetze-im-internet.de/markeng/__3.html"" target=""_blank"" rel=""noopener"" class=""lawlink"">§ 3</a> ausgeschlossen, die nicht geeignet sind, in dem Register so<br>dargestellt zu werden, dass die zuständigen Behörden und das Publikum<br>den Gegenstand des Schutzes klar und eindeutig bestimmen können.<br><br>Zugehörige Begriffe: Absolute Schutzhindernisse (<a href=""https://www.gesetze-im-internet.de/markeng/__8.html"" target=""_blank"" rel=""noopener"" class=""lawlink"">§ 8 Abs. 2</a>), Abstrakte Farbmarke, Berücksichtigung der Verwendungsformen, Bösgläubige Markenanmeldung (<a href=""https://www.gesetze-im-internet.de/markeng/__8.html"" target=""_blank"" rel=""noopener"" class=""lawlink"">§ 8 Abs. 2 Nr. 14</a>), Darstellbarkeit im Register (<a href=""https://www.gesetze-im-internet.de/markeng/__8.html"" target=""_blank"" rel=""noopener"" class=""lawlink"">§ 8 Abs. 1</a>), Durchschnittsverbraucher / beteiligte Verkehrskreise, Formmarke / dreidimensionale Marke, Freihaltebedürfnis / beschreibende Angaben (<a href=""https://www.gesetze-im-internet.de/markeng/__8.html"" target=""_blank"" rel=""noopener"" class=""lawlink"">§ 8 Abs. 2 Nr. 2</a>)"	Gesetz
"Was regelt <a href=""https://www.gesetze-im-internet.de/markeng/__9.html"" target=""_blank"" rel=""noopener"" class=""lawlink"">§ 9 MarkenG</a>?"	"Angemeldete oder eingetragene Marken als relative Schutzhindernisse<br><br>Die Eintragung einer Marke kann gelöscht werden,<br><br>1. wenn sie mit einer angemeldeten oder eingetragenen Marke mit älterem<br> Zeitrang identisch ist und die Waren oder Dienstleistungen, für die<br> sie eingetragen worden ist, mit den Waren oder Dienstleistungen<br> identisch sind, für die die Marke mit älterem Zeitrang angemeldet oder<br> eingetragen worden ist,<br><br>2. wenn wegen ihrer Identität oder Ähnlichkeit mit einer angemeldeten<br> oder eingetragenen Marke mit älterem Zeitrang und der Identität oder<br> der Ähnlichkeit der durch die beiden Marken erfaßten Waren oder<br> Dienstleistungen für das Publikum die Gefahr von Verwechslungen<br> besteht, einschließlich der Gefahr, daß die Marken gedanklich<br> miteinander  …<br><br>Zugehörige Begriffe: Bekannte Marke (<a href=""https://www.gesetze-im-internet.de/markeng/__14.html"" target=""_blank"" rel=""noopener"" class=""lawlink"">§ 14 Abs. 2 Nr. 3</a>), Bekannte Marke als relatives Schutzhindernis (<a href=""https://www.gesetze-im-internet.de/markeng/__9.html"" target=""_blank"" rel=""noopener"" class=""lawlink"">§ 9 Abs. 1 Nr. 3</a>), Bekanntheit in der Union (<a href=""https://www.gesetze-im-internet.de/markeng/__125b.html"" target=""_blank"" rel=""noopener"" class=""lawlink"">§ 125b Nr. 1</a>, Art. 9 Abs. 2 lit. c UMV), Doppelidentität / Identitätsschutz (<a href=""https://www.gesetze-im-internet.de/markeng/__14.html"" target=""_blank"" rel=""noopener"" class=""lawlink"">§ 14 Abs. 2 Nr. 1</a>), Kennzeichnungskraft, Relative Schutzhindernisse (§§ <a href=""https://www.gesetze-im-internet.de/markeng/__9.html"" target=""_blank"" rel=""noopener"" class=""lawlink"">9</a>-<a href=""https://www.gesetze-im-internet.de/markeng/__13.html"" target=""_blank"" rel=""noopener"" class=""lawlink"">13</a>), Verwechslungsgefahr (<a href=""https://www.gesetze-im-internet.de/markeng/__14.html"" target=""_blank"" rel=""noopener"" class=""lawlink"">§ 14 Abs. 2 Nr. 2</a>), Waren-/Dienstleistungsähnlichkeit"	Gesetz
"Was regelt <a href=""https://www.gesetze-im-internet.de/markeng/__10.html"" target=""_blank"" rel=""noopener"" class=""lawlink"">§ 10 MarkenG</a>?"	"Notorisch bekannte Marken<br><br>Von der Eintragung ausgeschlossen ist eine Marke, wenn sie mit<br>einer im Inland im Sinne des Artikels<br>6bis der Pariser Verbandsübereinkunft notorisch bekannten Marke mit<br>älterem Zeitrang identisch oder dieser ähnlich ist und die weiteren<br>Voraussetzungen des <a href=""https://www.gesetze-im-internet.de/markeng/__9.html"" target=""_blank"" rel=""noopener"" class=""lawlink"">§ 9 Abs. 1 Nr. 1</a>, 2 oder 3 gegeben sind.<br><br>Zugehörige Begriffe: Notorische Bekanntheit (<a href=""https://www.gesetze-im-internet.de/markeng/__4.html"" target=""_blank"" rel=""noopener"" class=""lawlink"">§ 4 Nr. 3</a>), Relative Schutzhindernisse (§§ <a href=""https://www.gesetze-im-internet.de/markeng/__9.html"" target=""_blank"" rel=""noopener"" class=""lawlink"">9</a>-<a href=""https://www.gesetze-im-internet.de/markeng/__13.html"" target=""_blank"" rel=""noopener"" class=""lawlink"">13</a>)"	Gesetz
"Was regelt <a href=""https://www.gesetze-im-internet.de/markeng/__11.html"" target=""_blank"" rel=""noopener"" class=""lawlink"">§ 11 MarkenG</a>?"	"Agentenmarken<br><br>Die Eintragung einer Marke kann gelöscht werden, wenn die Marke ohne<br>die Zustimmung des Inhabers der Marke für dessen Agenten oder<br>Vertreter eingetragen worden ist, es sei denn, es liegt ein<br>Rechtfertigungsgrund für die Handlungsweise des Agenten oder des<br>Vertreters vor.<br><br>Zugehörige Begriffe: Relative Schutzhindernisse (§§ <a href=""https://www.gesetze-im-internet.de/markeng/__9.html"" target=""_blank"" rel=""noopener"" class=""lawlink"">9</a>-<a href=""https://www.gesetze-im-internet.de/markeng/__13.html"" target=""_blank"" rel=""noopener"" class=""lawlink"">13</a>)"	Gesetz
"Was regelt <a href=""https://www.gesetze-im-internet.de/markeng/__12.html"" target=""_blank"" rel=""noopener"" class=""lawlink"">§ 12 MarkenG</a>?"	"Durch Benutzung erworbene Marken und geschäftliche Bezeichnungen mit älterem Zeitrang<br><br>Die Eintragung einer Marke kann gelöscht werden, wenn ein anderer vor<br>dem für den Zeitrang der eingetragenen Marke maßgeblichen Tag Rechte<br>an einer Marke im Sinne des <a href=""https://www.gesetze-im-internet.de/markeng/__4.html"" target=""_blank"" rel=""noopener"" class=""lawlink"">§ 4 Nr. 2</a> oder an einer geschäftlichen<br>Bezeichnung im Sinne des <a href=""https://www.gesetze-im-internet.de/markeng/__5.html"" target=""_blank"" rel=""noopener"" class=""lawlink"">§ 5</a> erworben hat und diese ihn berechtigen,<br>die Benutzung der eingetragenen Marke im gesamten Gebiet der<br>Bundesrepublik Deutschland zu untersagen.<br><br>Zugehörige Begriffe: Relative Schutzhindernisse (§§ <a href=""https://www.gesetze-im-internet.de/markeng/__9.html"" target=""_blank"" rel=""noopener"" class=""lawlink"">9</a>-<a href=""https://www.gesetze-im-internet.de/markeng/__13.html"" target=""_blank"" rel=""noopener"" class=""lawlink"">13</a>)"	Gesetz
"Was regelt <a href=""https://www.gesetze-im-internet.de/markeng/__13.html"" target=""_blank"" rel=""noopener"" class=""lawlink"">§ 13 MarkenG</a>?"	"Sonstige ältere Rechte<br><br>Die Eintragung einer Marke kann gelöscht werden, wenn ein anderer<br>vor dem für den Zeitrang der eingetragenen Marke maßgeblichen Tag ein<br>sonstiges, nicht in den §§ <a href=""https://www.gesetze-im-internet.de/markeng/__9.html"" target=""_blank"" rel=""noopener"" class=""lawlink"">9</a> bis <a href=""https://www.gesetze-im-internet.de/markeng/__12.html"" target=""_blank"" rel=""noopener"" class=""lawlink"">12</a> aufgeführtes Recht erworben hat<br>und dieses ihn berechtigt, die Benutzung der eingetragenen Marke im<br>gesamten Gebiet der Bundesrepublik Deutschland zu untersagen.<br><br>Zugehörige Begriffe: Relative Schutzhindernisse (§§ <a href=""https://www.gesetze-im-internet.de/markeng/__9.html"" target=""_blank"" rel=""noopener"" class=""lawlink"">9</a>-<a href=""https://www.gesetze-im-internet.de/markeng/__13.html"" target=""_blank"" rel=""noopener"" class=""lawlink"">13</a>)"	Gesetz
"Was regelt <a href=""https://www.gesetze-im-internet.de/markeng/__14.html"" target=""_blank"" rel=""noopener"" class=""lawlink"">§ 14 MarkenG</a>?"	"Ausschließliches Recht des Inhabers einer Marke, Unterlassungsanspruch, Schadensersatzanspruch<br><br>Der Erwerb des Markenschutzes nach <a href=""https://www.gesetze-im-internet.de/markeng/__4.html"" target=""_blank"" rel=""noopener"" class=""lawlink"">§ 4</a> gewährt dem Inhaber der<br>Marke ein ausschließliches Recht.<br><br>Zugehörige Begriffe: Aktivlegitimation / Rechtsinhaberschaft, Ausnutzung der Unterscheidungskraft (Aufmerksamkeitsausbeutung), Ausnutzung der Wertschätzung (Rufausbeutung), Beeinträchtigung der Unterscheidungskraft (Verwässerung), Beeinträchtigung der Wertschätzung (Rufschädigung), Bekannte Marke (<a href=""https://www.gesetze-im-internet.de/markeng/__14.html"" target=""_blank"" rel=""noopener"" class=""lawlink"">§ 14 Abs. 2 Nr. 3</a>), Benutzung im geschäftlichen Verkehr, Domainname als Kennzeichen"	Gesetz
"Was regelt <a href=""https://www.gesetze-im-internet.de/markeng/__15.html"" target=""_blank"" rel=""noopener"" class=""lawlink"">§ 15 MarkenG</a>?"	"Ausschließliches Recht des Inhabers einer geschäftlichen Bezeichnung, Unterlassungsanspruch, Schadensersatzanspruch<br><br>Der Erwerb des Schutzes einer geschäftlichen Bezeichnung gewährt<br>ihrem Inhaber ein ausschließliches Recht.<br><br>Zugehörige Begriffe: Bekannte Marke (<a href=""https://www.gesetze-im-internet.de/markeng/__14.html"" target=""_blank"" rel=""noopener"" class=""lawlink"">§ 14 Abs. 2 Nr. 3</a>), Benutzung im geschäftlichen Verkehr, Branchennähe, Domainname als Kennzeichen, Firmenmäßiger Gebrauch, Geschäftliche Bezeichnungen (<a href=""https://www.gesetze-im-internet.de/markeng/__5.html"" target=""_blank"" rel=""noopener"" class=""lawlink"">§ 5</a>), Recht der Gleichnamigen, Unterlassungsanspruch (<a href=""https://www.gesetze-im-internet.de/markeng/__14.html"" target=""_blank"" rel=""noopener"" class=""lawlink"">§ 14 Abs. 5</a>)"	Gesetz
"Was regelt <a href=""https://www.gesetze-im-internet.de/markeng/__18.html"" target=""_blank"" rel=""noopener"" class=""lawlink"">§ 18 MarkenG</a>?"	"Vernichtungs- und Rückrufansprüche<br><br>Der Inhaber einer Marke oder einer geschäftlichen Bezeichnung kann<br>den Verletzer in den Fällen der §§ <a href=""https://www.gesetze-im-internet.de/markeng/__14.html"" target=""_blank"" rel=""noopener"" class=""lawlink"">14</a>, <a href=""https://www.gesetze-im-internet.de/markeng/__15.html"" target=""_blank"" rel=""noopener"" class=""lawlink"">15</a> und <a href=""https://www.gesetze-im-internet.de/markeng/__17.html"" target=""_blank"" rel=""noopener"" class=""lawlink"">17</a> auf Vernichtung der<br>im Besitz oder Eigentum des Verletzers befindlichen widerrechtlich<br>gekennzeichneten Waren in Anspruch nehmen. Satz 1 ist entsprechend auf<br>die im Eigentum des Verletzers stehenden Materialien und Geräte<br>anzuwenden, die vorwiegend zur widerrechtlichen Kennzeichnung der<br>Waren gedient haben.<br><br>Zugehörige Begriffe: Vernichtung, Rückruf, Auskunft (§§ <a href=""https://www.gesetze-im-internet.de/markeng/__18.html"" target=""_blank"" rel=""noopener"" class=""lawlink"">18</a>, <a href=""https://www.gesetze-im-internet.de/markeng/__19.html"" target=""_blank"" rel=""noopener"" class=""lawlink"">19</a>)"	Gesetz
"Was regelt <a href=""https://www.gesetze-im-internet.de/markeng/__19.html"" target=""_blank"" rel=""noopener"" class=""lawlink"">§ 19 MarkenG</a>?"	"Auskunftsanspruch<br><br>Der Inhaber einer Marke oder einer geschäftlichen Bezeichnung kann<br>den Verletzer in den Fällen der §§ <a href=""https://www.gesetze-im-internet.de/markeng/__14.html"" target=""_blank"" rel=""noopener"" class=""lawlink"">14</a>, <a href=""https://www.gesetze-im-internet.de/markeng/__15.html"" target=""_blank"" rel=""noopener"" class=""lawlink"">15</a> und <a href=""https://www.gesetze-im-internet.de/markeng/__17.html"" target=""_blank"" rel=""noopener"" class=""lawlink"">17</a> auf unverzügliche<br>Auskunft über die Herkunft und den Vertriebsweg von widerrechtlich<br>gekennzeichneten Waren oder Dienstleistungen in Anspruch nehmen.<br><br>Zugehörige Begriffe: Schadensersatz (<a href=""https://www.gesetze-im-internet.de/markeng/__14.html"" target=""_blank"" rel=""noopener"" class=""lawlink"">§ 14 Abs. 6</a>) und dreifache Schadensberechnung, Vernichtung, Rückruf, Auskunft (§§ <a href=""https://www.gesetze-im-internet.de/markeng/__18.html"" target=""_blank"" rel=""noopener"" class=""lawlink"">18</a>, <a href=""https://www.gesetze-im-internet.de/markeng/__19.html"" target=""_blank"" rel=""noopener"" class=""lawlink"">19</a>)"	Gesetz
"Was regelt <a href=""https://www.gesetze-im-internet.de/markeng/__19a.html"" target=""_blank"" rel=""noopener"" class=""lawlink"">§ 19a MarkenG</a>?"	"Vorlage- und Besichtigungsansprüche<br><br>Bei hinreichender Wahrscheinlichkeit einer Rechtsverletzung nach<br>den §§ <a href=""https://www.gesetze-im-internet.de/markeng/__14.html"" target=""_blank"" rel=""noopener"" class=""lawlink"">14</a>, <a href=""https://www.gesetze-im-internet.de/markeng/__15.html"" target=""_blank"" rel=""noopener"" class=""lawlink"">15</a> und <a href=""https://www.gesetze-im-internet.de/markeng/__17.html"" target=""_blank"" rel=""noopener"" class=""lawlink"">17</a> kann der Inhaber einer Marke oder einer<br>geschäftlichen Bezeichnung den vermeintlichen Verletzer auf Vorlage<br>einer Urkunde oder Besichtigung einer Sache in Anspruch nehmen, die<br>sich in dessen Verfügungsgewalt befindet, wenn dies zur Begründung<br>seiner Ansprüche erforderlich ist. Besteht die hinreichende<br>Wahrscheinlichkeit einer in gewerblichem Ausmaß begangenen<br>Rechtsverletzung, erstreckt sich der Anspruch auch auf die Vorlage von<br>Bank-, Finanz- oder Handelsunterlagen. Soweit der vermeintliche<br>Verletzer geltend macht, dass es sich um vertrauliche Informationen<br>handelt, trifft das Gericht die erforderlichen Ma …<br><br>Zugehörige Begriffe: Vernichtung, Rückruf, Auskunft (§§ <a href=""https://www.gesetze-im-internet.de/markeng/__18.html"" target=""_blank"" rel=""noopener"" class=""lawlink"">18</a>, <a href=""https://www.gesetze-im-internet.de/markeng/__19.html"" target=""_blank"" rel=""noopener"" class=""lawlink"">19</a>)"	Gesetz
"Was regelt <a href=""https://www.gesetze-im-internet.de/markeng/__19b.html"" target=""_blank"" rel=""noopener"" class=""lawlink"">§ 19b MarkenG</a>?"	"Sicherung von Schadensersatzansprüchen<br><br>Der Inhaber einer Marke oder einer geschäftlichen Bezeichnung kann<br>den Verletzer bei einer in gewerblichem Ausmaß begangenen<br>Rechtsverletzung in den Fällen des <a href=""https://www.gesetze-im-internet.de/markeng/__14.html"" target=""_blank"" rel=""noopener"" class=""lawlink"">§ 14 Abs. 6</a>, <a href=""https://www.gesetze-im-internet.de/markeng/__15.html"" target=""_blank"" rel=""noopener"" class=""lawlink"">§ 15 Abs. 5</a> sowie <a href=""https://www.gesetze-im-internet.de/markeng/__17.html"" target=""_blank"" rel=""noopener"" class=""lawlink"">§ 17<br>Abs. 2 Satz 2</a> auch auf Vorlage von Bank-, Finanz- oder<br>Handelsunterlagen oder einen geeigneten Zugang zu den entsprechenden<br>Unterlagen in Anspruch nehmen, die sich in der Verfügungsgewalt des<br>Verletzers befinden und die für die Durchsetzung des<br>Schadensersatzanspruchs erforderlich sind, wenn ohne die Vorlage die<br>Erfüllung des Schadensersatzanspruchs fraglich ist. Soweit der<br>Verletzer geltend macht, dass es sich um vertrauliche Informationen<br>handelt, trifft das Gericht die erforderlichen Maßnahmen, u …<br><br>Zugehörige Begriffe: Vernichtung, Rückruf, Auskunft (§§ <a href=""https://www.gesetze-im-internet.de/markeng/__18.html"" target=""_blank"" rel=""noopener"" class=""lawlink"">18</a>, <a href=""https://www.gesetze-im-internet.de/markeng/__19.html"" target=""_blank"" rel=""noopener"" class=""lawlink"">19</a>)"	Gesetz
"Was regelt <a href=""https://www.gesetze-im-internet.de/markeng/__19c.html"" target=""_blank"" rel=""noopener"" class=""lawlink"">§ 19c MarkenG</a>?"	"Urteilsbekanntmachung<br><br>Ist eine Klage auf Grund dieses Gesetzes erhoben worden, kann der<br>obsiegenden Partei im Urteil die Befugnis zugesprochen werden, das<br>Urteil auf Kosten der unterliegenden Partei öffentlich bekannt zu<br>machen, wenn sie ein berechtigtes Interesse darlegt. Art und Umfang<br>der Bekanntmachung werden im Urteil bestimmt. Die Befugnis erlischt,<br>wenn von ihr nicht innerhalb von drei Monaten nach Eintritt der<br>Rechtskraft des Urteils Gebrauch gemacht wird. Der Ausspruch nach Satz<br>1 ist nicht vorläufig vollstreckbar.<br><br>Zugehörige Begriffe: Vernichtung, Rückruf, Auskunft (§§ <a href=""https://www.gesetze-im-internet.de/markeng/__18.html"" target=""_blank"" rel=""noopener"" class=""lawlink"">18</a>, <a href=""https://www.gesetze-im-internet.de/markeng/__19.html"" target=""_blank"" rel=""noopener"" class=""lawlink"">19</a>)"	Gesetz
"Was regelt <a href=""https://www.gesetze-im-internet.de/markeng/__19d.html"" target=""_blank"" rel=""noopener"" class=""lawlink"">§ 19d MarkenG</a>?"	Ansprüche aus anderen gesetzlichen Vorschriften<br><br>Ansprüche aus anderen gesetzlichen Vorschriften bleiben unberührt.	Gesetz
"Was regelt <a href=""https://www.gesetze-im-internet.de/markeng/__20.html"" target=""_blank"" rel=""noopener"" class=""lawlink"">§ 20 MarkenG</a>?"	"Verjährung<br><br>Auf die Verjährung der in den §§ <a href=""https://www.gesetze-im-internet.de/markeng/__14.html"" target=""_blank"" rel=""noopener"" class=""lawlink"">14</a> bis <a href=""https://www.gesetze-im-internet.de/markeng/__19c.html"" target=""_blank"" rel=""noopener"" class=""lawlink"">19c</a> genannten Ansprüche finden<br>die Vorschriften des Abschnitts 5 des Buches 1 des Bürgerlichen<br>Gesetzbuchs entsprechende Anwendung. Hat der Verpflichtete durch die<br>Verletzung auf Kosten des Berechtigten etwas erlangt, findet <a href=""https://www.gesetze-im-internet.de/markeng/__852.html"" target=""_blank"" rel=""noopener"" class=""lawlink"">§ 852</a> des<br>Bürgerlichen Gesetzbuchs entsprechende Anwendung.<br><br>Zugehörige Begriffe: Verjährung (<a href=""https://www.gesetze-im-internet.de/markeng/__20.html"" target=""_blank"" rel=""noopener"" class=""lawlink"">§ 20</a>)"	Gesetz
"Was regelt <a href=""https://www.gesetze-im-internet.de/markeng/__21.html"" target=""_blank"" rel=""noopener"" class=""lawlink"">§ 21 MarkenG</a>?"	"Verwirkung von Ansprüchen<br><br>Der Inhaber einer Marke oder einer geschäftlichen Bezeichnung hat<br>nicht das Recht, die Benutzung einer eingetragenen Marke mit jüngerem<br>Zeitrang für die Waren oder Dienstleistungen, für die sie eingetragen<br>ist, zu untersagen, soweit er die Benutzung der Marke während eines<br>Zeitraums von fünf aufeinanderfolgenden Jahren in Kenntnis dieser<br>Benutzung geduldet hat, es sei denn, daß die Anmeldung der Marke mit<br>jüngerem Zeitrang bösgläubig vorgenommen worden ist.<br><br>Zugehörige Begriffe: Ausschluss von Ansprüchen bei Bestandskraft der jüngeren Marke (<a href=""https://www.gesetze-im-internet.de/markeng/__22.html"" target=""_blank"" rel=""noopener"" class=""lawlink"">§ 22</a>), Verwirkung (<a href=""https://www.gesetze-im-internet.de/markeng/__21.html"" target=""_blank"" rel=""noopener"" class=""lawlink"">§ 21</a>)"	Gesetz
"Was regelt <a href=""https://www.gesetze-im-internet.de/markeng/__22.html"" target=""_blank"" rel=""noopener"" class=""lawlink"">§ 22 MarkenG</a>?"	"Ausschluß von Ansprüchen bei Bestandskraft der Eintragung einer Marke mit jüngerem Zeitrang<br><br>Der Inhaber einer Marke oder einer geschäftlichen Bezeichnung hat<br>nicht das Recht, die Benutzung einer eingetragenen Marke mit jüngerem<br>Zeitrang für die Waren oder Dienstleistungen, für die sie eingetragen<br>ist, zu untersagen, wenn ein Antrag auf Erklärung der Nichtigkeit der<br>Marke mit jüngerem Zeitrang zurückgewiesen worden ist oder<br>zurückzuweisen wäre,<br><br>1. weil die Marke oder geschäftliche Bezeichnung mit älterem Zeitrang an<br> dem für den Zeitrang der Eintragung der Marke mit jüngerem Zeitrang<br> maßgeblichen Tag noch nicht im Sinne des <a href=""https://www.gesetze-im-internet.de/markeng/__9.html"" target=""_blank"" rel=""noopener"" class=""lawlink"">§ 9 Abs. 1 Nr. 3</a>, des <a href=""https://www.gesetze-im-internet.de/markeng/__14.html"" target=""_blank"" rel=""noopener"" class=""lawlink"">§ 14<br> Absatz 2 Satz 1 Nummer 3</a> oder des <a href=""https://www.gesetze-im-internet.de/markeng/__15.html"" target=""_blank"" rel=""noopener"" class=""lawlink"">§ 15 Abs. 3</a> bekannt war (<a href=""https://www.gesetze-im-internet.de/markeng/__51.html"" target=""_blank"" rel=""noopener"" class=""lawlink"">§ 51 Abs.<br> 3</a>),<br><br>2. weil die Eintragung der Marke mit älterem Zeitrang am …<br><br>Zugehörige Begriffe: Ausschluss von Ansprüchen bei Bestandskraft der jüngeren Marke (<a href=""https://www.gesetze-im-internet.de/markeng/__22.html"" target=""_blank"" rel=""noopener"" class=""lawlink"">§ 22</a>), Bekannte Marke als relatives Schutzhindernis (<a href=""https://www.gesetze-im-internet.de/markeng/__9.html"" target=""_blank"" rel=""noopener"" class=""lawlink"">§ 9 Abs. 1 Nr. 3</a>)"	Gesetz
"Was regelt <a href=""https://www.gesetze-im-internet.de/markeng/__23.html"" target=""_blank"" rel=""noopener"" class=""lawlink"">§ 23 MarkenG</a>?"	"Benutzung von Namen und beschreibenden Angaben; Ersatzteilgeschäft<br><br>Der Inhaber einer Marke oder einer geschäftlichen Bezeichnung darf<br>einem Dritten nicht untersagen, im geschäftlichen Verkehr Folgendes zu<br>benutzen:<br><br>1. den Namen oder die Anschrift des Dritten, wenn dieser eine natürliche<br> Person ist,<br><br>2. ein mit der Marke oder der geschäftlichen Bezeichnung identisches<br> Zeichen oder ähnliches Zeichen, dem jegliche Unterscheidungskraft<br> fehlt, oder ein identisches Zeichen oder ein ähnliches Zeichen als<br> Angabe über Merkmale oder Eigenschaften von Waren oder<br> Dienstleistungen, wie insbesondere deren Art, Beschaffenheit,<br> Bestimmung, Wert, geografische Herkunft oder die Zeit ihrer<br> Herstellung oder ihrer Erbringung, oder<br><br>3. die Marke oder die geschäftliche Be …<br><br>Zugehörige Begriffe: Bestimmungshinweis / Ersatzteil- und Zubehörgeschäft (<a href=""https://www.gesetze-im-internet.de/markeng/__23.html"" target=""_blank"" rel=""noopener"" class=""lawlink"">§ 23 Abs. 1 Nr. 3</a>), Recht der Gleichnamigen, Schranken des <a href=""https://www.gesetze-im-internet.de/markeng/__23.html"" target=""_blank"" rel=""noopener"" class=""lawlink"">§ 23</a> (Namen, beschreibende Angaben, Bestimmungshinweis)"	Gesetz
"Was regelt <a href=""https://www.gesetze-im-internet.de/markeng/__24.html"" target=""_blank"" rel=""noopener"" class=""lawlink"">§ 24 MarkenG</a>?"	"Erschöpfung<br><br>Der Inhaber einer Marke oder einer geschäftlichen Bezeichnung hat<br>nicht das Recht, einem Dritten zu untersagen, die Marke oder die<br>geschäftliche Bezeichnung für Waren zu benutzen, die unter dieser<br>Marke oder dieser geschäftlichen Bezeichnung von ihm oder mit seiner<br>Zustimmung im Inland, in einem der übrigen Mitgliedstaaten der<br>Europäischen Union oder in einem anderen Vertragsstaat des Abkommens<br>über den Europäischen Wirtschaftsraum in den Verkehr gebracht worden<br>sind.<br><br>Zugehörige Begriffe: Berechtigte Gründe gegen Erschöpfung (<a href=""https://www.gesetze-im-internet.de/markeng/__24.html"" target=""_blank"" rel=""noopener"" class=""lawlink"">§ 24 Abs. 2</a>), Beweislast bei der Erschöpfung, Erschöpfung (<a href=""https://www.gesetze-im-internet.de/markeng/__24.html"" target=""_blank"" rel=""noopener"" class=""lawlink"">§ 24 Abs. 1</a>), Umverpackung / Parallelimport (BMS-Kriterien)"	Gesetz
"Was regelt <a href=""https://www.gesetze-im-internet.de/markeng/__25.html"" target=""_blank"" rel=""noopener"" class=""lawlink"">§ 25 MarkenG</a>?"	"Ausschluss von Ansprüchen bei mangelnder Benutzung<br><br>Der Inhaber einer eingetragenen Marke kann gegen Dritte Ansprüche<br>im Sinne der §§ <a href=""https://www.gesetze-im-internet.de/markeng/__14.html"" target=""_blank"" rel=""noopener"" class=""lawlink"">14</a> und <a href=""https://www.gesetze-im-internet.de/markeng/__18.html"" target=""_blank"" rel=""noopener"" class=""lawlink"">18</a> bis <a href=""https://www.gesetze-im-internet.de/markeng/__19c.html"" target=""_blank"" rel=""noopener"" class=""lawlink"">19c</a> nicht geltend machen, wenn die Marke<br>innerhalb der letzten fünf Jahre vor der Geltendmachung des Anspruchs<br>für die Waren oder Dienstleistungen, auf die er sich zur Begründung<br>seines Anspruchs beruft, nicht gemäß <a href=""https://www.gesetze-im-internet.de/markeng/__26.html"" target=""_blank"" rel=""noopener"" class=""lawlink"">§ 26</a> benutzt worden ist, sofern<br>zu diesem Zeitpunkt seit mindestens fünf Jahren kein Widerspruch mehr<br>gegen die Marke möglich war.<br><br>Zugehörige Begriffe: Benutzungsschonfrist, Benutzungsschonfrist und Einreden bei IR-Marken (<a href=""https://www.gesetze-im-internet.de/markeng/__115.html"" target=""_blank"" rel=""noopener"" class=""lawlink"">§§ 115 Abs. 2</a>, 116, 117), Nichtbenutzungseinrede (<a href=""https://www.gesetze-im-internet.de/markeng/__25.html"" target=""_blank"" rel=""noopener"" class=""lawlink"">§ 25</a>, <a href=""https://www.gesetze-im-internet.de/markeng/__43.html"" target=""_blank"" rel=""noopener"" class=""lawlink"">§ 43 Abs. 1</a>), Rechtserhaltende Benutzung (<a href=""https://www.gesetze-im-internet.de/markeng/__26.html"" target=""_blank"" rel=""noopener"" class=""lawlink"">§ 26</a>)"	Gesetz
"Was regelt <a href=""https://www.gesetze-im-internet.de/markeng/__26.html"" target=""_blank"" rel=""noopener"" class=""lawlink"">§ 26 MarkenG</a>?"	"Benutzung der Marke<br><br>Soweit die Geltendmachung von Ansprüchen aus einer eingetragenen<br>Marke oder die Aufrechterhaltung der Eintragung davon abhängig ist,<br>daß die Marke benutzt worden ist, muß sie von ihrem Inhaber für die<br>Waren oder Dienstleistungen, für die sie eingetragen ist, im Inland<br>ernsthaft benutzt worden sein, es sei denn, daß berechtigte Gründe für<br>die Nichtbenutzung vorliegen.<br><br>Zugehörige Begriffe: Benutzung in abweichender Form (<a href=""https://www.gesetze-im-internet.de/markeng/__26.html"" target=""_blank"" rel=""noopener"" class=""lawlink"">§ 26 Abs. 3</a>), Benutzungsschonfrist, Benutzungsschonfrist und Einreden bei IR-Marken (<a href=""https://www.gesetze-im-internet.de/markeng/__115.html"" target=""_blank"" rel=""noopener"" class=""lawlink"">§§ 115 Abs. 2</a>, 116, 117), Ernsthafte Benutzung, Ernsthafte Benutzung der Unionsmarke (Art. 18 UMV, <a href=""https://www.gesetze-im-internet.de/markeng/__125b.html"" target=""_blank"" rel=""noopener"" class=""lawlink"">§ 125b Nr. 4</a>, 5), Rechtserhaltende Benutzung (<a href=""https://www.gesetze-im-internet.de/markeng/__26.html"" target=""_blank"" rel=""noopener"" class=""lawlink"">§ 26</a>)"	Gesetz
"Was regelt <a href=""https://www.gesetze-im-internet.de/markeng/__27.html"" target=""_blank"" rel=""noopener"" class=""lawlink"">§ 27 MarkenG</a>?"	"Rechtsübergang<br><br>Das durch die Eintragung, die Benutzung oder die notorische<br>Bekanntheit einer Marke begründete Recht kann für alle oder für einen<br>Teil der Waren oder Dienstleistungen, für die die Marke Schutz<br>genießt, auf andere übertragen werden oder übergehen.<br><br>Zugehörige Begriffe: Lizenz (<a href=""https://www.gesetze-im-internet.de/markeng/__30.html"" target=""_blank"" rel=""noopener"" class=""lawlink"">§ 30</a>)"	Gesetz
"Was regelt <a href=""https://www.gesetze-im-internet.de/markeng/__28.html"" target=""_blank"" rel=""noopener"" class=""lawlink"">§ 28 MarkenG</a>?"	Vermutung der Rechtsinhaberschaft, Zustellungen an den Inhaber<br><br>Es wird vermutet, daß das durch die Eintragung einer Marke<br>begründete Recht dem im Register als Inhaber Eingetragenen zusteht.<br><br>Zugehörige Begriffe: Aktivlegitimation / Rechtsinhaberschaft	Gesetz
"Was regelt <a href=""https://www.gesetze-im-internet.de/markeng/__29.html"" target=""_blank"" rel=""noopener"" class=""lawlink"">§ 29 MarkenG</a>?"	Dingliche Rechte, Zwangsvollstreckung, Insolvenzverfahren<br><br>Das durch die Eintragung, die Benutzung oder die notorische<br>Bekanntheit einer Marke begründete Recht kann<br><br>1. verpfändet werden oder Gegenstand eines sonstigen dinglichen Rechts<br> sein oder<br><br>2. Gegenstand von Maßnahmen der Zwangsvollstreckung sein.	Gesetz
"Was regelt <a href=""https://www.gesetze-im-internet.de/markeng/__30.html"" target=""_blank"" rel=""noopener"" class=""lawlink"">§ 30 MarkenG</a>?"	"Lizenzen<br><br>Das durch die Eintragung, die Benutzung oder die notorische<br>Bekanntheit einer Marke begründete Recht kann für alle oder für einen<br>Teil der Waren oder Dienstleistungen, für die die Marke Schutz<br>genießt, Gegenstand von ausschließlichen oder nicht ausschließlichen<br>Lizenzen für das Gebiet der Bundesrepublik Deutschland insgesamt oder<br>einen Teil dieses Gebiets sein.<br><br>Zugehörige Begriffe: Aktivlegitimation / Rechtsinhaberschaft, Erschöpfung (<a href=""https://www.gesetze-im-internet.de/markeng/__24.html"" target=""_blank"" rel=""noopener"" class=""lawlink"">§ 24 Abs. 1</a>), Lizenz (<a href=""https://www.gesetze-im-internet.de/markeng/__30.html"" target=""_blank"" rel=""noopener"" class=""lawlink"">§ 30</a>)"	Gesetz
"Was regelt <a href=""https://www.gesetze-im-internet.de/markeng/__32.html"" target=""_blank"" rel=""noopener"" class=""lawlink"">§ 32 MarkenG</a>?"	"Erfordernisse der Anmeldung<br><br>Die Anmeldung zur Eintragung einer Marke in das Register ist beim<br>Deutschen Patent- und Markenamt einzureichen. Die Anmeldung kann auch<br>über ein Patentinformationszentrum eingereicht werden, wenn diese<br>Stelle durch Bekanntmachung des Bundesministeriums der Justiz und für<br>Verbraucherschutz im Bundesgesetzblatt dazu bestimmt ist,<br>Markenanmeldungen entgegenzunehmen.<br><br>Zugehörige Begriffe: Darstellbarkeit im Register (<a href=""https://www.gesetze-im-internet.de/markeng/__8.html"" target=""_blank"" rel=""noopener"" class=""lawlink"">§ 8 Abs. 1</a>)"	Gesetz
"Was regelt <a href=""https://www.gesetze-im-internet.de/markeng/__33.html"" target=""_blank"" rel=""noopener"" class=""lawlink"">§ 33 MarkenG</a>?"	"Anmeldetag, Anspruch auf Eintragung, Veröffentlichung der Anmeldung<br><br>Der Anmeldetag einer Marke ist der Tag, an dem der Anmelder die<br>Anmeldung mit den Angaben nach <a href=""https://www.gesetze-im-internet.de/markeng/__32.html"" target=""_blank"" rel=""noopener"" class=""lawlink"">§ 32 Absatz 2</a> beim Deutschen Patent-<br>und Markenamt eingereicht hat. Der Eingang der Anmeldeunterlagen bei<br>einem Patentinformationszentrum, das durch Bekanntmachung des<br>Bundesministeriums der Justiz und für Verbraucherschutz im<br>Bundesgesetzblatt zur Entgegennahme von Markenanmeldungen bestimmt<br>ist, gilt als Eingang beim Deutschen Patent- und Markenamt.<br><br>Zugehörige Begriffe: Vorrang und Zeitrang (Prioritätsprinzip)"	Gesetz
"Was regelt <a href=""https://www.gesetze-im-internet.de/markeng/__34.html"" target=""_blank"" rel=""noopener"" class=""lawlink"">§ 34 MarkenG</a>?"	Ausländische Priorität<br><br>Die Inanspruchnahme der Priorität einer früheren ausländischen<br>Anmeldung richtet sich nach den Vorschriften der Staatsverträge mit<br>der Maßgabe, daß die Priorität nach der Pariser Verbandsübereinkunft<br>auch für Dienstleistungen in Anspruch genommen werden kann.<br><br>Zugehörige Begriffe: Vorrang und Zeitrang (Prioritätsprinzip)	Gesetz
"Was regelt <a href=""https://www.gesetze-im-internet.de/markeng/__35.html"" target=""_blank"" rel=""noopener"" class=""lawlink"">§ 35 MarkenG</a>?"	"Ausstellungspriorität<br><br>Hat der Anmelder der Marke Waren oder Dienstleistungen unter der<br>angemeldeten Marke<br><br>1. auf einer amtlichen oder amtlich anerkannten internationalen<br> Ausstellung im Sinne des am 22. November 1928 in Paris unterzeichneten<br> Abkommens über internationale Ausstellungen oder<br><br>2. auf einer sonstigen inländischen oder ausländischen Ausstellung<br><br>zur Schau gestellt, kann er, wenn er die Anmeldung innerhalb einer<br>Frist von sechs Monaten seit der erstmaligen Zurschaustellung der<br>Waren oder Dienstleistungen unter der angemeldeten Marke einreicht,<br>von diesem Tag an ein Prioritätsrecht im Sinne des <a href=""https://www.gesetze-im-internet.de/markeng/__34.html"" target=""_blank"" rel=""noopener"" class=""lawlink"">§ 34</a> in Anspruch<br>nehmen.<br><br>Zugehörige Begriffe: Vorrang und Zeitrang (Prioritätsprinzip)"	Gesetz
"Was regelt <a href=""https://www.gesetze-im-internet.de/markeng/__36.html"" target=""_blank"" rel=""noopener"" class=""lawlink"">§ 36 MarkenG</a>?"	"Prüfung der Anmeldungserfordernisse<br><br>Das Deutsche Patent- und Markenamt prüft, ob<br><br>1. die Anmeldung der Marke den Erfordernissen für die Zuerkennung eines<br> Anmeldetages nach <a href=""https://www.gesetze-im-internet.de/markeng/__33.html"" target=""_blank"" rel=""noopener"" class=""lawlink"">§ 33 Abs. 1</a> genügt,<br><br>2. die Anmeldung den sonstigen Anmeldungserfordernissen entspricht,<br><br>3. die Gebühren in ausreichender Höhe gezahlt worden sind und<br><br>4. der Anmelder nach <a href=""https://www.gesetze-im-internet.de/markeng/__7.html"" target=""_blank"" rel=""noopener"" class=""lawlink"">§ 7</a> Inhaber einer Marke sein kann."	Gesetz
"Was regelt <a href=""https://www.gesetze-im-internet.de/markeng/__37.html"" target=""_blank"" rel=""noopener"" class=""lawlink"">§ 37 MarkenG</a>?"	"Prüfung auf absolute Schutzhindernisse; Bemerkungen Dritter<br><br>Ist die Marke nach <a href=""https://www.gesetze-im-internet.de/markeng/__3.html"" target=""_blank"" rel=""noopener"" class=""lawlink"">§ 3, 8</a> oder 10 von der Eintragung<br>ausgeschlossen, so wird die Anmeldung zurückgewiesen.<br><br>Zugehörige Begriffe: Absolute Schutzhindernisse (<a href=""https://www.gesetze-im-internet.de/markeng/__8.html"" target=""_blank"" rel=""noopener"" class=""lawlink"">§ 8 Abs. 2</a>), Bösgläubige Markenanmeldung (<a href=""https://www.gesetze-im-internet.de/markeng/__8.html"" target=""_blank"" rel=""noopener"" class=""lawlink"">§ 8 Abs. 2 Nr. 14</a>), Täuschungseignung (<a href=""https://www.gesetze-im-internet.de/markeng/__8.html"" target=""_blank"" rel=""noopener"" class=""lawlink"">§ 8 Abs. 2 Nr. 4</a>)"	Gesetz
"Was regelt <a href=""https://www.gesetze-im-internet.de/markeng/__41.html"" target=""_blank"" rel=""noopener"" class=""lawlink"">§ 41 MarkenG</a>?"	"Eintragung, Veröffentlichung und Markeninformation<br><br>Entspricht die Anmeldung den Anmeldungserfordernissen und wird sie<br>nicht gemäß <a href=""https://www.gesetze-im-internet.de/markeng/__37.html"" target=""_blank"" rel=""noopener"" class=""lawlink"">§ 37</a> zurückgewiesen, so wird die angemeldete Marke in das<br>Register eingetragen."	Gesetz
"Was regelt <a href=""https://www.gesetze-im-internet.de/markeng/__42.html"" target=""_blank"" rel=""noopener"" class=""lawlink"">§ 42 MarkenG</a>?"	"Widerspruch<br><br>Innerhalb einer Frist von drei Monaten nach dem Tag der<br>Veröffentlichung der Eintragung der Marke gemäß <a href=""https://www.gesetze-im-internet.de/markeng/__41.html"" target=""_blank"" rel=""noopener"" class=""lawlink"">§ 41 Absatz 2</a> kann von<br>dem Inhaber einer Marke oder einer geschäftlichen Bezeichnung mit<br>älterem Zeitrang gegen die Eintragung der Marke Widerspruch erhoben<br>werden. Innerhalb dieser Frist kann auch von Personen, die berechtigt<br>sind, Rechte aus einer geschützten Ursprungsbezeichnung oder einer<br>geschützten geografischen Angabe mit älterem Zeitrang geltend zu<br>machen, gegen die Eintragung der Marke Widerspruch erhoben werden.<br><br>Zugehörige Begriffe: Bekannte Marke als relatives Schutzhindernis (<a href=""https://www.gesetze-im-internet.de/markeng/__9.html"" target=""_blank"" rel=""noopener"" class=""lawlink"">§ 9 Abs. 1 Nr. 3</a>), Relative Schutzhindernisse (§§ <a href=""https://www.gesetze-im-internet.de/markeng/__9.html"" target=""_blank"" rel=""noopener"" class=""lawlink"">9</a>-<a href=""https://www.gesetze-im-internet.de/markeng/__13.html"" target=""_blank"" rel=""noopener"" class=""lawlink"">13</a>), Widerspruchsverfahren (§§ <a href=""https://www.gesetze-im-internet.de/markeng/__42.html"" target=""_blank"" rel=""noopener"" class=""lawlink"">42</a>, <a href=""https://www.gesetze-im-internet.de/markeng/__43.html"" target=""_blank"" rel=""noopener"" class=""lawlink"">43</a>)"	Gesetz
"Was regelt <a href=""https://www.gesetze-im-internet.de/markeng/__43.html"" target=""_blank"" rel=""noopener"" class=""lawlink"">§ 43 MarkenG</a>?"	"Einrede mangelnder Benutzung, Entscheidung über den Widerspruch<br><br>Ist der Widerspruch vom Inhaber einer eingetragenen Marke mit<br>älterem Zeitrang erhoben worden, so hat er, wenn der Gegner die<br>Einrede der Nichtbenutzung erhebt, nachzuweisen, dass die Marke<br>innerhalb der letzten fünf Jahre vor dem Anmelde- oder Prioritätstag<br>der Marke, gegen die der Widerspruch sich richtet, gemäß <a href=""https://www.gesetze-im-internet.de/markeng/__26.html"" target=""_blank"" rel=""noopener"" class=""lawlink"">§ 26</a> benutzt<br>worden ist, sofern zu diesem Zeitpunkt seit mindestens fünf Jahren<br>kein Widerspruch mehr gegen sie möglich war. Der Nachweis kann auch<br>durch eine eidesstattliche Versicherung erbracht werden. Bei der<br>Entscheidung werden nur Waren und Dienstleistungen berücksichtigt, für<br>die die Benutzung nachgewiesen worden ist.<br><br>Zugehörige Begriffe: Ernsthafte Benutzung der Unionsmarke (Art. 18 UMV, <a href=""https://www.gesetze-im-internet.de/markeng/__125b.html"" target=""_blank"" rel=""noopener"" class=""lawlink"">§ 125b Nr. 4</a>, 5), Nichtbenutzungseinrede (<a href=""https://www.gesetze-im-internet.de/markeng/__25.html"" target=""_blank"" rel=""noopener"" class=""lawlink"">§ 25</a>, <a href=""https://www.gesetze-im-internet.de/markeng/__43.html"" target=""_blank"" rel=""noopener"" class=""lawlink"">§ 43 Abs. 1</a>), Rechtserhaltende Benutzung (<a href=""https://www.gesetze-im-internet.de/markeng/__26.html"" target=""_blank"" rel=""noopener"" class=""lawlink"">§ 26</a>), Widerspruchsverfahren (§§ <a href=""https://www.gesetze-im-internet.de/markeng/__42.html"" target=""_blank"" rel=""noopener"" class=""lawlink"">42</a>, <a href=""https://www.gesetze-im-internet.de/markeng/__43.html"" target=""_blank"" rel=""noopener"" class=""lawlink"">43</a>)"	Gesetz
"Was regelt <a href=""https://www.gesetze-im-internet.de/markeng/__47.html"" target=""_blank"" rel=""noopener"" class=""lawlink"">§ 47 MarkenG</a>?"	"Schutzdauer und Verlängerung<br><br>Die Schutzdauer einer eingetragenen Marke beträgt zehn Jahre,<br>gerechnet vom Tag der Anmeldung an (<a href=""https://www.gesetze-im-internet.de/markeng/__33.html"" target=""_blank"" rel=""noopener"" class=""lawlink"">§ 33 Absatz 1</a>)."	Gesetz
"Was regelt <a href=""https://www.gesetze-im-internet.de/markeng/__48.html"" target=""_blank"" rel=""noopener"" class=""lawlink"">§ 48 MarkenG</a>?"	Verzicht<br><br>Auf Antrag des Inhabers der Marke wird die Eintragung jederzeit<br>für alle oder für einen Teil der Waren oder Dienstleistungen, für die<br>sie eingetragen ist, im Register gelöscht.	Gesetz
"Was regelt <a href=""https://www.gesetze-im-internet.de/markeng/__49.html"" target=""_blank"" rel=""noopener"" class=""lawlink"">§ 49 MarkenG</a>?"	"Verfall<br><br>Die Eintragung einer Marke wird auf Antrag für verfallen erklärt<br>und gelöscht, wenn die Marke nach dem Tag, ab dem kein Widerspruch<br>mehr gegen sie möglich ist, innerhalb eines ununterbrochenen Zeitraums<br>von fünf Jahren nicht gemäß <a href=""https://www.gesetze-im-internet.de/markeng/__26.html"" target=""_blank"" rel=""noopener"" class=""lawlink"">§ 26</a> benutzt worden ist. Der Verfall einer<br>Marke kann jedoch nicht geltend gemacht werden, wenn nach Ende dieses<br>Zeitraums und vor Stellung des Antrags auf Erklärung des Verfalls eine<br>Benutzung der Marke gemäß <a href=""https://www.gesetze-im-internet.de/markeng/__26.html"" target=""_blank"" rel=""noopener"" class=""lawlink"">§ 26</a> begonnen oder wieder aufgenommen worden<br>ist. Wird die Benutzung jedoch im Anschluß an einen ununterbrochenen<br>Zeitraum von fünf Jahren der Nichtbenutzung innerhalb von drei Monaten<br>vor der Stellung des Antrags auf Erklärung des Verfalls begonnen oder<br>wied …<br><br>Zugehörige Begriffe: Benutzungsschonfrist, Rechtserhaltende Benutzung (<a href=""https://www.gesetze-im-internet.de/markeng/__26.html"" target=""_blank"" rel=""noopener"" class=""lawlink"">§ 26</a>), Täuschungseignung (<a href=""https://www.gesetze-im-internet.de/markeng/__8.html"" target=""_blank"" rel=""noopener"" class=""lawlink"">§ 8 Abs. 2 Nr. 4</a>), Verfall (<a href=""https://www.gesetze-im-internet.de/markeng/__49.html"" target=""_blank"" rel=""noopener"" class=""lawlink"">§ 49</a>), Üblich gewordene Bezeichnungen (<a href=""https://www.gesetze-im-internet.de/markeng/__8.html"" target=""_blank"" rel=""noopener"" class=""lawlink"">§ 8 Abs. 2 Nr. 3</a>)"	Gesetz
"Was regelt <a href=""https://www.gesetze-im-internet.de/markeng/__50.html"" target=""_blank"" rel=""noopener"" class=""lawlink"">§ 50 MarkenG</a>?"	"Nichtigkeit wegen absoluter Schutzhindernisse<br><br>Die Eintragung einer Marke wird auf Antrag für nichtig erklärt und<br>gelöscht, wenn sie entgegen §§ <a href=""https://www.gesetze-im-internet.de/markeng/__3.html"" target=""_blank"" rel=""noopener"" class=""lawlink"">3</a>, <a href=""https://www.gesetze-im-internet.de/markeng/__7.html"" target=""_blank"" rel=""noopener"" class=""lawlink"">7</a> oder 8 eingetragen worden ist.<br><br>Zugehörige Begriffe: Absolute Schutzhindernisse (<a href=""https://www.gesetze-im-internet.de/markeng/__8.html"" target=""_blank"" rel=""noopener"" class=""lawlink"">§ 8 Abs. 2</a>), Bösgläubige Markenanmeldung (<a href=""https://www.gesetze-im-internet.de/markeng/__8.html"" target=""_blank"" rel=""noopener"" class=""lawlink"">§ 8 Abs. 2 Nr. 14</a>), Nichtigkeit (§§ <a href=""https://www.gesetze-im-internet.de/markeng/__50.html"" target=""_blank"" rel=""noopener"" class=""lawlink"">50</a>, <a href=""https://www.gesetze-im-internet.de/markeng/__51.html"" target=""_blank"" rel=""noopener"" class=""lawlink"">51</a>)"	Gesetz
"Was regelt <a href=""https://www.gesetze-im-internet.de/markeng/__51.html"" target=""_blank"" rel=""noopener"" class=""lawlink"">§ 51 MarkenG</a>?"	"Nichtigkeit wegen des Bestehens älterer Rechte<br><br>Die Eintragung einer Marke wird auf Klage gemäß <a href=""https://www.gesetze-im-internet.de/markeng/__55.html"" target=""_blank"" rel=""noopener"" class=""lawlink"">§ 55</a> oder Antrag<br>gemäß <a href=""https://www.gesetze-im-internet.de/markeng/__53.html"" target=""_blank"" rel=""noopener"" class=""lawlink"">§ 53</a> für nichtig erklärt und gelöscht, wenn ihr ein Recht im<br>Sinne der §§ <a href=""https://www.gesetze-im-internet.de/markeng/__9.html"" target=""_blank"" rel=""noopener"" class=""lawlink"">9</a> bis <a href=""https://www.gesetze-im-internet.de/markeng/__13.html"" target=""_blank"" rel=""noopener"" class=""lawlink"">13</a> mit älterem Zeitrang entgegensteht. Der Antrag<br>auf Erklärung der Nichtigkeit kann auch auf mehrere ältere Rechte<br>desselben Inhabers gestützt werden.<br><br>Zugehörige Begriffe: Ausschluss von Ansprüchen bei Bestandskraft der jüngeren Marke (<a href=""https://www.gesetze-im-internet.de/markeng/__22.html"" target=""_blank"" rel=""noopener"" class=""lawlink"">§ 22</a>), Bekannte Marke als relatives Schutzhindernis (<a href=""https://www.gesetze-im-internet.de/markeng/__9.html"" target=""_blank"" rel=""noopener"" class=""lawlink"">§ 9 Abs. 1 Nr. 3</a>), Nichtigkeit (§§ <a href=""https://www.gesetze-im-internet.de/markeng/__50.html"" target=""_blank"" rel=""noopener"" class=""lawlink"">50</a>, <a href=""https://www.gesetze-im-internet.de/markeng/__51.html"" target=""_blank"" rel=""noopener"" class=""lawlink"">51</a>), Relative Schutzhindernisse (§§ <a href=""https://www.gesetze-im-internet.de/markeng/__9.html"" target=""_blank"" rel=""noopener"" class=""lawlink"">9</a>-<a href=""https://www.gesetze-im-internet.de/markeng/__13.html"" target=""_blank"" rel=""noopener"" class=""lawlink"">13</a>)"	Gesetz
"Was regelt <a href=""https://www.gesetze-im-internet.de/markeng/__52.html"" target=""_blank"" rel=""noopener"" class=""lawlink"">§ 52 MarkenG</a>?"	"Wirkungen des Verfalls und der Nichtigkeit<br><br>Die Wirkungen einer eingetragenen Marke gelten in dem Umfang, in<br>dem die Marke für verfallen erklärt wird, von dem Zeitpunkt der<br>Stellung des Antrags (<a href=""https://www.gesetze-im-internet.de/markeng/__53.html"" target=""_blank"" rel=""noopener"" class=""lawlink"">§ 53</a>) oder der Erhebung der Klage (<a href=""https://www.gesetze-im-internet.de/markeng/__55.html"" target=""_blank"" rel=""noopener"" class=""lawlink"">§ 55</a>) auf<br>Erklärung des Verfalls an als nicht eingetreten. In der Entscheidung<br>kann auf Antrag einer Partei ein früherer Zeitpunkt, zu dem einer der<br>Verfallsgründe eingetreten ist, festgesetzt werden.<br><br>Zugehörige Begriffe: Nichtigkeit (§§ <a href=""https://www.gesetze-im-internet.de/markeng/__50.html"" target=""_blank"" rel=""noopener"" class=""lawlink"">50</a>, <a href=""https://www.gesetze-im-internet.de/markeng/__51.html"" target=""_blank"" rel=""noopener"" class=""lawlink"">51</a>), Verfall (<a href=""https://www.gesetze-im-internet.de/markeng/__49.html"" target=""_blank"" rel=""noopener"" class=""lawlink"">§ 49</a>)"	Gesetz
"Was regelt <a href=""https://www.gesetze-im-internet.de/markeng/__53.html"" target=""_blank"" rel=""noopener"" class=""lawlink"">§ 53 MarkenG</a>?"	"Verfalls- und Nichtigkeitsverfahren vor dem Deutschen Patent- und Markenamt<br><br>Der Antrag auf Erklärung des Verfalls (<a href=""https://www.gesetze-im-internet.de/markeng/__49.html"" target=""_blank"" rel=""noopener"" class=""lawlink"">§ 49</a>) und der Nichtigkeit<br>wegen absoluter Schutzhindernisse (<a href=""https://www.gesetze-im-internet.de/markeng/__50.html"" target=""_blank"" rel=""noopener"" class=""lawlink"">§ 50</a>) und älterer Rechte (<a href=""https://www.gesetze-im-internet.de/markeng/__51.html"" target=""_blank"" rel=""noopener"" class=""lawlink"">§ 51</a>) ist<br>schriftlich beim Deutschen Patent- und Markenamt zu stellen. Die zur<br>Begründung dienenden Tatsachen und Beweismittel sind anzugeben. Für<br>die Sicherheitsleistung gilt <a href=""https://www.gesetze-im-internet.de/markeng/__81.html"" target=""_blank"" rel=""noopener"" class=""lawlink"">§ 81 Absatz 6</a> des Patentgesetzes<br>entsprechend. Der Antrag ist unzulässig, soweit über denselben<br>Streitgegenstand zwischen den Parteien durch unanfechtbaren Beschluss<br>oder rechtskräftiges Urteil entschieden wurde. Dies gilt auch, wenn<br>über denselben Streitgegenstand zwischen den Parteien eine Klage nach<br><a href=""https://www.gesetze-im-internet.de/markeng/__55.html"" target=""_blank"" rel=""noopener"" class=""lawlink"">§ 55</a> rechtshängig ist. <a href=""https://www.gesetze-im-internet.de/markeng/__325.html"" target=""_blank"" rel=""noopener"" class=""lawlink"">§ 325 Absatz 1</a> der Zivilprozessordnung gilt<br>entsprechend. Werden zwisch …<br><br>Zugehörige Begriffe: Ernsthafte Benutzung der Unionsmarke (Art. 18 UMV, <a href=""https://www.gesetze-im-internet.de/markeng/__125b.html"" target=""_blank"" rel=""noopener"" class=""lawlink"">§ 125b Nr. 4</a>, 5), Nichtigkeit (§§ <a href=""https://www.gesetze-im-internet.de/markeng/__50.html"" target=""_blank"" rel=""noopener"" class=""lawlink"">50</a>, <a href=""https://www.gesetze-im-internet.de/markeng/__51.html"" target=""_blank"" rel=""noopener"" class=""lawlink"">51</a>), Verfall (<a href=""https://www.gesetze-im-internet.de/markeng/__49.html"" target=""_blank"" rel=""noopener"" class=""lawlink"">§ 49</a>)"	Gesetz
"Was regelt <a href=""https://www.gesetze-im-internet.de/markeng/__55.html"" target=""_blank"" rel=""noopener"" class=""lawlink"">§ 55 MarkenG</a>?"	"Verfalls- und Nichtigkeitsverfahren vor den ordentlichen Gerichten<br><br>Die Klage auf Erklärung des Verfalls (<a href=""https://www.gesetze-im-internet.de/markeng/__49.html"" target=""_blank"" rel=""noopener"" class=""lawlink"">§ 49</a>) oder der Nichtigkeit<br>wegen Bestehens älterer Rechte (<a href=""https://www.gesetze-im-internet.de/markeng/__51.html"" target=""_blank"" rel=""noopener"" class=""lawlink"">§ 51</a>) ist gegen den als Inhaber der<br>Marke Eingetragenen oder seinen Rechtsnachfolger zu richten. Die Klage<br>ist unzulässig, wenn über denselben Streitgegenstand zwischen den<br>Parteien<br><br>1. bereits gemäß <a href=""https://www.gesetze-im-internet.de/markeng/__53.html"" target=""_blank"" rel=""noopener"" class=""lawlink"">§ 53</a> entschieden wurde,<br><br>2. ein Antrag gemäß <a href=""https://www.gesetze-im-internet.de/markeng/__53.html"" target=""_blank"" rel=""noopener"" class=""lawlink"">§ 53</a> beim Deutschen Patent- und Markenamt gestellt<br> wurde.<br><br><a href=""https://www.gesetze-im-internet.de/markeng/__325.html"" target=""_blank"" rel=""noopener"" class=""lawlink"">§ 325 Absatz 1</a> der Zivilprozessordnung gilt entsprechend.<br><br>Zugehörige Begriffe: Nichtigkeit (§§ <a href=""https://www.gesetze-im-internet.de/markeng/__50.html"" target=""_blank"" rel=""noopener"" class=""lawlink"">50</a>, <a href=""https://www.gesetze-im-internet.de/markeng/__51.html"" target=""_blank"" rel=""noopener"" class=""lawlink"">51</a>), Verfall (<a href=""https://www.gesetze-im-internet.de/markeng/__49.html"" target=""_blank"" rel=""noopener"" class=""lawlink"">§ 49</a>)"	Gesetz
"Was regelt <a href=""https://www.gesetze-im-internet.de/markeng/__66.html"" target=""_blank"" rel=""noopener"" class=""lawlink"">§ 66 MarkenG</a>?"	"Beschwerde<br><br>Gegen die Beschlüsse der Markenstellen und der Markenabteilungen<br>findet unbeschadet der Vorschrift des <a href=""https://www.gesetze-im-internet.de/markeng/__64.html"" target=""_blank"" rel=""noopener"" class=""lawlink"">§ 64</a> die Beschwerde an das<br>Bundespatentgericht statt. Die Beschwerde steht den am Verfahren vor<br>dem Deutschen Patent- und Markenamt Beteiligten zu. Die Beschwerde hat<br>aufschiebende Wirkung.<br><br>Zugehörige Begriffe: Widerspruchsverfahren (§§ <a href=""https://www.gesetze-im-internet.de/markeng/__42.html"" target=""_blank"" rel=""noopener"" class=""lawlink"">42</a>, <a href=""https://www.gesetze-im-internet.de/markeng/__43.html"" target=""_blank"" rel=""noopener"" class=""lawlink"">43</a>)"	Gesetz
"Was regelt <a href=""https://www.gesetze-im-internet.de/markeng/__83.html"" target=""_blank"" rel=""noopener"" class=""lawlink"">§ 83 MarkenG</a>?"	"Zugelassene und zulassungsfreie Rechtsbeschwerde<br><br>Gegen die Beschlüsse der Beschwerdesenate des<br>Bundespatentgerichts, durch die über eine Beschwerde nach <a href=""https://www.gesetze-im-internet.de/markeng/__66.html"" target=""_blank"" rel=""noopener"" class=""lawlink"">§ 66</a><br>entschieden wird, findet die Rechtsbeschwerde an den Bundesgerichtshof<br>statt, wenn der Beschwerdesenat die Rechtsbeschwerde in dem Beschluß<br>zugelassen hat. Die Rechtsbeschwerde hat aufschiebende Wirkung.<br><br>Zugehörige Begriffe: Widerspruchsverfahren (§§ <a href=""https://www.gesetze-im-internet.de/markeng/__42.html"" target=""_blank"" rel=""noopener"" class=""lawlink"">42</a>, <a href=""https://www.gesetze-im-internet.de/markeng/__43.html"" target=""_blank"" rel=""noopener"" class=""lawlink"">43</a>)"	Gesetz
"Was regelt <a href=""https://www.gesetze-im-internet.de/markeng/__97.html"" target=""_blank"" rel=""noopener"" class=""lawlink"">§ 97 MarkenG</a>?"	"Kollektivmarken<br><br>Als Kollektivmarken können alle als Marke schutzfähigen Zeichen im<br>Sinne des <a href=""https://www.gesetze-im-internet.de/markeng/__3.html"" target=""_blank"" rel=""noopener"" class=""lawlink"">§ 3</a> eingetragen werden, die geeignet sind, die Waren oder<br>Dienstleistungen der Mitglieder des Inhabers der Kollektivmarke von<br>denjenigen anderer Unternehmen nach ihrer betrieblichen oder<br>geographischen Herkunft, ihrer Art, ihrer Qualität oder ihren<br>sonstigen Eigenschaften zu unterscheiden. Eine Kollektivmarke muss bei<br>der Anmeldung als solche bezeichnet werden.<br><br>Zugehörige Begriffe: Kollektivmarke und Gewährleistungsmarke (<a href=""https://www.gesetze-im-internet.de/markeng/__97.html"" target=""_blank"" rel=""noopener"" class=""lawlink"">§§ 97</a> ff., 106a ff.)"	Gesetz
"Was regelt <a href=""https://www.gesetze-im-internet.de/markeng/__99.html"" target=""_blank"" rel=""noopener"" class=""lawlink"">§ 99 MarkenG</a>?"	"Eintragbarkeit von geographischen Herkunftsangaben als Kollektivmarken<br><br>Abweichend von <a href=""https://www.gesetze-im-internet.de/markeng/__8.html"" target=""_blank"" rel=""noopener"" class=""lawlink"">§ 8 Abs. 2 Nr. 2</a> können Kollektivmarken ausschließlich<br>aus Zeichen oder Angaben bestehen, die im Verkehr zur Bezeichnung der<br>geographischen Herkunft der Waren oder der Dienstleistungen dienen<br>können.<br><br>Zugehörige Begriffe: Geographische Herkunftsangaben (<a href=""https://www.gesetze-im-internet.de/markeng/__126.html"" target=""_blank"" rel=""noopener"" class=""lawlink"">§§ 126</a> ff.), Kollektivmarke und Gewährleistungsmarke (<a href=""https://www.gesetze-im-internet.de/markeng/__97.html"" target=""_blank"" rel=""noopener"" class=""lawlink"">§§ 97</a> ff., 106a ff.)"	Gesetz
"Was regelt <a href=""https://www.gesetze-im-internet.de/markeng/__102.html"" target=""_blank"" rel=""noopener"" class=""lawlink"">§ 102 MarkenG</a>?"	"Kollektivmarkensatzung<br><br>Der Anmeldung der Kollektivmarke muß eine Kollektivmarkensatzung<br>beigefügt sein.<br><br>Zugehörige Begriffe: Kollektivmarke und Gewährleistungsmarke (<a href=""https://www.gesetze-im-internet.de/markeng/__97.html"" target=""_blank"" rel=""noopener"" class=""lawlink"">§§ 97</a> ff., 106a ff.)"	Gesetz
"Was regelt <a href=""https://www.gesetze-im-internet.de/markeng/__106a.html"" target=""_blank"" rel=""noopener"" class=""lawlink"">§ 106a MarkenG</a>?"	"Gewährleistungsmarken<br><br>Der Inhaber der Gewährleistungsmarke gewährleistet für die Waren<br>und Dienstleistungen, für die sie angemeldet wird, das Vorliegen einer<br>oder mehrerer der folgenden Eigenschaften:<br><br>1. das Material,<br><br>2. die Art und Weise der Herstellung der Waren oder der Erbringung der<br> Dienstleistungen,<br><br>3. die Qualität, die Genauigkeit oder andere Eigenschaften mit Ausnahme<br> der geografischen Herkunft.<br><br>Die Marke muss geeignet sein, Waren und Dienstleistungen, für die die<br>Gewährleistung besteht, von solchen Waren und Dienstleistungen zu<br>unterscheiden, für die keine derartige Gewährleistung besteht. Eine<br>Gewährleistungsmarke muss bei der Anmeldung als solche bezeichnet<br>werden.<br><br>Zugehörige Begriffe: Kollektivmarke und Gewährleistungsmarke (<a href=""https://www.gesetze-im-internet.de/markeng/__97.html"" target=""_blank"" rel=""noopener"" class=""lawlink"">§§ 97</a> ff., 106a ff.)"	Gesetz
"Was regelt <a href=""https://www.gesetze-im-internet.de/markeng/__112.html"" target=""_blank"" rel=""noopener"" class=""lawlink"">§ 112 MarkenG</a>?"	Wirkung der internationalen Registrierung<br><br>Die internationale Registrierung einer Marke, deren Schutz nach<br>Artikel<br>3ter des Madrider Markenabkommens auf das Gebiet der Bundesrepublik<br>Deutschland erstreckt worden ist, hat dieselbe Wirkung, wie wenn die<br>Marke am Tag der internationalen Registrierung nach Artikel 3 Abs. 4<br>des Madrider Markenabkommens oder am Tag der Eintragung der<br>nachträglichen Schutzerstreckung nach Artikel<br>3ter Abs. 2 des Madrider Markenabkommens zur Eintragung in das vom<br>Deutschen Patent- und Markenamt geführte Register angemeldet und<br>eingetragen worden wäre.<br><br>Zugehörige Begriffe: International registrierte Marke (IR-Marke, Madrider System)	Gesetz
"Was regelt <a href=""https://www.gesetze-im-internet.de/markeng/__113.html"" target=""_blank"" rel=""noopener"" class=""lawlink"">§ 113 MarkenG</a>?"	"Prüfung auf absolute Schutzhindernisse<br><br>International registrierte Marken werden in gleicher Weise wie zur<br>Eintragung in das Register angemeldete Marken nach <a href=""https://www.gesetze-im-internet.de/markeng/__37.html"" target=""_blank"" rel=""noopener"" class=""lawlink"">§ 37</a> auf absolute<br>Schutzhindernisse geprüft. <a href=""https://www.gesetze-im-internet.de/markeng/__37.html"" target=""_blank"" rel=""noopener"" class=""lawlink"">§ 37 Abs. 2</a> ist nicht anzuwenden.<br><br>Zugehörige Begriffe: Schutzverweigerung und Widerspruch gegen IR-Marken (§§ <a href=""https://www.gesetze-im-internet.de/markeng/__113.html"" target=""_blank"" rel=""noopener"" class=""lawlink"">113</a>-<a href=""https://www.gesetze-im-internet.de/markeng/__115.html"" target=""_blank"" rel=""noopener"" class=""lawlink"">115</a>)"	Gesetz
"Was regelt <a href=""https://www.gesetze-im-internet.de/markeng/__114.html"" target=""_blank"" rel=""noopener"" class=""lawlink"">§ 114 MarkenG</a>?"	"Widerspruch gegen eine international registrierte Marke<br><br>An die Stelle der Veröffentlichung der Eintragung (<a href=""https://www.gesetze-im-internet.de/markeng/__41.html"" target=""_blank"" rel=""noopener"" class=""lawlink"">§ 41 Absatz 2</a>)<br>tritt für international registrierte Marken die Veröffentlichung in<br>dem vom Internationalen Büro der Weltorganisation für geistiges<br>Eigentum herausgegebenen Veröffentlichungsblatt.<br><br>Zugehörige Begriffe: Schutzverweigerung und Widerspruch gegen IR-Marken (§§ <a href=""https://www.gesetze-im-internet.de/markeng/__113.html"" target=""_blank"" rel=""noopener"" class=""lawlink"">113</a>-<a href=""https://www.gesetze-im-internet.de/markeng/__115.html"" target=""_blank"" rel=""noopener"" class=""lawlink"">115</a>)"	Gesetz
"Was regelt <a href=""https://www.gesetze-im-internet.de/markeng/__115.html"" target=""_blank"" rel=""noopener"" class=""lawlink"">§ 115 MarkenG</a>?"	"Schutzentziehung<br><br>An die Stelle des Antrags auf Erklärung des Verfalls einer Marke<br>(<a href=""https://www.gesetze-im-internet.de/markeng/__49.html"" target=""_blank"" rel=""noopener"" class=""lawlink"">§ 49</a>) oder der Nichtigkeit wegen absoluter Schutzhindernisse (<a href=""https://www.gesetze-im-internet.de/markeng/__50.html"" target=""_blank"" rel=""noopener"" class=""lawlink"">§ 50</a>)<br>oder älterer Rechte (<a href=""https://www.gesetze-im-internet.de/markeng/__51.html"" target=""_blank"" rel=""noopener"" class=""lawlink"">§ 51</a>) tritt für international registrierte Marken<br>der Antrag auf Schutzentziehung.<br><br>Zugehörige Begriffe: Benutzungsschonfrist und Einreden bei IR-Marken (<a href=""https://www.gesetze-im-internet.de/markeng/__115.html"" target=""_blank"" rel=""noopener"" class=""lawlink"">§§ 115 Abs. 2</a>, 116, 117), Schutzverweigerung und Widerspruch gegen IR-Marken (§§ <a href=""https://www.gesetze-im-internet.de/markeng/__113.html"" target=""_blank"" rel=""noopener"" class=""lawlink"">113</a>-<a href=""https://www.gesetze-im-internet.de/markeng/__115.html"" target=""_blank"" rel=""noopener"" class=""lawlink"">115</a>)"	Gesetz
"Was regelt <a href=""https://www.gesetze-im-internet.de/markeng/__116.html"" target=""_blank"" rel=""noopener"" class=""lawlink"">§ 116 MarkenG</a>?"	"Widerspruch aufgrund einer international registrierten Marke und Antrag auf Erklärung der Nichtigkeit aufgrund einer international registrierten Marke<br><br>Wird aufgrund einer international registrierten Marke Widerspruch<br>gegen die Eintragung einer Marke erhoben, so ist <a href=""https://www.gesetze-im-internet.de/markeng/__43.html"" target=""_blank"" rel=""noopener"" class=""lawlink"">§ 43 Absatz 1</a> mit der<br>Maßgabe anzuwenden, dass an die Stelle des Zeitpunkts, ab dem kein<br>Widerspruch mehr gegen die Marke möglich war, einer der in <a href=""https://www.gesetze-im-internet.de/markeng/__115.html"" target=""_blank"" rel=""noopener"" class=""lawlink"">§ 115<br>Absatz 2</a> bezeichneten Tage tritt.<br><br>Zugehörige Begriffe: Benutzungsschonfrist und Einreden bei IR-Marken (<a href=""https://www.gesetze-im-internet.de/markeng/__115.html"" target=""_blank"" rel=""noopener"" class=""lawlink"">§§ 115 Abs. 2</a>, 116, 117), International registrierte Marke (IR-Marke, Madrider System)"	Gesetz
"Was regelt <a href=""https://www.gesetze-im-internet.de/markeng/__117.html"" target=""_blank"" rel=""noopener"" class=""lawlink"">§ 117 MarkenG</a>?"	"Ausschluß von Ansprüchen wegen mangelnder Benutzung<br><br>Werden Ansprüche im Sinne der §§ <a href=""https://www.gesetze-im-internet.de/markeng/__14.html"" target=""_blank"" rel=""noopener"" class=""lawlink"">14</a> und <a href=""https://www.gesetze-im-internet.de/markeng/__18.html"" target=""_blank"" rel=""noopener"" class=""lawlink"">18</a> bis <a href=""https://www.gesetze-im-internet.de/markeng/__19c.html"" target=""_blank"" rel=""noopener"" class=""lawlink"">19c</a> wegen der<br>Verletzung einer international registrierten Marke geltend gemacht, so<br>ist <a href=""https://www.gesetze-im-internet.de/markeng/__25.html"" target=""_blank"" rel=""noopener"" class=""lawlink"">§ 25</a> mit der Maßgabe anzuwenden, daß an die Stelle des Zeitpunkts,<br>ab dem kein Widerspruch mehr gegen die Marke möglich war, einer der in<br><a href=""https://www.gesetze-im-internet.de/markeng/__115.html"" target=""_blank"" rel=""noopener"" class=""lawlink"">§ 115 Absatz 2</a> bezeichneten Tage tritt.<br><br>Zugehörige Begriffe: Benutzungsschonfrist und Einreden bei IR-Marken (<a href=""https://www.gesetze-im-internet.de/markeng/__115.html"" target=""_blank"" rel=""noopener"" class=""lawlink"">§§ 115 Abs. 2</a>, 116, 117)"	Gesetz
"Was regelt <a href=""https://www.gesetze-im-internet.de/markeng/__119.html"" target=""_blank"" rel=""noopener"" class=""lawlink"">§ 119 MarkenG</a>?"	Anwendung der Vorschriften dieses Gesetzes; Sprachen<br><br>Die Vorschriften dieses Gesetzes sind auf internationale<br>Registrierungen von Marken nach dem Madrider Protokoll vom 27. Juni<br>1989 zum Madrider Abkommen über die internationale Registrierung von<br>Marken (Protokoll zum Madrider Markenabkommen), die durch Vermittlung<br>des Deutschen Patent- und Markenamts vorgenommen werden oder deren<br>Schutz sich auf das Gebiet der Bundesrepublik Deutschland erstreckt,<br>entsprechend anzuwenden, soweit in diesem Abschnitt oder im Protokoll<br>zum Madrider Markenabkommen nichts anderes bestimmt ist.<br><br>Zugehörige Begriffe: International registrierte Marke (IR-Marke, Madrider System)	Gesetz
"Was regelt <a href=""https://www.gesetze-im-internet.de/markeng/__124.html"" target=""_blank"" rel=""noopener"" class=""lawlink"">§ 124 MarkenG</a>?"	"Entsprechende Anwendung der Vorschriften über die Wirkung der nach dem Madrider Markenabkommen international registrierten Marken<br><br>Die §§ <a href=""https://www.gesetze-im-internet.de/markeng/__112.html"" target=""_blank"" rel=""noopener"" class=""lawlink"">112</a> bis <a href=""https://www.gesetze-im-internet.de/markeng/__117.html"" target=""_blank"" rel=""noopener"" class=""lawlink"">117</a> sind auf international registrierte Marken, deren<br>Schutz nach Artikel<br>3ter des Protokolls zum Madrider Markenabkommen auf das Gebiet der<br>Bundesrepublik Deutschland erstreckt worden ist, entsprechend<br>anzuwenden mit der Maßgabe, daß an die Stelle der in den §§ <a href=""https://www.gesetze-im-internet.de/markeng/__112.html"" target=""_blank"" rel=""noopener"" class=""lawlink"">112</a> bis<br><a href=""https://www.gesetze-im-internet.de/markeng/__117.html"" target=""_blank"" rel=""noopener"" class=""lawlink"">117</a> aufgeführten Vorschriften des Madrider Markenabkommens die<br>entsprechenden Vorschriften des Protokolls zum Madrider Markenabkommen<br>treten.<br><br>Zugehörige Begriffe: Benutzungsschonfrist und Einreden bei IR-Marken (<a href=""https://www.gesetze-im-internet.de/markeng/__115.html"" target=""_blank"" rel=""noopener"" class=""lawlink"">§§ 115 Abs. 2</a>, 116, 117), International registrierte Marke (IR-Marke, Madrider System), Schutzverweigerung und Widerspruch gegen IR-Marken (§§ <a href=""https://www.gesetze-im-internet.de/markeng/__113.html"" target=""_blank"" rel=""noopener"" class=""lawlink"">113</a>-<a href=""https://www.gesetze-im-internet.de/markeng/__115.html"" target=""_blank"" rel=""noopener"" class=""lawlink"">115</a>)"	Gesetz
"Was regelt <a href=""https://www.gesetze-im-internet.de/markeng/__125.html"" target=""_blank"" rel=""noopener"" class=""lawlink"">§ 125 MarkenG</a>?"	"Umwandlung einer internationalen Registrierung<br><br>Wird beim Deutschen Patent- und Markenamt ein Antrag nach Artikel<br>9quinquies des Protokolls zum Madrider Markenabkommen auf Umwandlung<br>einer im internationalen Register gemäß Artikel 6 Abs. 4 des<br>Protokolls zum Madrider Markenabkommen gelöschten Marke gestellt und<br>geht der Antrag mit den erforderlichen Angaben dem Deutschen Patent-<br>und Markenamt vor Ablauf einer Frist von drei Monaten nach dem Tag der<br>Löschung der Marke im internationalen Register zu, so ist der Tag der<br>internationalen Registrierung dieser Marke nach Artikel 3 Abs. 4 des<br>Protokolls zum Madrider Markenabkommen oder der Tag der Eintragung der<br>Schutzerstreckung nach Artikel<br>3ter Abs. 2 des Protokolls zum Madrider Markenabkommen …<br><br>Zugehörige Begriffe: International registrierte Marke (IR-Marke, Madrider System), Seniorität und Umwandlung (Art. 39, 40, 139 ff. UMV; §§ <a href=""https://www.gesetze-im-internet.de/markeng/__125c.html"" target=""_blank"" rel=""noopener"" class=""lawlink"">125c</a>, <a href=""https://www.gesetze-im-internet.de/markeng/__125d.html"" target=""_blank"" rel=""noopener"" class=""lawlink"">125d</a>)"	Gesetz
"Was regelt <a href=""https://www.gesetze-im-internet.de/markeng/__125b.html"" target=""_blank"" rel=""noopener"" class=""lawlink"">§ 125b MarkenG</a>?"	"Anwendung der Vorschriften dieses Gesetzes<br><br>Die Vorschriften dieses Gesetzes sind auf Marken, die nach der<br>Verordnung (EG) Nr. 207/2009 des Rates vom 26. Februar 2009 über die<br>Unionsmarke (ABl. L 78 vom 24.3.2009, S. 1), die durch die Verordnung<br>(EU) 2015/2424 (ABl. L 341 vom 24.12.2015, S. 21; L 71 vom 16.3.2016,<br>S. 322; L 110 vom 26.4.2016, S. 4) geändert worden ist<br>(Unionsmarkenverordnung), angemeldet oder eingetragen worden sind, in<br>den Fällen der Nummern 1 und 2 unmittelbar und in den Fällen der<br>Nummern 3 bis 6 entsprechend wie folgt anzuwenden:<br><br>1. für die Anwendung des <a href=""https://www.gesetze-im-internet.de/markeng/__9.html"" target=""_blank"" rel=""noopener"" class=""lawlink"">§ 9</a> (relative Schutzhindernisse) sind<br> angemeldete oder eingetragene Unionsmarken mit älterem Zeitrang den<br> nach diesem Gesetz angemeldeten oder eingetragenen Ma …<br><br>Zugehörige Begriffe: Bekannte Marke als relatives Schutzhindernis (<a href=""https://www.gesetze-im-internet.de/markeng/__9.html"" target=""_blank"" rel=""noopener"" class=""lawlink"">§ 9 Abs. 1 Nr. 3</a>), Bekanntheit in der Union (<a href=""https://www.gesetze-im-internet.de/markeng/__125b.html"" target=""_blank"" rel=""noopener"" class=""lawlink"">§ 125b Nr. 1</a>, Art. 9 Abs. 2 lit. c UMV), Ernsthafte Benutzung der Unionsmarke (Art. 18 UMV, <a href=""https://www.gesetze-im-internet.de/markeng/__125b.html"" target=""_blank"" rel=""noopener"" class=""lawlink"">§ 125b Nr. 4</a>, 5), Unionsmarke (UMV) und Koexistenz"	Gesetz
"Was regelt <a href=""https://www.gesetze-im-internet.de/markeng/__125c.html"" target=""_blank"" rel=""noopener"" class=""lawlink"">§ 125c MarkenG</a>?"	"Nachträgliche Feststellung der Ungültigkeit einer Marke<br><br>Ist für eine angemeldete oder eingetragene Unionsmarke der<br>Zeitrang einer im Register des Deutschen Patent- und Markenamts<br>eingetragenen Marke nach Artikel 39 oder Artikel 40 der<br>Unionsmarkenverordnung in Anspruch genommen worden und ist die im<br>Register des Deutschen Patent- und Markenamts eingetragene Marke wegen<br>Nichtverlängerung der Schutzdauer nach <a href=""https://www.gesetze-im-internet.de/markeng/__47.html"" target=""_blank"" rel=""noopener"" class=""lawlink"">§ 47 Absatz 6</a> oder wegen<br>Verzichts nach <a href=""https://www.gesetze-im-internet.de/markeng/__48.html"" target=""_blank"" rel=""noopener"" class=""lawlink"">§ 48 Absatz 1</a> gelöscht worden, so kann auf Antrag<br>nachträglich die Ungültigkeit dieser Marke wegen Verfalls oder wegen<br>Nichtigkeit festgestellt werden. In diesem Fall entfaltet der Zeitrang<br>keine Wirkung.<br><br>Zugehörige Begriffe: Seniorität und Umwandlung (Art. 39, 40, 139 ff. UMV; §§ <a href=""https://www.gesetze-im-internet.de/markeng/__125c.html"" target=""_blank"" rel=""noopener"" class=""lawlink"">125c</a>, <a href=""https://www.gesetze-im-internet.de/markeng/__125d.html"" target=""_blank"" rel=""noopener"" class=""lawlink"">125d</a>), Unionsmarke (UMV) und Koexistenz"	Gesetz
"Was regelt <a href=""https://www.gesetze-im-internet.de/markeng/__125d.html"" target=""_blank"" rel=""noopener"" class=""lawlink"">§ 125d MarkenG</a>?"	"Umwandlung von Unionsmarken<br><br>Ist dem Deutschen Patent- und Markenamt ein Antrag auf Umwandlung<br>einer angemeldeten oder eingetragenen Unionsmarke nach Artikel 139<br>Absatz 3 der Unionsmarkenverordnung übermittelt worden, so sind die<br>Gebühr und die Klassengebühren nach dem Patentkostengesetz für das<br>Umwandlungsverfahren mit Zugang des Umwandlungsantrages beim Deutschen<br>Patent- und Markenamt fällig.<br><br>Zugehörige Begriffe: Seniorität und Umwandlung (Art. 39, 40, 139 ff. UMV; §§ <a href=""https://www.gesetze-im-internet.de/markeng/__125c.html"" target=""_blank"" rel=""noopener"" class=""lawlink"">125c</a>, <a href=""https://www.gesetze-im-internet.de/markeng/__125d.html"" target=""_blank"" rel=""noopener"" class=""lawlink"">125d</a>), Unionsmarke (UMV) und Koexistenz"	Gesetz
"Was regelt <a href=""https://www.gesetze-im-internet.de/markeng/__125e.html"" target=""_blank"" rel=""noopener"" class=""lawlink"">§ 125e MarkenG</a>?"	"Unionsmarkenstreitsachen; Unionsmarkengerichte<br><br>Für alle Klagen, für die nach der Unionsmarkenverordnung die<br>Unionsmarkengerichte im Sinne des Artikels 123 Absatz 1 der<br>Unionsmarkenverordnung zuständig sind (Unionsmarkenstreitsachen), sind<br>als Unionsmarkengerichte im ersten Rechtszug die Landgerichte ohne<br>Rücksicht auf den Streitwert ausschließlich zuständig.<br><br>Zugehörige Begriffe: Unionsmarke (UMV) und Koexistenz, Unionsmarkengerichte und Verfahren (<a href=""https://www.gesetze-im-internet.de/markeng/__125e.html"" target=""_blank"" rel=""noopener"" class=""lawlink"">§ 125e</a>, Art. 123 ff. UMV)"	Gesetz
"Was regelt <a href=""https://www.gesetze-im-internet.de/markeng/__125g.html"" target=""_blank"" rel=""noopener"" class=""lawlink"">§ 125g MarkenG</a>?"	"Örtliche Zuständigkeit der Unionsmarkengerichte<br><br>Sind nach Artikel 125 der Unionsmarkenverordnung deutsche<br>Unionsmarkengerichte international zuständig, so gelten für die<br>örtliche Zuständigkeit dieser Gerichte die Vorschriften entsprechend,<br>die anzuwenden wären, wenn es sich um eine beim Deutschen Patent- und<br>Markenamt eingereichte Anmeldung einer Marke oder um eine im Register<br>des Deutschen Patent- und Markenamts eingetragene Marke handelte. Ist<br>eine Zuständigkeit danach nicht begründet, so ist das Gericht örtlich<br>zuständig, bei dem der Kläger seinen allgemeinen Gerichtsstand hat.<br><br>Zugehörige Begriffe: Unionsmarkengerichte und Verfahren (<a href=""https://www.gesetze-im-internet.de/markeng/__125e.html"" target=""_blank"" rel=""noopener"" class=""lawlink"">§ 125e</a>, Art. 123 ff. UMV)"	Gesetz
"Was regelt <a href=""https://www.gesetze-im-internet.de/markeng/__126.html"" target=""_blank"" rel=""noopener"" class=""lawlink"">§ 126 MarkenG</a>?"	"Als geographische Herkunftsangaben geschützte Namen, Angaben oder Zeichen<br><br>Geographische Herkunftsangaben im Sinne dieses Gesetzes sind die<br>Namen von Orten, Gegenden, Gebieten oder Ländern sowie sonstige<br>Angaben oder Zeichen, die im geschäftlichen Verkehr zur Kennzeichnung<br>der geographischen Herkunft von Waren oder Dienstleistungen benutzt<br>werden.<br><br>Zugehörige Begriffe: Geographische Herkunftsangaben (<a href=""https://www.gesetze-im-internet.de/markeng/__126.html"" target=""_blank"" rel=""noopener"" class=""lawlink"">§§ 126</a> ff.), Verhältnis MarkenG – UWG – <a href=""https://www.gesetze-im-internet.de/bgb/__12.html"" target=""_blank"" rel=""noopener"" class=""lawlink"">§ 12 BGB</a>"	Gesetz
"Was regelt <a href=""https://www.gesetze-im-internet.de/markeng/__127.html"" target=""_blank"" rel=""noopener"" class=""lawlink"">§ 127 MarkenG</a>?"	"Schutzinhalt<br><br>Geographische Herkunftsangaben dürfen im geschäftlichen Verkehr<br>nicht für Waren oder Dienstleistungen benutzt werden, die nicht aus<br>dem Ort, der Gegend, dem Gebiet oder dem Land stammen, das durch die<br>geographische Herkunftsangabe bezeichnet wird, wenn bei der Benutzung<br>solcher Namen, Angaben oder Zeichen für Waren oder Dienstleistungen<br>anderer Herkunft eine Gefahr der Irreführung über die geographische<br>Herkunft besteht.<br><br>Zugehörige Begriffe: Geographische Herkunftsangaben (<a href=""https://www.gesetze-im-internet.de/markeng/__126.html"" target=""_blank"" rel=""noopener"" class=""lawlink"">§§ 126</a> ff.)"	Gesetz
"Was regelt <a href=""https://www.gesetze-im-internet.de/markeng/__128.html"" target=""_blank"" rel=""noopener"" class=""lawlink"">§ 128 MarkenG</a>?"	"Ansprüche wegen Verletzung<br><br>Wer im geschäftlichen Verkehr Namen, Angaben oder Zeichen entgegen<br><a href=""https://www.gesetze-im-internet.de/markeng/__127.html"" target=""_blank"" rel=""noopener"" class=""lawlink"">§ 127</a> benutzt, kann von den nach <a href=""https://www.gesetze-im-internet.de/markeng/__8.html"" target=""_blank"" rel=""noopener"" class=""lawlink"">§ 8 Abs. 3</a> des Gesetzes gegen den<br>unlauteren Wettbewerb zur Geltendmachung von Ansprüchen Berechtigten<br>bei Wiederholungsgefahr auf Unterlassung in Anspruch genommen werden.<br>Der Anspruch besteht auch dann, wenn eine Zuwiderhandlung droht. Die<br>§§ <a href=""https://www.gesetze-im-internet.de/markeng/__18.html"" target=""_blank"" rel=""noopener"" class=""lawlink"">18</a>, <a href=""https://www.gesetze-im-internet.de/markeng/__19.html"" target=""_blank"" rel=""noopener"" class=""lawlink"">19</a>, <a href=""https://www.gesetze-im-internet.de/markeng/__19a.html"" target=""_blank"" rel=""noopener"" class=""lawlink"">19a</a> und <a href=""https://www.gesetze-im-internet.de/markeng/__19c.html"" target=""_blank"" rel=""noopener"" class=""lawlink"">19c</a> gelten entsprechend.<br><br>Zugehörige Begriffe: Geographische Herkunftsangaben (<a href=""https://www.gesetze-im-internet.de/markeng/__126.html"" target=""_blank"" rel=""noopener"" class=""lawlink"">§§ 126</a> ff.)"	Gesetz
"Was regelt <a href=""https://www.gesetze-im-internet.de/markeng/__140.html"" target=""_blank"" rel=""noopener"" class=""lawlink"">§ 140 MarkenG</a>?"	"Kennzeichenstreitsachen<br><br>Für alle Klagen, durch die ein Anspruch aus einem der in diesem<br>Gesetz geregelten Rechtsverhältnisse geltend gemacht wird<br>(Kennzeichenstreitsachen), sind die Landgerichte ohne Rücksicht auf<br>den Streitwert ausschließlich zuständig.<br><br>Zugehörige Begriffe: Unionsmarkengerichte und Verfahren (<a href=""https://www.gesetze-im-internet.de/markeng/__125e.html"" target=""_blank"" rel=""noopener"" class=""lawlink"">§ 125e</a>, Art. 123 ff. UMV), Unterlassungsanspruch (<a href=""https://www.gesetze-im-internet.de/markeng/__14.html"" target=""_blank"" rel=""noopener"" class=""lawlink"">§ 14 Abs. 5</a>)"	Gesetz
